desc: I1 cache:         32768 B, 64 B, 8-way associative
desc: D1 cache:         49152 B, 64 B, 12-way associative
desc: LL cache:         18874368 B, 64 B, 18-way associative
cmd: ./bin/test
events: Ir I1mr ILmr Dr D1mr DLmr Dw D1mw DLmw Bc Bcm Bi Bim
fl=./csu/../csu/libc-start.c
fn=__libc_start_main@@GLIBC_2.34
128 2 1 1 2 0 0 0 0 0 0 0 0 0
134 3 0 0 1 1 0 0 0 0 1 0 0 0
135 7 0 0 3 0 0 2 0 0 0 0 1 1
138 1 0 0 1 0 0 0 0 0 0 0 0 0
139 2 1 1 0 0 0 0 0 0 1 0 0 0
142 3 0 0 2 1 0 0 0 0 0 0 0 0
143 2 0 0 2 0 0 0 0 0 0 0 0 0
144 11 0 0 1 0 0 1 0 0 2 0 0 0
145 4 1 1 1 0 0 2 0 0 0 0 1 1
242 13 1 1 0 0 0 7 0 0 0 0 0 0
311 3 0 0 0 0 0 0 0 0 1 0 0 0
312 3 0 0 0 0 0 1 0 0 0 0 0 0
337 6 1 1 2 0 0 1 0 0 1 1 0 0
340 2 0 0 0 0 0 0 0 0 1 1 0 0
343 2 0 0 2 0 0 0 0 0 0 0 0 0
350 2 0 0 1 0 0 1 0 0 0 0 0 0
352 2 0 0 0 0 0 0 0 0 1 1 0 0
360 4 0 0 1 0 0 1 0 0 0 0 0 0
fl=./csu/../sysdeps/nptl/libc_start_call_main.h
fn=(below main)
29 9 1 1 1 0 0 5 0 0 0 0 0 0
44 3 1 1 0 0 0 1 0 0 0 0 0 0
46 2 0 0 0 0 0 0 0 0 1 0 0 0
51 2 0 0 1 1 0 1 0 0 0 0 0 0
52 2 0 0 1 1 0 1 0 0 0 0 0 0
55 2 0 0 0 0 0 1 0 0 0 0 0 0
58 6 1 1 5 0 0 1 0 0 0 0 1 1
74 2 0 0 0 0 0 1 0 0 0 0 0 0
fl=./csu/./csu/init-first.c
fn=_init_first
46 6 1 1 0 0 0 2 0 0 0 0 0 0
51 2 0 0 1 0 0 0 0 0 1 0 0 0
55 5 1 1 4 1 1 0 0 0 1 0 0 0
61 1 0 0 0 0 0 1 1 0 0 0 0 0
62 1 0 0 0 0 0 1 0 0 0 0 0 0
63 2 0 0 1 0 0 1 1 1 0 0 0 0
71 2 0 0 0 0 0 0 0 0 0 0 0 0
72 3 0 0 2 0 0 0 0 0 0 0 0 0
fl=./ctype/./ctype/ctype-info.c
fn=__ctype_init
29 1 1 1 0 0 0 0 0 0 0 0 0 0
31 7 1 1 5 2 0 1 0 0 0 0 0 0
33 4 0 0 2 0 0 1 0 0 0 0 0 0
35 4 0 0 2 0 0 1 0 0 0 0 0 0
36 1 0 0 1 0 0 0 0 0 0 0 0 0
fl=./debug/../libio/libioP.h
fn=__fread_chk
979 2 0 0 1 0 0 0 0 0 1 0 0 0
980 9 0 0 3 0 0 2 0 0 2 0 0 0
fl=./debug/../sysdeps/x86_64/multiarch/ifunc-memmove.h
fn=__memcpy_chk
56 2 0 0 0 0 0 0 0 0 1 0 0 0
57 3 1 1 2 0 0 0 0 0 0 0 0 0
60 3 0 0 1 0 0 0 0 0 0 0 0 0
61 2 1 1 0 0 0 0 0 0 1 1 0 0
74 2 0 0 0 0 0 0 0 0 1 0 0 0
77 2 0 0 0 0 0 0 0 0 1 0 0 0
85 2 0 0 0 0 0 0 0 0 1 1 0 0
93 2 1 1 0 0 0 0 0 0 1 1 0 0
96 5 2 2 1 0 0 0 0 0 0 0 0 0
fn=__memmove_chk
56 2 0 0 0 0 0 0 0 0 1 0 0 0
57 3 0 0 2 0 0 0 0 0 0 0 0 0
60 3 0 0 1 0 0 0 0 0 0 0 0 0
61 2 1 1 0 0 0 0 0 0 1 1 0 0
74 2 0 0 0 0 0 0 0 0 1 0 0 0
77 2 1 1 0 0 0 0 0 0 1 0 0 0
85 2 0 0 0 0 0 0 0 0 1 1 0 0
93 2 0 0 0 0 0 0 0 0 1 1 0 0
96 5 0 0 1 0 0 0 0 0 0 0 0 0
fn=__mempcpy_chk
56 2 0 0 0 0 0 0 0 0 1 0 0 0
57 3 1 1 2 0 0 0 0 0 0 0 0 0
60 3 0 0 1 0 0 0 0 0 0 0 0 0
61 2 1 1 0 0 0 0 0 0 1 1 0 0
74 2 0 0 0 0 0 0 0 0 1 0 0 0
77 2 0 0 0 0 0 0 0 0 1 0 0 0
85 2 0 0 0 0 0 0 0 0 1 1 0 0
93 2 1 1 0 0 0 0 0 0 1 1 0 0
96 5 2 2 1 0 0 0 0 0 0 0 0 0
fl=./debug/../sysdeps/x86_64/multiarch/ifunc-memset.h
fn=__memset_chk
54 5 0 0 2 0 0 0 0 0 1 0 0 0
57 3 0 0 1 0 0 0 0 0 0 0 0 0
58 2 1 1 0 0 0 0 0 0 1 1 0 0
64 2 1 1 0 0 0 0 0 0 0 0 0 0
73 2 0 0 0 0 0 0 0 0 1 0 0 0
75 2 0 0 0 0 0 0 0 0 1 0 0 0
85 2 0 0 0 0 0 0 0 0 1 0 0 0
93 2 0 0 0 0 0 0 0 0 1 0 0 0
96 5 0 0 1 0 0 0 0 0 0 0 0 0
fl=./debug/../sysdeps/x86_64/multiarch/memcpy_chk.c
fn=__memcpy_chk
29 1 1 1 0 0 0 0 0 0 0 0 0 0
fl=./debug/../sysdeps/x86_64/multiarch/memmove_chk.c
fn=__memmove_chk
29 1 0 0 0 0 0 0 0 0 0 0 0 0
fl=./debug/../sysdeps/x86_64/multiarch/mempcpy_chk.c
fn=__mempcpy_chk
29 1 1 1 0 0 0 0 0 0 0 0 0 0
fl=./debug/../sysdeps/x86_64/multiarch/memset_chk.c
fn=__memset_chk
29 1 0 0 0 0 0 0 0 0 0 0 0 0
fl=./debug/./debug/fread_chk.c
fn=__fread_chk
33 15 1 1 0 0 0 6 0 0 0 0 0 0
35 4 1 1 0 0 0 0 0 0 0 0 0 0
38 4 0 0 0 0 0 0 0 0 1 0 0 0
42 2 0 0 0 0 0 0 0 0 1 0 0 0
46 2 0 0 0 0 0 0 0 0 1 0 0 0
50 14 1 1 6 0 0 3 0 0 2 0 0 0
51 5 1 1 0 0 0 1 0 0 0 0 0 0
53 3 1 1 0 0 0 0 0 0 1 1 0 0
54 8 0 0 7 0 0 0 0 0 0 0 0 0
fl=./elf/../bits/stdlib-bsearch.h
fn=intel_check_word.constprop.0
27 96 0 0 0 0 0 0 0 0 0 0 0 0
28 48 0 0 0 0 0 0 0 0 0 0 0 0
29 744 0 0 0 0 0 0 0 0 372 38 0 0
31 648 0 0 0 0 0 0 0 0 0 0 0 0
32 348 0 0 0 0 0 0 0 0 0 0 0 0
35 264 0 0 0 0 0 0 0 0 0 0 0 0
37 120 1 1 0 0 0 0 0 0 0 0 0 0
fl=./elf/../elf/dl-tls.c
fn=_dl_add_to_slotinfo
1017 9 1 1 0 0 0 5 0 0 0 0 0 0
1023 1 0 0 1 0 0 0 0 0 0 0 0 0
1026 1 0 0 1 0 0 0 0 0 0 0 0 0
1027 1 0 0 0 0 0 0 0 0 0 0 0 0
1031 3 1 1 1 0 0 0 0 0 1 0 0 0
1065 2 0 0 0 0 0 0 0 0 1 1 0 0
1068 2 0 0 0 0 0 1 0 0 0 0 0 0
1069 3 0 0 1 0 0 1 0 0 0 0 0 0
1072 6 1 1 6 0 0 0 0 0 0 0 0 0
fn=_dl_allocate_tls_init
523 11 1 1 0 0 0 8 0 0 0 0 0 0
524 2 0 0 0 0 0 0 0 0 1 0 0 0
528 2 0 0 1 1 0 1 0 0 0 0 0 0
531 1 0 0 0 0 0 0 0 0 0 0 0 0
534 2 1 1 1 1 0 1 0 0 0 0 1 1
537 3 0 0 2 1 0 0 0 0 1 0 0 0
549 1 0 0 1 0 0 0 0 0 0 0 0 0
554 17 1 1 2 0 0 1 0 0 2 0 0 0
560 5 1 1 0 0 0 0 0 0 2 1 0 0
563 3 0 0 1 0 0 0 0 0 0 0 0 0
564 2 0 0 0 0 0 0 0 0 1 0 0 0
570 3 1 1 2 0 0 0 0 0 1 0 0 0
571 2 0 0 0 0 0 0 0 0 0 0 0 0
573 10 0 0 3 1 0 1 0 0 0 0 0 0
576 2 0 0 0 0 0 0 0 0 1 0 0 0
577 2 0 0 1 0 0 0 0 0 0 0 0 0
580 2 1 1 0 0 0 0 0 0 1 0 0 0
581 4 0 0 2 0 0 0 0 0 1 0 0 0
583 2 0 0 0 0 0 0 0 0 1 0 0 0
584 2 0 0 1 0 0 0 0 0 0 0 0 0
593 1 0 0 0 0 0 1 0 0 0 0 0 0
601 2 0 0 1 0 0 0 0 0 1 1 0 0
603 10 0 0 2 0 0 3 0 0 0 0 0 0
609 1 0 0 1 0 0 0 0 0 0 0 0 0
615 2 0 0 1 0 0 1 0 0 0 0 1 1
618 2 0 0 1 0 0 1 0 0 0 0 0 0
621 9 0 0 8 0 0 0 0 0 0 0 0 0
fn=_dl_allocate_tls_storage
365 1 0 0 1 0 0 0 0 0 0 0 0 0
369 1 1 1 0 0 0 0 0 0 0 0 0 0
370 1 0 0 0 0 0 0 0 0 0 0 0 0
371 2 0 0 0 0 0 0 0 0 1 0 0 0
374 1 0 0 0 0 0 1 1 1 0 0 0 0
380 2 0 0 0 0 0 1 0 0 0 0 0 0
417 7 2 2 0 0 0 4 0 0 0 0 0 0
419 1 0 0 1 0 0 0 0 0 0 0 0 0
430 1 0 0 1 0 0 0 0 0 0 0 0 0
431 1 0 0 0 0 0 0 0 0 0 0 0 0
432 2 0 0 0 0 0 0 0 0 1 0 0 0
440 6 0 0 0 0 0 0 0 0 0 0 0 0
441 1 1 1 0 0 0 0 0 0 0 0 0 0
445 305 0 0 0 0 0 297 37 37 296 10 0 0
464 1 0 0 0 0 0 1 1 1 0 0 0 0
470 7 0 0 5 0 0 0 0 0 0 0 0 0
fn=_dl_assign_tls_modid
125 4 1 1 0 0 0 1 0 0 0 0 0 0
128 2 0 0 1 0 0 0 0 0 1 0 0 0
141 1 0 0 1 0 0 0 0 0 0 0 0 0
181 1 0 0 0 0 0 0 0 0 0 0 0 0
183 1 1 1 0 0 0 1 0 0 0 0 0 0
186 1 0 0 0 0 0 1 0 0 0 0 0 0
187 2 0 0 2 0 0 0 0 0 0 0 0 0
fn=_dl_count_modids
192 1 1 1 0 0 0 0 0 0 0 0 0 0
194 2 0 0 1 0 0 0 0 0 1 0 0 0
195 1 0 0 1 0 0 0 0 0 0 0 0 0
210 2 0 0 1 0 0 0 0 0 0 0 0 0
fn=_dl_determine_tlsoffset
216 9 1 1 0 0 0 6 0 0 0 0 0 0
217 1 0 0 0 0 0 0 0 0 0 0 0 0
218 1 0 0 0 0 0 0 0 0 0 0 0 0
219 1 0 0 0 0 0 0 0 0 0 0 0 0
222 4 0 0 1 0 0 1 0 0 1 0 0 0
225 2 0 0 1 0 0 0 0 0 1 0 0 0
259 1 0 0 0 0 0 0 0 0 0 0 0 0
261 11 1 1 3 1 1 0 0 0 2 2 0 0
263 5 1 1 2 0 0 1 0 0 1 0 0 0
265 3 1 1 1 0 0 0 0 0 0 0 0 0
266 2 0 0 1 0 0 0 0 0 0 0 0 0
268 2 0 0 0 0 0 0 0 0 0 0 0 0
270 5 0 0 1 0 0 0 0 0 1 1 0 0
281 1 0 0 0 0 0 1 0 0 0 0 0 0
286 8 0 0 0 0 0 0 0 0 0 0 0 0
288 2 0 0 0 0 0 0 0 0 1 1 0 0
289 1 0 0 0 0 0 0 0 0 0 0 0 0
294 1 0 0 0 0 0 0 0 0 0 0 0 0
301 1 0 0 0 0 0 1 0 0 0 0 0 0
302 7 2 2 1 0 0 0 0 0 0 0 0 0
304 2 0 0 0 0 0 1 0 0 0 0 0 0
354 1 0 0 0 0 0 1 0 0 0 0 0 0
355 8 0 0 7 0 0 0 0 0 0 0 0 0
fn=_dl_tls_static_surplus_init
83 3 0 0 0 0 0 0 0 0 0 0 0 0
97 8 1 1 0 0 0 4 0 0 0 0 0 0
100 6 0 0 1 0 0 1 0 0 0 0 0 0
101 5 0 0 1 0 0 1 0 0 0 0 0 0
102 3 0 0 0 0 0 0 0 0 0 0 0 0
104 4 1 1 0 0 0 0 0 0 1 0 0 0
107 1 0 0 0 0 0 0 0 0 0 0 0 0
109 1 0 0 0 0 0 1 0 0 0 0 0 0
111 3 0 0 0 0 0 1 0 0 0 0 0 0
112 6 0 0 5 0 0 0 0 0 0 0 0 0
fl=./elf/../include/list.h
fn=__tls_init_tp
43 2 1 1 1 0 0 1 0 0 0 0 0 0
44 2 0 0 0 0 0 1 0 0 0 0 0 0
45 1 0 0 0 0 0 1 0 0 0 0 0 0
47 1 0 0 0 0 0 1 0 0 0 0 0 0
fl=./elf/../include/rtld-malloc.h
fn=__minimal_calloc
56 8 0 0 8 0 0 0 0 0 0 0 8 1
fn=_dl_allocate_tls_storage
44 2 0 0 1 0 0 1 0 0 0 0 1 1
56 1 0 0 1 0 0 1 0 0 0 0 1 1
fn=_dl_check_map_versions
44 9 1 1 3 0 0 3 0 0 0 0 3 1
fn=_dl_find_object_init
56 2 0 0 1 0 0 1 0 0 0 0 1 1
fn=_dl_important_hwcaps
56 4 0 0 2 0 0 2 0 0 0 0 2 2
fn=_dl_init_paths
56 5 0 0 3 0 0 3 0 0 0 0 3 3
fn=_dl_map_object_deps
56 6 0 0 3 0 0 3 0 0 0 0 3 2
fn=_dl_new_object
44 9 0 0 3 0 0 3 1 1 0 0 3 1
56 6 1 1 2 0 0 2 0 0 0 0 2 1
fn=fillin_rpath.isra.0
50 2 1 1 2 0 0 1 0 0 0 0 1 1
51 1 0 0 0 0 0 0 0 0 0 0 0 0
56 2 0 0 1 0 0 1 0 0 0 0 1 1
fn=init_tls
44 2 0 0 1 0 0 1 0 0 0 0 1 1
fl=./elf/../include/scratch_buffer.h
fn=_dl_map_object_deps
77 2 0 0 0 0 0 1 1 1 0 0 0 0
78 1 0 0 0 0 0 1 0 0 0 0 0 0
85 3 1 1 1 0 0 0 0 0 1 1 0 0
131 8 1 1 0 0 0 4 0 0 0 0 0 0
fl=./elf/../misc/sbrk.c
fn=sbrk
37 6 1 1 0 0 0 3 0 0 0 0 0 0
40 1 0 0 1 0 0 0 0 0 0 0 0 0
58 2 0 0 0 0 0 0 0 0 1 0 0 0
62 2 0 0 0 0 0 0 0 0 1 1 0 0
78 5 1 1 4 0 0 0 0 0 0 0 0 0
fl=./elf/../nptl/nptl-stack.h
fn=__libc_early_init
61 8 1 1 2 1 0 0 0 0 0 0 0 0
fl=./elf/../sysdeps/generic/_itoa.h
fn=_dl_check_map_versions
76 6 0 0 2 0 0 4 0 0 0 0 0 0
fl=./elf/../sysdeps/generic/dl-cache.h
fn=_dl_load_cache_lookup
125 1 1 1 1 1 1 0 0 0 0 0 0 0
194 1 0 0 1 0 0 0 0 0 0 0 0 0
195 5 0 0 0 0 0 0 0 0 1 1 0 0
fl=./elf/../sysdeps/generic/dl-call_tls_init_tp.h
fn=init_tls
31 8 0 0 0 0 0 2 0 0 1 0 0 0
33 1 0 0 0 0 0 1 0 0 0 0 0 0
fl=./elf/../sysdeps/generic/dl-debug.h
fn=dl_main
29 4 0 0 2 0 0 0 0 0 1 0 0 0
30 1 0 0 0 0 0 1 0 0 0 0 0 0
fl=./elf/../sysdeps/generic/dl-hash.h
fn=__rtld_malloc_init_real
43 1 0 0 0 0 0 0 0 0 0 0 0 0
44 1 0 0 0 0 0 0 0 0 0 0 0 0
45 19 0 0 6 1 1 0 0 0 6 5 0 0
48 18 0 0 0 0 0 0 0 0 0 0 0 0
62 24 0 0 0 0 0 0 0 0 0 0 0 0
67 1 0 0 0 0 0 0 0 0 0 0 0 0
72 1 0 0 0 0 0 1 0 0 0 0 0 0
fl=./elf/../sysdeps/generic/dl-new-hash.h
fn=_dl_lookup_symbol_x
69 113 0 0 0 0 0 0 0 0 0 0 0 0
70 226 0 0 0 0 0 0 0 0 0 0 0 0
74 866 0 0 866 86 86 0 0 0 0 0 0 0
77 1732 0 0 0 0 0 0 0 0 866 84 0 0
80 806 0 0 806 12 12 0 0 0 0 0 0 0
81 1612 0 0 0 0 0 0 0 0 806 59 0 0
87 53 1 1 0 0 0 0 0 0 0 0 0 0
88 53 0 0 0 0 0 0 0 0 0 0 0 0
89 106 0 0 0 0 0 0 0 0 0 0 0 0
90 53 0 0 0 0 0 0 0 0 0 0 0 0
99 753 0 0 0 0 0 0 0 0 0 0 0 0
101 753 0 0 0 0 0 0 0 0 0 0 0 0
102 1506 0 0 0 0 0 0 0 0 0 0 0 0
104 753 1 1 0 0 0 0 0 0 0 0 0 0
105 753 0 0 0 0 0 0 0 0 0 0 0 0
fl=./elf/../sysdeps/generic/dl-protected.h
fn=do_lookup_x
29 424 0 0 0 0 0 0 0 0 106 0 0 0
fl=./elf/../sysdeps/generic/ldsodefs.h
fn=_dl_relocate_object
79 35 1 1 17 0 0 0 0 0 0 0 0 0
140 348 0 0 116 0 0 0 0 0 0 0 0 0
fn=_dl_start
79 6 1 1 3 0 0 0 0 0 0 0 0 0
fn=do_lookup_x
139 212 0 0 106 0 0 0 0 0 0 0 0 0
140 318 0 0 0 0 0 0 0 0 0 0 0 0
fl=./elf/../sysdeps/nptl/dl-mutex.c
fn=__rtld_mutex_init
30 7 1 1 0 0 0 4 0 0 0 0 0 0
37 1 0 0 1 0 0 0 0 0 0 0 0 0
40 7 0 0 0 0 0 1 0 0 0 0 0 0
44 2 1 1 0 0 0 0 0 0 1 0 0 0
45 9 0 0 3 0 0 1 0 0 1 0 0 0
47 6 0 0 0 0 0 1 0 0 0 0 0 0
51 2 1 1 0 0 0 0 0 0 1 0 0 0
52 7 0 0 3 0 0 1 0 0 1 0 0 0
53 6 0 0 5 0 0 0 0 0 0 0 0 0
fl=./elf/../sysdeps/nptl/dl-tls_init_tp.c
fn=__tls_init_tp
68 5 0 0 0 0 0 2 0 0 0 0 0 0
69 1 0 0 1 0 0 0 0 0 0 0 0 0
72 1 0 0 0 0 0 0 0 0 0 0 0 0
75 4 0 0 0 0 0 1 0 0 0 0 0 0
76 2 0 0 0 0 0 1 0 0 0 0 0 0
77 1 1 1 0 0 0 1 0 0 0 0 0 0
82 2 0 0 1 0 0 1 0 0 0 0 0 0
87 4 0 0 0 0 0 1 0 0 0 0 0 0
90 1 0 0 0 0 0 1 0 0 0 0 0 0
93 3 0 0 0 0 0 0 0 0 0 0 0 0
105 4 1 1 0 0 0 1 0 0 0 0 0 0
121 3 0 0 2 0 0 1 0 0 0 0 0 0
128 2 0 0 1 0 0 1 0 0 0 0 0 0
129 3 0 0 3 0 0 0 0 0 0 0 0 0
fn=__tls_pre_init_tp
53 3 1 1 0 0 0 0 0 0 0 0 0 0
56 10 1 1 0 0 0 3 1 1 0 0 0 0
61 2 0 0 0 0 0 1 0 0 0 0 0 0
62 1 1 1 0 0 0 1 0 0 0 0 0 0
64 1 0 0 1 0 0 0 0 0 0 0 0 0
fn=rtld_mutex_dummy
42 8 0 0 0 0 0 0 0 0 0 0 0 0
44 16 0 0 8 0 0 0 0 0 0 0 0 0
fl=./elf/../sysdeps/nptl/pthread_early_init.h
fn=__libc_early_init
33 6 1 1 0 0 0 1 0 0 1 0 0 0
34 1 0 0 1 0 0 0 0 0 0 0 0 0
38 5 0 0 0 0 0 0 0 0 0 0 0 0
45 2 0 0 2 0 0 0 0 0 0 0 0 0
46 1 0 0 0 0 0 0 0 0 0 0 0 0
48 2 0 0 0 0 0 0 0 0 0 0 0 0
52 5 1 1 0 0 0 1 0 0 0 0 0 0
53 1 0 0 0 0 0 1 1 1 0 0 0 0
54 1 0 0 0 0 0 1 1 1 0 0 0 0
56 1 0 0 0 0 0 1 0 0 0 0 0 0
fl=./elf/../sysdeps/posix/dl-fileid.h
fn=_dl_map_object_from_fd
37 8 0 0 0 0 0 2 1 1 2 0 0 0
40 8 0 0 6 1 1 2 0 0 0 0 0 0
49 12 0 0 6 1 1 0 0 0 6 5 0 0
fl=./elf/../sysdeps/unix/sysv/linux/brk.c
fn=brk
36 1 1 1 0 0 0 0 0 0 0 0 0 0
37 1 0 0 0 0 0 1 1 1 0 0 0 0
38 2 0 0 0 0 0 0 0 0 1 0 0 0
44 1 0 0 0 0 0 0 0 0 0 0 0 0
45 1 0 0 1 0 0 0 0 0 0 0 0 0
fl=./elf/../sysdeps/unix/sysv/linux/brk_call.h
fn=brk
24 2 0 0 0 0 0 0 0 0 0 0 0 0
fl=./elf/../sysdeps/unix/sysv/linux/dl-osinfo.h
fn=dl_main
39 2 0 0 1 0 0 0 0 0 0 0 0 0
52 1 0 0 1 0 0 0 0 0 0 0 0 0
fl=./elf/../sysdeps/unix/sysv/linux/dl-parse_auxv.h
fn=_dl_sysdep_parse_arguments
32 2 0 0 0 0 0 1 0 0 0 0 0 0
33 1 0 0 0 0 0 1 0 0 0 0 0 0
34 1 0 0 0 0 0 1 0 0 0 0 0 0
41 93 1 1 24 6 6 0 0 0 23 6 0 0
42 44 0 0 0 0 0 0 0 0 22 0 0 0
43 44 0 0 22 0 0 22 0 0 0 0 0 0
45 1 0 0 0 0 0 1 0 0 0 0 0 0
46 2 0 0 1 0 0 1 0 0 0 0 0 0
47 2 0 0 1 0 0 1 0 0 0 0 0 0
48 2 0 0 1 0 0 1 0 0 0 0 0 0
49 1 0 0 0 0 0 1 0 0 0 0 0 0
51 2 1 1 1 0 0 1 0 0 0 0 0 0
52 2 0 0 1 0 0 1 1 1 0 0 0 0
53 2 0 0 1 0 0 1 0 0 0 0 0 0
54 2 1 1 1 0 0 1 0 0 0 0 0 0
56 2 0 0 1 0 0 1 0 0 0 0 0 0
fl=./elf/../sysdeps/unix/sysv/linux/dl-sysdep.c
fn=_dl_sysdep_parse_arguments
78 7 1 1 0 0 0 4 0 0 0 0 0 0
79 2 0 0 1 0 0 1 1 1 0 0 0 0
80 2 0 0 0 0 0 1 0 0 0 0 0 0
81 3 0 0 0 0 0 1 1 1 0 0 0 0
82 30 0 0 0 0 0 0 0 0 0 0 0 0
83 63 1 1 31 4 4 0 0 0 31 10 0 0
86 2 1 1 0 0 0 1 1 1 0 0 0 0
90 56 0 0 0 0 0 52 7 7 52 10 0 0
93 5 0 0 3 0 0 1 0 0 0 0 0 0
94 2 0 0 1 0 0 1 0 0 0 0 0 0
95 3 1 1 2 0 0 1 0 0 0 0 0 0
96 6 0 0 5 0 0 0 0 0 0 0 0 0
fn=_dl_sysdep_start
102 6 1 1 0 0 0 2 0 0 0 0 0 0
103 1 0 0 0 0 0 1 0 0 0 0 0 0
106 2 0 0 0 0 0 1 1 1 0 0 0 0
110 2 0 0 1 0 0 1 0 0 0 0 0 0
113 1 0 0 0 0 0 1 0 0 0 0 0 0
115 2 0 0 0 0 0 1 0 0 0 0 0 0
122 3 1 1 1 0 0 0 0 0 1 0 0 0
123 2 0 0 0 0 0 2 0 0 0 0 0 0
125 5 0 0 0 0 0 1 0 0 1 0 0 0
137 3 0 0 1 0 0 0 0 0 1 0 0 0
140 5 1 1 3 0 0 1 0 0 0 0 1 1
143 4 1 0 4 1 0 0 0 0 0 0 0 0
fn=_dl_sysdep_start_cleanup
147 1 1 1 0 0 0 0 0 0 0 0 0 0
148 1 0 0 1 0 0 0 0 0 0 0 0 0
fl=./elf/../sysdeps/unix/sysv/linux/dl-vdso-setup.h
fn=dl_main
30 1 0 0 0 0 0 1 0 0 0 0 0 0
33 1 1 1 0 0 0 1 0 0 0 0 0 0
36 1 0 0 0 0 0 1 0 0 0 0 0 0
39 1 0 0 0 0 0 1 0 0 0 0 0 0
45 1 0 0 0 0 0 1 0 0 0 0 0 0
fl=./elf/../sysdeps/unix/sysv/linux/dl-vdso.h
fn=dl_main
40 2 1 1 1 0 0 0 0 0 0 0 0 0
41 5 0 0 0 0 0 2 0 0 1 0 0 0
55 2 0 0 0 0 0 0 0 0 0 0 0 0
fl=./elf/../sysdeps/unix/sysv/linux/rseq-internal.h
fn=__tls_init_tp
32 3 0 0 1 0 0 0 0 0 1 1 0 0
34 7 1 1 0 0 0 0 0 0 0 0 0 0
37 2 0 0 0 0 0 0 0 0 1 1 0 0
40 1 0 0 0 0 0 1 0 0 0 0 0 0
fl=./elf/../sysdeps/unix/sysv/linux/x86/dl-hwcap2.h
fn=update_active.constprop.0
25 2 0 0 1 0 0 0 0 0 1 1 0 0
fl=./elf/../sysdeps/unix/sysv/linux/x86/dl-minsigstacksize.h
fn=get_common_indices.constprop.0
24 2 2 2 1 0 0 0 0 0 1 0 0 0
27 2 0 0 1 0 0 0 0 0 1 0 0 0
28 2 0 0 1 0 0 0 0 0 1 0 0 0
65 3 0 0 0 0 0 0 0 0 0 0 0 0
72 1 0 0 0 0 0 0 0 0 0 0 0 0
74 1 0 0 0 0 0 1 0 0 0 0 0 0
fl=./elf/../sysdeps/x86/cpu-features.c
fn=get_common_indices.constprop.0
398 3 1 1 0 0 0 2 0 0 0 0 0 0
402 4 0 0 0 0 0 0 0 0 1 0 0 0
405 5 0 0 0 0 0 3 0 0 0 0 0 0
409 1 0 0 0 0 0 1 0 0 0 0 0 0
410 4 0 0 0 0 0 1 0 0 0 0 0 0
411 4 1 1 0 0 0 1 0 0 0 0 0 0
412 4 0 0 0 0 0 1 0 0 0 0 0 0
413 3 0 0 0 0 0 1 0 0 0 0 0 0
414 2 0 0 1 0 0 0 0 0 1 0 0 0
421 2 0 0 1 0 0 0 0 0 1 0 0 0
423 9 0 0 0 0 0 4 1 1 0 0 0 0
428 8 2 2 0 0 0 4 1 1 0 0 0 0
435 2 0 0 1 0 0 0 0 0 1 0 0 0
436 7 0 0 0 0 0 4 1 1 0 0 0 0
442 2 0 0 1 0 0 0 0 0 1 1 0 0
457 3 0 0 3 0 0 0 0 0 0 0 0 0
fn=init_cpu_features.constprop.0
376 3 0 0 0 0 0 0 0 0 0 0 0 0
377 2 0 0 0 0 0 0 0 0 1 0 0 0
378 6 0 0 0 0 0 4 0 0 0 0 0 0
383 2 1 1 0 0 0 0 0 0 1 1 0 0
384 6 1 1 0 0 0 4 0 0 0 0 0 0
389 2 0 0 0 0 0 0 0 0 1 0 0 0
390 7 1 1 0 0 0 4 0 0 0 0 0 0
682 8 1 1 0 0 0 6 0 0 0 0 0 0
685 1 0 0 0 0 0 1 0 0 0 0 0 0
686 1 1 1 0 0 0 1 0 0 0 0 0 0
687 1 0 0 0 0 0 1 0 0 0 0 0 0
690 1 0 0 0 0 0 1 1 1 0 0 0 0
699 3 0 0 0 0 0 1 0 0 0 0 0 0
702 6 1 1 0 0 0 0 0 0 3 1 0 0
703 1 0 0 0 0 0 0 0 0 0 0 0 0
706 2 0 0 0 0 0 1 0 0 0 0 0 0
708 6 2 2 0 0 0 1 0 0 0 0 0 0
713 1 0 0 0 0 0 1 0 0 0 0 0 0
715 3 0 0 1 0 0 0 0 0 1 1 0 0
717 9 2 2 3 1 1 1 0 0 1 0 0 0
721 7 0 0 1 1 1 0 0 0 1 0 1 1
774 3 0 0 2 0 0 0 0 0 1 1 0 0
781 2 1 1 0 0 0 1 0 0 0 0 0 0
799 1 1 1 0 0 0 1 0 0 0 0 0 0
832 2 0 0 0 0 0 0 0 0 1 1 0 0
866 4 1 1 0 0 0 0 0 0 1 1 0 0
869 2 0 0 0 0 0 1 0 0 0 0 0 0
870 1 1 1 0 0 0 0 0 0 0 0 0 0
878 2 1 1 1 0 0 0 0 0 1 0 0 0
885 2 0 0 1 0 0 0 0 0 1 0 0 0
887 2 0 0 0 0 0 1 0 0 0 0 0 0
891 2 0 0 0 0 0 0 0 0 1 0 0 0
897 2 0 0 1 0 0 0 0 0 1 1 0 0
899 1 1 1 0 0 0 0 0 0 0 0 0 0
1001 3 1 1 1 0 0 0 0 0 1 0 0 0
1002 2 0 0 0 0 0 1 0 0 0 0 0 0
1005 2 0 0 0 0 0 0 0 0 1 0 0 0
1006 2 0 0 0 0 0 1 0 0 0 0 0 0
1012 1 0 0 0 0 0 1 0 0 0 0 0 0
1013 1 0 0 0 0 0 1 0 0 0 0 0 0
1014 1 0 0 0 0 0 1 0 0 0 0 0 0
1015 2 1 1 1 0 0 1 0 0 0 0 0 0
1019 4 0 0 0 0 0 1 0 0 0 0 0 0
1022 4 0 0 0 0 0 1 0 0 0 0 0 0
1028 3 0 0 1 0 0 0 0 0 1 1 0 0
1041 2 0 0 0 0 0 0 0 0 0 0 0 0
1042 4 1 1 1 0 0 0 0 0 1 1 0 0
1081 1 0 0 0 0 0 1 0 0 0 0 0 0
1082 2 1 1 1 0 0 0 0 0 1 1 0 0
1086 3 0 0 1 0 0 0 0 0 1 1 0 0
1103 2 1 1 0 0 0 0 0 0 0 0 0 0
1104 2 0 0 0 0 0 0 0 0 1 0 0 0
1106 3 0 0 0 0 0 0 0 0 1 0 0 0
1107 2 0 0 1 0 0 0 0 0 0 0 0 0
1109 3 0 0 0 0 0 0 0 0 1 0 0 0
1110 2 0 0 0 0 0 0 0 0 0 0 0 0
1113 2 0 0 0 0 0 1 0 0 0 0 0 0
1127 4 0 0 0 0 0 1 0 0 0 0 0 0
1129 4 0 0 0 0 0 1 0 0 0 0 0 0
1135 4 0 0 0 0 0 1 0 0 0 0 0 0
1142 8 0 0 7 0 0 0 0 0 0 0 0 0
fn=update_active.constprop.0
72 8 2 2 0 0 0 6 0 0 0 0 0 0
76 1 0 0 1 0 0 0 0 0 0 0 0 0
84 3 1 1 1 0 0 0 0 0 0 0 0 0
85 3 0 0 0 0 0 0 0 0 0 0 0 0
86 1 0 0 1 0 0 0 0 0 0 0 0 0
94 4 0 0 1 0 0 1 0 0 0 0 0 0
95 1 0 0 1 0 0 0 0 0 0 0 0 0
103 4 0 0 1 0 0 1 0 0 0 0 0 0
104 1 0 0 1 0 0 0 0 0 0 0 0 0
109 4 0 0 0 0 0 1 0 0 0 0 0 0
112 4 0 0 1 0 0 1 0 0 0 0 0 0
113 1 0 0 1 0 0 0 0 0 0 0 0 0
116 5 1 1 1 0 0 2 1 1 0 0 0 0
117 2 1 1 1 0 0 1 0 0 0 0 0 0
121 5 0 0 1 0 0 2 0 0 0 0 0 0
122 3 0 0 2 0 0 0 0 0 0 0 0 0
123 3 1 1 2 0 0 0 0 0 0 0 0 0
124 2 0 0 1 0 0 1 0 0 0 0 0 0
128 5 0 0 1 0 0 1 0 0 0 0 0 0
129 5 1 1 2 0 0 1 0 0 0 0 0 0
130 3 0 0 2 1 1 0 0 0 0 0 0 0
132 2 0 0 0 0 0 0 0 0 1 0 0 0
133 4 0 0 0 0 0 1 0 0 0 0 0 0
147 2 0 0 0 0 0 0 0 0 1 1 0 0
151 7 2 2 0 0 0 4 0 0 0 0 0 0
152 4 0 0 0 0 0 1 0 0 0 0 0 0
154 3 0 0 0 0 0 0 0 0 1 1 0 0
158 4 1 1 0 0 0 1 0 0 1 0 0 0
161 1 0 0 0 0 0 0 0 0 0 0 0 0
164 2 0 0 0 0 0 0 0 0 1 1 0 0
166 2 0 0 0 0 0 1 0 0 0 0 0 0
170 1 0 0 0 0 0 0 0 0 0 0 0 0
171 1 1 1 1 1 1 0 0 0 0 0 0 0
178 4 1 1 1 0 0 1 0 0 0 0 0 0
180 5 0 0 1 0 0 1 0 0 0 0 0 0
186 4 0 0 0 0 0 1 0 0 0 0 0 0
188 5 1 1 2 0 0 1 0 0 0 0 0 0
190 4 0 0 0 0 0 2 0 0 0 0 0 0
195 5 0 0 0 0 0 1 0 0 1 1 0 0
244 3 0 0 1 0 0 0 0 0 0 0 0 0
245 3 0 0 1 0 0 0 0 0 1 1 0 0
261 4 1 1 0 0 0 0 0 0 1 0 0 0
277 2 0 0 0 0 0 0 0 0 1 1 0 0
281 2 0 0 0 0 0 1 0 0 0 0 0 0
282 1 1 1 1 0 0 0 0 0 0 0 0 0
285 4 0 0 1 0 0 1 0 0 0 0 0 0
289 2 0 0 0 0 0 0 0 0 1 0 0 0
293 3 1 1 0 0 0 0 0 0 0 0 0 0
294 2 0 0 0 0 0 0 0 0 1 0 0 0
296 1 0 0 0 0 0 0 0 0 0 0 0 0
297 1 0 0 0 0 0 0 0 0 0 0 0 0
300 2 0 0 0 0 0 1 0 0 0 0 0 0
302 1 0 0 0 0 0 1 0 0 0 0 0 0
305 2 0 0 0 0 0 0 0 0 1 1 0 0
356 5 1 1 0 0 0 0 0 0 1 1 0 0
360 3 1 1 1 0 0 0 0 0 1 1 0 0
369 1 0 0 0 0 0 1 0 0 0 0 0 0
370 8 0 0 7 0 0 0 0 0 0 0 0 0
fl=./elf/../sysdeps/x86/dl-cacheinfo.h
fn=get_common_cache_info.constprop.0
571 11 1 1 0 0 0 6 0 0 0 0 0 0
586 1 0 0 1 0 0 0 0 0 0 0 0 0
587 1 0 0 1 0 0 0 0 0 0 0 0 0
588 2 0 0 1 0 0 1 0 0 0 0 0 0
589 1 1 1 1 0 0 0 0 0 0 0 0 0
590 2 0 0 1 0 0 1 0 0 0 0 0 0
596 3 0 0 0 0 0 1 0 0 0 0 0 0
598 7 1 1 3 0 0 2 0 0 0 0 0 0
601 2 0 0 0 0 0 0 0 0 1 0 0 0
613 1 0 0 0 0 0 0 0 0 0 0 0 0
618 3 1 1 1 0 0 0 0 0 1 0 0 0
622 2 0 0 0 0 0 0 0 0 1 1 0 0
627 5 1 1 1 0 0 0 0 0 1 1 0 0
630 24 2 2 0 0 0 5 0 0 1 1 0 0
637 8 0 0 0 0 0 0 0 0 4 0 0 0
640 26 0 0 0 0 0 0 0 0 7 5 0 0
645 2 1 1 0 0 0 0 0 0 1 0 0 0
649 3 0 0 0 0 0 0 0 0 0 0 0 0
650 2 0 0 0 0 0 0 0 0 0 0 0 0
654 2 0 0 0 0 0 0 0 0 1 0 0 0
658 3 0 0 0 0 0 0 0 0 0 0 0 0
661 4 0 0 0 0 0 1 0 0 0 0 0 0
662 1 0 0 0 0 0 0 0 0 0 0 0 0
667 4 0 0 0 0 0 0 0 0 2 1 0 0
673 4 0 0 0 0 0 0 0 0 2 0 0 0
681 6 0 0 0 0 0 0 0 0 0 0 0 0
683 2 0 0 0 0 0 0 0 0 1 0 0 0
685 4 0 0 0 0 0 0 0 0 2 1 0 0
687 12 1 1 0 0 0 0 0 0 1 0 0 0
689 1 0 0 0 0 0 0 0 0 0 0 0 0
690 1 0 0 0 0 0 0 0 0 0 0 0 0
691 9 0 0 1 0 0 0 0 0 2 0 0 0
693 4 1 1 0 0 0 0 0 0 2 1 0 0
696 7 1 1 4 0 0 0 0 0 1 0 0 0
701 1 0 0 0 0 0 0 0 0 0 0 0 0
703 4 1 1 0 0 0 0 0 0 0 0 0 0
704 3 0 0 0 0 0 0 0 0 0 0 0 0
705 1 0 0 0 0 0 0 0 0 0 0 0 0
708 2 0 0 0 0 0 0 0 0 1 1 0 0
711 2 1 1 0 0 0 0 0 0 1 0 0 0
718 1 0 0 0 0 0 0 0 0 0 0 0 0
720 4 0 0 0 0 0 0 0 0 0 0 0 0
721 1 0 0 0 0 0 0 0 0 0 0 0 0
726 2 0 0 0 0 0 0 0 0 0 0 0 0
731 2 0 0 0 0 0 0 0 0 1 0 0 0
732 1 0 0 0 0 0 0 0 0 0 0 0 0
733 2 0 0 0 0 0 0 0 0 1 0 0 0
734 1 0 0 0 0 0 0 0 0 0 0 0 0
759 3 0 0 0 0 0 0 0 0 0 0 0 0
770 5 0 0 1 0 0 0 0 0 2 0 0 0
771 5 0 0 0 0 0 1 0 0 0 0 0 0
775 2 1 1 1 0 0 0 0 0 1 1 0 0
782 1 0 0 0 0 0 1 0 0 0 0 0 0
783 2 0 0 1 0 0 1 0 0 0 0 0 0
784 1 0 0 0 0 0 1 0 0 0 0 0 0
785 7 0 0 7 0 0 0 0 0 0 0 0 0
fn=handle_intel.constprop.0
250 108 0 0 0 0 0 72 0 0 0 0 0 0
255 24 1 1 12 0 0 0 0 0 12 0 0 0
261 12 0 0 0 0 0 12 0 0 0 0 0 0
262 12 0 0 0 0 0 12 0 0 0 0 0 0
267 48 0 0 0 0 0 12 0 0 0 0 0 0
271 24 0 0 0 0 0 0 0 0 12 11 0 0
276 24 1 1 0 0 0 0 0 0 0 0 0 0
279 60 0 0 0 0 0 12 0 0 0 0 0 0
281 24 0 0 0 0 0 0 0 0 12 0 0 0
284 60 1 1 0 0 0 12 0 0 0 0 0 0
286 24 0 0 0 0 0 0 0 0 12 12 0 0
305 96 0 0 84 0 0 0 0 0 0 0 0 0
fn=init_cpu_features.constprop.0
792 1 0 0 0 0 0 1 0 0 0 0 0 0
793 1 0 0 0 0 0 1 0 0 0 0 0 0
795 1 0 0 0 0 0 1 0 0 0 0 0 0
809 2 0 0 0 0 0 0 0 0 1 1 0 0
811 3 1 1 0 0 0 2 0 0 0 0 0 0
812 3 1 1 0 0 0 1 0 0 0 0 0 0
813 3 0 0 0 0 0 2 0 0 0 0 0 0
814 2 0 0 0 0 0 2 0 0 0 0 0 0
817 3 0 0 0 0 0 2 0 0 0 0 0 0
819 3 1 1 0 0 0 2 0 0 0 0 0 0
820 2 0 0 1 0 0 1 0 0 0 0 0 0
822 3 0 0 0 0 0 2 0 0 0 0 0 0
824 3 0 0 0 0 0 2 0 0 0 0 0 0
825 1 0 0 0 0 0 1 0 0 0 0 0 0
827 3 0 0 0 0 0 2 0 0 0 0 0 0
829 3 1 1 0 0 0 2 0 0 0 0 0 0
830 2 0 0 1 0 0 1 0 0 0 0 0 0
832 3 0 0 0 0 0 2 0 0 0 0 0 0
834 3 0 0 0 0 0 1 0 0 0 0 0 0
836 3 1 1 0 0 0 2 0 0 0 0 0 0
838 5 0 0 1 0 0 1 0 0 0 0 0 0
894 2 1 1 1 0 0 1 1 1 0 0 0 0
895 2 0 0 1 0 0 1 0 0 0 0 0 0
896 2 0 0 1 0 0 1 0 0 0 0 0 0
897 2 1 1 1 0 0 1 0 0 0 0 0 0
898 2 0 0 1 0 0 1 0 0 0 0 0 0
899 2 0 0 1 0 0 1 0 0 0 0 0 0
900 1 0 0 0 0 0 1 1 1 0 0 0 0
901 1 0 0 0 0 0 1 0 0 0 0 0 0
902 1 0 0 0 0 0 1 0 0 0 0 0 0
903 1 1 1 0 0 0 1 0 0 0 0 0 0
904 1 0 0 0 0 0 1 0 0 0 0 0 0
905 1 0 0 0 0 0 1 0 0 0 0 0 0
907 1 0 0 1 0 0 0 0 0 0 0 0 0
910 3 0 0 0 0 0 0 0 0 0 0 0 0
924 3 0 0 1 0 0 0 0 0 0 0 0 0
925 7 1 1 5 0 0 2 0 0 0 0 0 0
930 2 0 0 0 0 0 0 0 0 0 0 0 0
931 6 0 0 2 0 0 0 0 0 0 0 0 0
932 2 0 0 0 0 0 0 0 0 0 0 0 0
939 3 0 0 1 0 0 0 0 0 1 0 0 0
959 6 1 1 0 0 0 0 0 0 0 0 0 0
968 2 0 0 0 0 0 0 0 0 0 0 0 0
969 2 0 0 0 0 0 0 0 0 1 1 0 0
974 12 2 2 0 0 0 0 0 0 0 0 0 0
987 5 0 0 2 0 0 1 0 0 0 0 0 0
995 7 1 1 1 0 0 1 0 0 0 0 0 0
997 2 0 0 0 0 0 0 0 0 1 1 0 0
1000 5 0 0 1 0 0 1 0 0 0 0 0 0
1002 2 0 0 0 0 0 0 0 0 1 1 0 0
1005 5 1 1 1 0 0 1 0 0 0 0 0 0
1006 5 0 0 0 0 0 1 0 0 1 0 0 0
1010 6 0 0 1 0 0 2 0 0 0 0 0 0
1011 3 0 0 1 0 0 0 0 0 1 1 0 0
1017 7 0 0 1 0 0 3 0 0 0 0 0 0
1020 11 2 2 2 0 0 5 0 0 0 0 0 0
1021 10 1 1 2 0 0 5 0 0 0 0 0 0
1022 13 2 2 2 0 0 6 0 0 0 0 0 0
1025 10 0 0 1 0 0 5 0 0 0 0 0 0
1027 10 1 1 1 0 0 5 0 0 0 0 0 0
1040 4 0 0 3 0 0 0 0 0 0 0 0 0
1042 2 0 0 1 0 0 1 0 0 0 0 0 0
1043 2 1 1 1 0 0 1 0 0 0 0 0 0
1044 1 0 0 0 0 0 1 0 0 0 0 0 0
1045 1 0 0 0 0 0 1 0 0 0 0 0 0
1046 1 1 1 0 0 0 1 0 0 0 0 0 0
1047 1 0 0 0 0 0 1 0 0 0 0 0 0
fn=intel_check_word.constprop.0
110 648 1 1 324 6 6 0 0 0 324 6 0 0
113 324 0 0 0 0 0 0 0 0 324 41 0 0
119 216 0 0 0 0 0 96 0 0 0 0 0 0
123 48 1 1 0 0 0 0 0 0 24 0 0 0
125 12 0 0 0 0 0 0 0 0 0 0 0 0
129 120 1 1 0 0 0 0 0 0 0 0 0 0
131 144 0 0 0 0 0 0 0 0 72 2 0 0
133 60 0 0 0 0 0 0 0 0 0 0 0 0
135 120 0 0 0 0 0 0 0 0 60 0 0 0
143 120 1 1 0 0 0 0 0 0 60 2 0 0
152 12 0 0 0 0 0 0 0 0 0 0 0 0
155 138 1 1 0 0 0 0 0 0 12 5 0 0
158 99 0 0 0 0 0 0 0 0 33 1 0 0
162 58 0 0 0 0 0 0 0 0 0 0 0 0
164 189 1 1 0 0 0 0 0 0 35 6 0 0
167 120 0 0 0 0 0 0 0 0 20 3 0 0
168 72 0 0 0 0 0 0 0 0 18 4 0 0
169 60 0 0 0 0 0 0 0 0 15 3 0 0
170 48 0 0 0 0 0 0 0 0 12 4 0 0
172 11 1 1 0 0 0 0 0 0 0 0 0 0
174 22 0 0 0 0 0 0 0 0 11 4 0 0
176 12 1 1 0 0 0 0 0 0 0 0 0 0
177 16 0 0 0 0 0 0 0 0 0 0 0 0
178 12 0 0 0 0 0 0 0 0 0 0 0 0
179 20 0 0 0 0 0 0 0 0 0 0 0 0
180 14 1 1 0 0 0 0 0 0 7 3 0 0
181 12 0 0 0 0 0 0 0 0 0 0 0 0
183 8 0 0 0 0 0 0 0 0 4 0 0 0
184 12 0 0 0 0 0 0 0 0 0 0 0 0
187 21 0 0 0 0 0 0 0 0 0 0 0 0
190 2 0 0 0 0 0 0 0 0 0 0 0 0
194 192 0 0 0 0 0 0 0 0 48 6 0 0
202 168 1 1 48 0 0 0 0 0 0 0 0 0
216 48 0 0 0 0 0 0 0 0 0 0 0 0
246 144 0 0 120 0 0 0 0 0 0 0 0 0
fl=./elf/../sysdeps/x86/dl-get-cpu-features.c
fn=__x86_cpu_features
39 3 0 0 1 0 0 0 0 0 1 0 0 0
71 3 1 1 1 0 0 0 0 0 0 0 0 0
fn=_dl_x86_init_cpu_features
37 1 1 1 0 0 0 0 0 0 0 0 0 0
39 3 0 0 1 0 0 0 0 0 1 1 0 0
41 1 0 0 0 0 0 0 0 0 0 0 0 0
fl=./elf/../sysdeps/x86/dl-isa-level.h
fn=_dl_load_cache_lookup
28 6 0 0 2 0 0 2 0 0 0 0 0 0
fl=./elf/../sysdeps/x86/dl-procinfo.h
fn=_dl_load_cache_lookup
39 2 1 1 0 0 0 0 0 0 1 0 0 0
42 7 0 0 0 0 0 2 0 0 1 1 0 0
fl=./elf/../sysdeps/x86/dl-prop.h
fn=_dl_map_object_from_fd
149 8 0 0 4 0 0 0 0 0 4 4 0 0
fn=_dl_process_pt_gnu_property
95 20 2 1 0 0 0 0 0 0 5 0 0 0
102 10 0 0 0 0 0 0 0 0 5 0 0 0
115 10 0 0 0 0 0 0 0 0 5 3 0 0
118 5 0 0 5 1 1 0 0 0 0 0 0 0
252 4 1 1 0 0 0 0 0 0 2 0 0 0
253 2 0 0 0 0 0 2 0 0 0 0 0 0
254 6 0 0 0 0 0 0 0 0 3 0 0 0
255 3 0 0 0 0 0 3 0 0 0 0 0 0
257 20 0 0 5 0 0 5 0 0 0 0 0 0
258 1 0 0 1 0 0 0 0 0 0 0 0 0
260 5 0 0 2 0 0 0 0 0 0 0 0 0
fn=dl_main
36 2 0 0 2 0 0 0 0 0 0 0 0 0
37 15 1 1 0 0 0 0 0 0 5 3 0 0
40 7 0 0 7 0 0 0 0 0 0 0 0 0
49 22 1 1 7 0 0 0 0 0 8 1 0 0
53 18 0 0 4 0 0 0 0 0 3 0 0 0
71 2 0 0 1 0 0 1 0 0 0 0 0 0
149 4 0 0 2 0 0 0 0 0 2 2 0 0
235 4 1 1 4 0 0 0 0 0 0 0 0 0
236 2 0 0 2 0 0 0 0 0 0 0 0 0
fl=./elf/../sysdeps/x86/get-isa-level.h
fn=_dl_hwcaps_subdirs_active
30 4 0 0 0 0 0 0 0 0 1 1 0 0
31 1 0 0 1 0 0 0 0 0 0 0 0 0
32 3 0 0 1 0 0 0 0 0 1 0 0 0
36 3 0 0 0 0 0 0 0 0 1 0 0 0
39 4 1 1 1 0 0 0 0 0 1 0 0 0
40 4 0 0 1 0 0 0 0 0 1 0 0 0
45 4 0 0 0 0 0 0 0 0 1 0 0 0
48 2 0 0 0 0 0 0 0 0 1 0 0 0
51 5 0 0 1 0 0 0 0 0 1 0 0 0
53 4 1 1 0 0 0 0 0 0 1 0 0 0
54 2 0 0 0 0 0 0 0 0 1 0 0 0
55 2 0 0 0 0 0 0 0 0 1 0 0 0
58 4 0 0 0 0 0 0 0 0 1 1 0 0
fn=update_active.constprop.0
28 1 0 0 0 0 0 0 0 0 0 0 0 0
30 4 0 0 0 0 0 0 0 0 0 0 0 0
31 1 0 0 1 0 0 0 0 0 0 0 0 0
32 3 0 0 0 0 0 0 0 0 1 0 0 0
36 3 0 0 0 0 0 0 0 0 1 1 0 0
38 1 0 0 0 0 0 0 0 0 0 0 0 0
39 2 1 1 0 0 0 0 0 0 1 0 0 0
40 4 1 1 1 0 0 0 0 0 1 0 0 0
45 4 0 0 0 0 0 0 0 0 0 0 0 0
47 1 0 0 0 0 0 0 0 0 0 0 0 0
48 2 0 0 0 0 0 0 0 0 1 0 0 0
51 5 1 1 1 0 0 0 0 0 1 0 0 0
53 4 0 0 0 0 0 0 0 0 1 0 0 0
54 2 0 0 0 0 0 0 0 0 0 0 0 0
55 2 0 0 0 0 0 0 0 0 1 0 0 0
57 1 0 0 0 0 0 0 0 0 0 0 0 0
58 4 0 0 0 0 0 0 0 0 1 1 0 0
fl=./elf/../sysdeps/x86_64/dl-cet.c
fn=_dl_cet_check
145 2 0 0 1 0 0 0 0 0 1 0 0 0
157 2 0 0 1 0 0 0 0 0 1 1 0 0
173 1 1 1 0 0 0 0 0 0 0 0 0 0
179 1 0 0 0 0 0 1 0 0 0 0 0 0
275 2 0 0 0 0 0 0 0 0 1 0 0 0
276 1 0 0 0 0 0 1 0 0 0 0 0 0
277 2 0 0 1 0 0 0 0 0 0 0 0 0
282 4 0 0 1 0 0 1 0 0 0 0 0 0
283 3 0 0 0 0 0 1 0 0 0 0 0 0
285 2 0 0 1 0 0 1 0 0 0 0 0 0
293 5 1 1 1 0 0 0 0 0 1 0 0 0
296 1 0 0 0 0 0 1 0 0 0 0 0 0
300 2 0 0 0 0 0 0 0 0 1 0 0 0
301 1 0 0 0 0 0 1 0 0 0 0 0 0
302 2 0 0 0 0 0 0 0 0 0 0 0 0
303 2 1 1 0 0 0 0 0 0 1 0 0 0
304 2 0 0 0 0 0 1 0 0 0 0 0 0
305 2 0 0 0 0 0 0 0 0 0 0 0 0
308 1 0 0 0 0 0 1 0 0 0 0 0 0
310 1 0 0 0 0 0 1 0 0 0 0 0 0
313 2 0 0 0 0 0 0 0 0 1 0 0 0
361 8 1 1 0 0 0 4 0 0 0 0 0 0
363 6 0 0 5 0 0 0 0 0 0 0 0 0
fn=_dl_cet_setup_features
331 1 1 1 0 0 0 0 0 0 0 0 0 0
334 2 0 0 0 0 0 0 0 0 1 0 0 0
350 1 0 0 1 0 0 0 0 0 0 0 0 0
fl=./elf/../sysdeps/x86_64/dl-hwcaps-subdirs.c
fn=_dl_hwcaps_subdirs_active
29 1 1 1 0 0 0 0 0 0 0 0 0 0
38 3 0 0 0 0 0 0 0 0 0 0 0 0
43 1 0 0 0 0 0 0 0 0 0 0 0 0
48 1 0 0 0 0 0 0 0 0 0 0 0 0
52 1 0 0 1 0 0 0 0 0 0 0 0 0
fl=./elf/../sysdeps/x86_64/dl-machine.h
fn=_dl_relocate_object
81 16 0 0 2 0 0 0 0 0 2 2 0 0
267 262 2 2 0 0 0 0 0 0 0 0 0 0
274 262 0 0 0 0 0 0 0 0 131 0 0 0
278 262 0 0 0 0 0 0 0 0 131 0 0 0
287 1327 3 3 513 0 0 0 0 0 287 26 0 0
290 280 1 1 109 0 0 0 0 0 0 0 0 0
291 94 0 0 0 0 0 0 0 0 47 15 0 0
292 496 0 0 0 0 0 0 0 0 124 3 0 0
295 4 1 1 0 0 0 0 0 0 2 0 0 0
296 6 0 0 2 0 0 0 0 0 2 2 0 0
307 4 1 1 0 0 0 4 0 0 0 0 0 0
314 10 1 1 4 0 0 2 0 0 0 0 2 2
317 786 1 1 131 3 3 0 0 0 131 0 131 19
320 32 0 0 0 0 0 32 0 0 0 0 0 0
323 32 0 0 0 0 0 0 0 0 0 0 0 0
393 20 1 1 0 0 0 12 0 0 0 0 0 0
400 48 1 1 16 0 0 0 0 0 16 0 0 0
402 64 0 0 16 0 0 0 0 0 16 0 0 0
406 48 1 1 32 3 3 0 0 0 0 0 0 0
415 32 0 0 16 0 0 16 5 5 0 0 0 0
423 230 1 1 116 0 0 114 21 20 0 0 0 0
436 7 0 0 0 0 0 4 0 0 1 0 0 0
460 3 1 1 1 0 0 0 0 0 1 0 0 0
464 4 0 0 1 0 0 2 0 0 0 0 0 0
465 4 1 1 2 0 0 0 0 0 0 0 0 0
466 5 0 0 3 0 0 0 0 0 1 0 0 0
467 2 1 1 0 0 0 0 0 0 1 1 0 0
476 94 1 1 94 0 0 0 0 0 0 0 0 0
478 47 0 0 0 0 0 47 0 0 0 0 47 47
479 47 0 0 0 0 0 47 1 0 0 0 0 0
498 18 0 0 6 0 0 0 0 0 0 0 0 0
499 6 0 0 0 0 0 6 4 1 0 0 0 0
503 12 0 0 0 0 0 0 0 0 6 0 0 0
504 12 0 0 6 0 0 0 0 0 0 0 0 0
730 8 0 0 0 0 0 0 0 0 4 1 0 0
734 6 1 1 3 0 0 0 0 0 3 0 0 0
fn=_dl_start
55 1 0 0 0 0 0 0 0 0 0 0 0 0
278 9 0 0 0 0 0 0 0 0 3 0 0 0
287 27 0 0 9 3 3 1 1 1 3 0 0 0
290 6 0 0 3 0 0 0 0 0 0 0 0 0
291 12 0 0 0 0 0 0 0 0 3 0 0 0
317 8 0 0 0 0 0 0 0 0 4 3 0 0
323 2 0 0 0 0 0 2 1 1 0 0 0 0
fn=_dl_sysdep_start
220 1 0 0 0 0 0 1 0 0 0 0 0 0
fl=./elf/./dl-find_object.h
fn=_dl_find_object_from_map
95 8 1 1 4 1 0 4 3 2 0 0 0 0
96 8 1 1 4 0 0 4 0 0 0 0 0 0
97 4 0 0 0 0 0 4 0 0 0 0 0 0
103 20 0 0 8 3 0 0 0 0 0 0 0 0
104 119 0 0 0 0 0 0 0 0 41 4 0 0
105 82 1 1 41 35 8 0 0 0 41 18 0 0
107 12 0 0 8 1 0 4 0 0 0 0 0 0
112 4 0 0 4 0 0 0 0 0 0 0 0 0
fl=./elf/./dl-hwcaps.h
fn=_dl_important_hwcaps
43 9 1 1 0 0 0 6 0 0 0 0 0 0
45 7 0 0 0 0 0 6 0 0 0 0 0 0
46 1 0 0 0 0 0 0 0 0 0 0 0 0
77 8 0 0 3 0 0 5 0 0 0 0 0 0
78 8 1 1 3 0 0 5 0 0 0 0 0 0
79 7 2 2 0 0 0 2 0 0 0 0 0 0
fl=./elf/./dl-load.h
fn=_dl_map_object_from_fd
91 16 0 0 8 0 0 0 0 0 8 1 0 0
92 4 1 1 2 0 0 0 0 0 1 0 0 0
93 5 1 1 1 0 0 0 0 0 1 0 0 0
94 4 0 0 1 0 0 0 0 0 0 0 0 0
96 4 0 0 0 0 0 1 0 0 0 0 0 0
fl=./elf/./dl-main.h
fn=dl_main
109 5 1 1 4 0 0 1 0 0 0 0 0 0
fl=./elf/./dl-map-segments.h
fn=_dl_map_object_from_fd
28 6 0 0 2 0 0 0 0 0 2 0 0 0
29 18 1 1 6 0 0 4 1 1 0 0 0 0
81 2 0 0 2 0 0 0 0 0 0 0 0 0
101 2 0 0 0 0 0 2 0 0 0 0 0 0
102 6 0 0 2 0 0 0 0 0 2 0 0 0
105 6 0 0 2 0 0 2 0 0 0 0 0 0
106 4 0 0 0 0 0 2 0 0 0 0 0 0
108 4 1 1 2 0 0 0 0 0 2 2 0 0
125 2 1 1 2 0 0 0 0 0 0 0 0 0
135 48 1 1 8 0 0 0 0 0 8 2 0 0
137 24 0 0 12 0 0 0 0 0 6 0 0 0
139 60 0 0 24 0 0 6 0 0 6 2 0 0
149 32 0 0 16 0 0 0 0 0 8 7 0 0
155 4 1 1 2 0 0 0 0 0 0 0 0 0
156 2 0 0 0 0 0 0 0 0 0 0 0 0
157 6 0 0 2 0 0 0 0 0 0 0 0 0
158 4 0 0 0 0 0 0 0 0 0 0 0 0
160 4 0 0 0 0 0 0 0 0 0 0 0 0
165 4 0 0 0 0 0 0 0 0 2 0 0 0
168 6 0 0 2 0 0 0 0 0 2 0 0 0
176 14 0 0 2 0 0 4 0 0 0 0 0 0
182 4 0 0 0 0 0 0 0 0 2 1 0 0
186 8 2 2 1 0 0 1 0 0 0 0 0 0
189 2 0 0 0 0 0 0 0 0 1 1 0 0
194 8 1 1 0 0 0 0 0 0 0 0 0 0
fl=./elf/./dl-sym-post.h
fn=lookup_malloc_symbol
41 8 0 0 0 0 0 0 0 0 4 0 0 0
53 12 0 0 4 0 0 0 0 0 4 0 0 0
fl=./elf/./dl-tunable-types.h
fn=__GI___tunable_set_val
84 5 0 0 0 0 0 0 0 0 0 0 0 0
fl=./elf/./elf/dl-audit.c
fn=_dl_audit_activity_map
29 7 1 1 0 0 0 5 0 0 0 0 0 0
30 1 0 0 1 0 0 0 0 0 0 0 0 0
31 3 0 0 1 0 0 0 0 0 1 1 0 0
37 6 1 1 6 0 0 0 0 0 0 0 0 0
fn=_dl_audit_activity_nsid
41 3 1 1 0 0 0 0 0 0 0 0 0 0
45 12 0 0 3 0 0 0 0 0 0 0 0 0
46 3 0 0 3 1 0 0 0 0 0 0 0 0
47 15 1 1 3 0 0 0 0 0 6 0 0 0
fn=_dl_audit_objclose
97 4 1 1 0 0 0 0 0 0 0 0 0 0
98 16 0 0 8 0 0 0 0 0 4 0 0 0
fn=_dl_audit_objopen
77 2 1 1 0 0 0 0 0 0 0 0 0 0
78 8 0 0 4 0 0 0 0 0 2 0 0 0
fn=_dl_audit_preinit
118 1 1 1 0 0 0 0 0 0 0 0 0 0
119 4 0 0 2 0 0 0 0 0 1 0 0 0
fl=./elf/./elf/dl-cache.c
fn=_dl_cache_libcmp
357 16 1 1 0 0 0 0 0 0 0 0 0 0
358 90 1 1 8 0 0 0 0 0 41 8 0 0
360 120 0 0 0 0 0 0 0 0 40 1 0 0
362 42 1 1 0 0 0 0 0 0 1 0 0 0
368 4 0 0 0 0 0 0 0 0 0 0 0 0
369 3 0 0 0 0 0 0 0 0 0 0 0 0
370 36 0 0 33 0 0 0 0 0 1 1 0 0
372 36 0 0 33 0 0 0 0 0 1 1 0 0
374 2 0 0 0 0 0 0 0 0 1 1 0 0
380 78 0 0 0 0 0 0 0 0 39 0 0 0
382 78 0 0 0 0 0 0 0 0 39 7 0 0
383 21 1 1 7 0 0 0 0 0 0 0 0 0
386 32 0 0 0 0 0 0 0 0 0 0 0 0
387 32 0 0 0 0 0 0 0 0 0 0 0 0
390 11 0 0 9 8 8 0 0 0 0 0 0 0
fn=_dl_load_cache_lookup
191 14 0 0 0 0 0 0 0 0 0 0 0 0
205 1 0 0 1 0 0 0 0 0 0 0 0 0
208 8 2 2 1 0 0 3 0 0 0 0 0 0
210 10 0 0 3 0 0 3 0 0 0 0 0 0
211 2 1 1 0 0 0 0 0 0 0 0 0 0
213 5 0 0 0 0 0 1 0 0 0 0 0 0
220 17 0 0 1 0 0 0 0 0 7 3 0 0
222 45 1 1 2 0 0 3 0 0 0 0 0 0
223 14 0 0 7 7 7 0 0 0 0 0 0 0
227 21 1 1 7 0 0 0 0 0 7 0 0 0
231 21 0 0 7 0 0 7 0 0 0 0 0 0
232 14 0 0 0 0 0 0 0 0 7 1 0 0
240 4 0 0 0 0 0 0 0 0 2 1 0 0
242 2 0 0 1 0 0 0 0 0 0 0 0 0
245 2 0 0 0 0 0 0 0 0 1 0 0 0
247 6 0 0 0 0 0 1 0 0 0 0 0 0
249 1 0 0 0 0 0 0 0 0 0 0 0 0
259 2 0 0 1 0 0 0 0 0 1 1 0 0
269 3 1 1 2 0 0 0 0 0 1 0 0 0
270 4 0 0 1 0 0 0 0 0 1 0 0 0
286 7 1 1 0 0 0 0 0 0 1 0 0 0
295 2 0 0 1 0 0 0 0 0 1 0 0 0
298 2 0 0 1 0 0 0 0 0 1 0 0 0
301 1 0 0 0 0 0 0 0 0 0 0 0 0
302 3 1 1 1 0 0 0 0 0 1 1 0 0
330 2 0 0 0 0 0 1 0 0 0 0 0 0
346 6 0 0 0 0 0 0 0 0 6 4 0 0
347 4 1 1 0 0 0 0 0 0 0 0 0 0
349 2 0 0 0 0 0 0 0 0 0 0 0 0
403 10 1 1 0 0 0 7 1 1 0 0 0 0
405 2 0 0 1 0 0 0 0 0 1 0 0 0
408 3 1 1 1 0 0 0 0 0 1 1 0 0
411 5 1 1 0 0 0 1 0 0 0 0 0 0
419 5 1 1 1 0 0 0 0 0 2 0 0 0
420 8 1 1 3 1 1 0 0 0 2 1 0 0
423 6 1 1 0 0 0 0 0 0 1 0 0 0
424 1 0 0 1 0 0 0 0 0 0 0 0 0
431 1 1 1 0 0 0 1 0 0 0 0 0 0
432 2 0 0 0 0 0 1 0 0 0 0 0 0
482 3 0 0 1 0 0 0 0 0 1 0 0 0
485 3 0 0 1 0 0 1 0 0 0 0 0 0
500 2 0 0 1 0 0 0 0 0 1 0 0 0
512 3 0 0 1 0 0 1 0 0 0 0 0 0
513 15 1 1 1 0 0 0 0 0 2 1 0 0
514 4 1 1 1 0 0 1 0 0 0 0 0 0
515 1 0 0 0 0 0 1 0 0 0 0 0 0
516 8 0 0 7 0 0 0 0 0 0 0 0 0
fn=_dl_unload_cache
525 3 1 1 0 0 0 1 0 0 0 0 0 0
526 4 0 0 1 1 0 0 0 0 1 1 0 0
528 2 0 0 1 0 0 1 0 0 0 0 0 0
529 1 0 0 0 0 0 1 0 0 0 0 0 0
533 1 0 0 0 0 0 1 0 0 0 0 0 0
535 2 1 1 2 0 0 0 0 0 0 0 0 0
fl=./elf/./elf/dl-call-libc-early-init.c
fn=_dl_call_libc_early_init
27 7 1 1 0 0 0 3 0 0 0 0 0 0
29 2 0 0 0 0 0 0 0 0 1 0 0 0
33 5 0 0 0 0 0 1 0 0 0 0 0 0
37 2 0 0 0 0 0 0 0 0 1 0 0 0
39 4 1 1 3 0 0 0 0 0 1 0 0 0
40 2 0 0 0 0 0 0 0 0 0 0 1 1
41 3 0 0 3 0 0 0 0 0 0 0 0 0
fl=./elf/./elf/dl-call_fini.c
fn=_dl_call_fini
24 32 1 1 0 0 0 16 0 0 0 0 0 0
28 8 0 0 4 1 0 0 0 0 4 0 0 0
32 4 1 1 4 0 0 0 0 0 0 0 0 0
34 4 0 0 4 4 0 0 0 0 0 0 0 0
35 8 0 0 0 0 0 0 0 0 4 2 0 0
38 4 0 0 4 2 0 0 0 0 0 0 0 0
39 6 0 0 4 1 0 0 0 0 0 0 0 0
42 16 0 0 0 0 0 0 0 0 4 0 0 0
43 2 0 0 2 2 0 2 0 0 0 0 2 2
47 4 1 1 4 4 0 0 0 0 0 0 0 0
48 8 0 0 0 0 0 0 0 0 4 2 0 0
49 6 0 0 4 0 0 0 0 0 0 0 2 2
50 22 0 0 18 0 0 0 0 0 0 0 0 0
fl=./elf/./elf/dl-catch.c
fn=_dl_catch_error
254 12 1 1 0 0 0 4 0 0 0 0 0 0
256 2 0 0 0 0 0 1 0 0 0 0 0 0
257 2 0 0 1 0 0 1 0 0 0 0 0 0
258 2 0 0 1 0 0 1 0 0 0 0 0 0
259 2 0 0 1 0 0 1 0 0 0 0 0 0
261 6 1 1 5 0 0 0 0 0 0 0 0 0
fn=_dl_catch_exception
58 9 0 0 3 1 1 0 0 0 3 2 0 0
59 6 1 1 3 0 0 3 0 0 0 0 0 0
69 6 0 0 3 0 0 0 0 0 3 0 0 0
70 15 0 0 3 0 0 6 0 0 0 0 0 0
204 24 1 1 0 0 0 15 2 2 0 0 0 0
207 6 0 0 0 0 0 0 0 0 3 0 0 0
214 3 0 0 0 0 0 0 0 0 0 0 0 0
228 3 1 1 0 0 0 3 2 2 0 0 0 0
229 6 0 0 0 0 0 3 0 0 0 0 0 0
235 18 1 1 0 0 0 3 0 0 3 0 0 0
237 9 0 0 6 0 0 3 0 0 0 0 3 2
239 12 0 0 3 0 0 6 0 0 0 0 0 0
248 9 0 0 9 0 0 0 0 0 0 0 0 0
fn=_dl_receive_error
58 2 1 1 1 0 0 0 0 0 1 0 0 0
59 1 0 0 1 0 0 0 0 0 0 0 0 0
69 2 0 0 1 0 0 0 0 0 1 0 0 0
70 2 0 0 0 0 0 2 0 0 0 0 0 0
186 7 1 1 0 0 0 3 0 0 0 0 0 0
188 1 0 0 1 0 0 0 0 0 0 0 0 0
192 1 0 0 0 0 0 1 0 0 0 0 0 0
194 1 0 0 0 0 0 1 0 0 0 0 1 1
197 1 0 0 0 0 0 1 0 0 0 0 0 0
198 4 0 0 4 0 0 0 0 0 0 0 0 0
fl=./elf/./elf/dl-debug.c
fn=_dl_debug_initialize
56 3 1 1 0 0 0 0 0 0 0 0 0 0
57 1 1 1 0 0 0 0 0 0 0 0 0 0
59 2 0 0 0 0 0 0 0 0 1 0 0 0
61 2 0 0 0 0 0 0 0 0 0 0 0 0
63 3 0 0 1 1 1 0 0 0 1 0 0 0
64 1 0 0 0 0 0 1 0 0 0 0 0 0
85 3 0 0 1 0 0 0 0 0 1 1 0 0
90 3 1 1 1 1 1 1 0 0 0 0 0 0
91 2 0 0 0 0 0 1 0 0 0 0 0 0
92 1 0 0 0 0 0 1 0 0 0 0 0 0
95 3 0 0 2 0 0 0 0 0 1 1 0 0
96 6 1 1 1 0 0 1 0 0 0 0 0 0
99 2 0 0 0 0 0 0 0 0 1 1 0 0
107 2 0 0 1 0 0 0 0 0 0 0 0 0
fn=_dl_debug_state
116 2 1 1 0 0 0 0 0 0 0 0 0 0
117 2 0 0 2 0 0 0 0 0 0 0 0 0
fn=_dl_debug_update
38 3 0 0 0 0 0 0 0 0 0 0 0 0
40 6 0 0 0 0 0 0 0 0 3 3 0 0
41 3 0 0 0 0 0 0 0 0 0 0 0 0
44 6 1 1 3 1 0 0 0 0 3 0 0 0
48 3 0 0 3 0 0 0 0 0 0 0 0 0
fl=./elf/./elf/dl-deps.c
fn=_dl_map_object_deps
128 3 0 0 0 0 0 2 1 1 0 0 0 0
129 5 1 1 0 0 0 2 0 0 0 0 0 0
130 6 0 0 0 0 0 1 0 0 0 0 0 0
132 3 0 0 0 0 0 1 0 0 0 0 0 0
136 8 1 1 2 0 0 2 0 0 0 0 0 0
143 13 1 1 0 0 0 8 1 1 0 0 0 0
144 20 2 2 1 1 1 0 0 0 2 2 0 0
160 9 1 1 0 0 0 0 0 0 2 0 0 0
161 1 0 0 1 0 0 0 0 0 0 0 0 0
164 1 1 1 0 0 0 1 0 0 0 0 0 0
182 1 0 0 1 0 0 0 0 0 0 0 0 0
183 6 0 0 4 0 0 0 0 0 0 0 0 0
184 1 0 0 0 0 0 1 0 0 0 0 0 0
188 9 0 0 4 0 0 1 0 0 0 0 0 0
190 12 1 1 0 0 0 6 0 0 0 0 0 0
193 4 0 0 0 0 0 4 0 0 0 0 0 0
197 12 1 1 4 0 0 0 0 0 4 4 0 0
198 25 1 1 11 0 0 0 0 0 11 2 0 0
201 8 0 0 2 0 0 0 0 0 2 0 0 0
205 4 0 0 2 0 0 0 0 0 0 0 0 0
208 16 0 0 8 1 1 0 0 0 8 3 0 0
210 8 1 1 6 0 0 0 0 0 2 2 0 0
215 2 1 1 0 0 0 2 1 1 0 0 0 0
216 2 0 0 0 0 0 2 0 0 0 0 0 0
217 4 0 0 2 0 0 2 0 0 0 0 0 0
218 4 0 0 2 0 0 2 0 0 0 0 0 0
219 2 0 0 0 0 0 2 0 0 0 0 0 0
221 238 0 0 64 0 0 0 0 0 58 9 0 0
222 112 0 0 0 0 0 0 0 0 56 6 0 0
228 23 1 1 4 0 0 6 1 1 2 2 0 0
230 2 0 0 0 0 0 2 0 0 0 0 0 0
232 8 1 1 0 0 0 2 0 0 0 0 0 0
233 4 0 0 2 0 0 0 0 0 2 0 0 0
242 2 0 0 2 0 0 0 0 0 0 0 0 0
244 4 1 1 2 0 0 0 0 0 2 0 0 0
249 14 1 1 2 0 0 0 0 0 2 2 0 0
252 2 0 0 0 0 0 2 0 0 0 0 0 0
253 2 0 0 0 0 0 2 0 0 0 0 0 0
254 2 0 0 0 0 0 2 0 0 0 0 0 0
255 4 0 0 2 0 0 2 0 0 0 0 0 0
256 2 0 0 0 0 0 2 0 0 0 0 0 0
257 2 0 0 2 0 0 0 0 0 0 0 0 0
259 8 0 0 2 0 0 2 0 0 0 0 0 0
263 6 0 0 2 0 0 0 0 0 2 1 0 0
264 3 0 0 0 0 0 1 0 0 0 0 0 0
266 162 1 1 0 0 0 0 0 0 54 5 0 0
417 8 1 1 0 0 0 0 0 0 4 2 0 0
419 10 0 0 0 0 0 6 0 0 0 0 0 0
422 4 0 0 0 0 0 0 0 0 0 0 0 0
423 8 1 1 4 0 0 0 0 0 2 0 0 0
429 2 0 0 0 0 0 2 1 1 0 0 0 0
430 10 0 0 0 0 0 4 0 0 0 0 0 0
431 10 0 0 0 0 0 2 0 0 0 0 0 0
434 2 0 0 0 0 0 2 0 0 0 0 0 0
435 4 0 0 4 0 0 0 0 0 0 0 0 0
439 12 1 1 4 0 0 0 0 0 4 4 0 0
441 4 0 0 4 0 0 0 0 0 0 0 0 0
442 17 0 0 3 0 0 0 0 0 7 6 0 0
448 5 1 1 1 0 0 0 0 0 1 0 0 0
449 1 0 0 0 0 0 1 0 0 0 0 0 0
452 4 0 0 1 0 0 1 0 0 1 1 0 0
463 5 1 1 1 0 0 2 0 0 0 0 0 0
465 4 0 0 2 0 0 0 0 0 1 0 0 0
470 5 1 1 2 0 0 1 0 0 0 0 0 0
471 1 0 0 0 0 0 1 0 0 0 0 0 0
472 2 0 0 0 0 0 0 0 0 0 0 0 0
474 16 0 0 4 0 0 0 0 0 5 2 0 0
478 4 1 1 4 0 0 0 0 0 0 0 0 0
483 8 0 0 0 0 0 0 0 0 4 3 0 0
485 12 0 0 0 0 0 4 1 1 0 0 0 0
490 4 0 0 4 0 0 0 0 0 0 0 0 0
494 2 1 1 0 0 0 0 0 0 0 0 0 0
495 3 0 0 1 0 0 0 0 0 1 1 0 0
532 2 1 1 0 0 0 0 0 0 1 0 0 0
533 2 0 0 0 0 0 0 0 0 1 1 0 0
547 9 1 1 2 0 0 3 0 0 0 0 0 0
552 9 1 1 1 0 0 2 0 0 0 0 0 0
553 5 1 1 2 0 0 1 0 0 0 0 0 0
557 1 0 0 0 0 0 1 0 0 0 0 0 0
559 2 0 0 1 0 0 1 0 0 0 0 0 0
560 1 0 0 1 0 0 0 0 0 0 0 0 0
561 3 0 0 1 0 0 0 0 0 1 1 0 0
568 3 1 1 1 0 0 0 0 0 1 1 0 0
571 2 0 0 0 0 0 0 0 0 1 0 0 0
574 8 0 0 7 0 0 0 0 0 0 0 0 0
fn=openaux
61 12 0 0 0 0 0 4 1 1 0 0 0 0
64 22 0 0 8 0 0 4 0 0 0 0 0 0
65 2 0 0 2 0 0 0 0 0 0 0 0 0
68 2 1 1 2 0 0 0 0 0 0 0 0 0
69 6 0 0 6 0 0 0 0 0 0 0 0 0
fl=./elf/./elf/dl-environ.c
fn=_dl_next_ld_env_entry
28 3 1 1 0 0 0 0 0 0 0 0 0 0
29 3 0 0 3 0 0 0 0 0 0 0 0 0
32 94 0 0 32 0 0 0 0 0 31 2 0 0
34 60 0 0 30 0 0 0 0 0 30 16 0 0
35 18 0 0 9 0 0 0 0 0 9 6 0 0
37 2 0 0 0 0 0 0 0 0 0 0 0 0
40 4 0 0 0 0 0 2 0 0 0 0 0 0
42 2 0 0 2 0 0 0 0 0 0 0 0 0
45 28 0 0 0 0 0 0 0 0 0 0 0 0
fl=./elf/./elf/dl-find_object.c
fn=_dl_find_object_init
561 5 1 1 0 0 0 3 0 0 0 0 0 0
564 1 0 0 1 1 0 0 0 0 0 0 0 0
566 2 0 0 1 0 0 0 0 0 1 1 0 0
567 3 1 1 0 0 0 1 0 0 0 0 0 0
579 2 1 1 0 0 0 1 0 0 0 0 0 0
580 3 0 0 1 0 0 1 0 0 0 0 0 0
582 2 0 0 0 0 0 0 0 0 1 0 0 0
585 2 0 0 0 0 0 0 0 0 1 0 0 0
590 1 1 1 0 0 0 1 0 0 0 0 0 0
591 1 0 0 0 0 0 1 0 0 0 0 0 0
594 3 0 0 1 0 0 0 0 0 1 1 0 0
596 2 1 1 0 0 0 1 0 0 0 0 0 0
599 6 1 1 3 0 0 1 0 0 0 0 0 0
601 1 0 0 0 0 0 0 0 0 0 0 0 0
604 4 0 0 4 0 0 0 0 0 0 0 0 0
fn=_dlfo_process_initial
474 8 0 0 0 0 0 4 0 0 0 0 0 0
475 2 0 0 2 0 0 0 0 0 0 0 0 0
477 2 0 0 0 0 0 0 0 0 0 0 0 0
478 4 1 1 2 0 0 0 0 0 2 0 0 0
504 24 1 1 4 1 0 0 0 0 4 0 0 0
505 22 0 0 2 0 0 0 0 0 10 4 0 0
506 8 0 0 8 0 0 0 0 0 0 0 0 0
508 28 1 1 6 0 0 0 0 0 14 2 0 0
511 24 0 0 6 0 0 0 0 0 6 4 0 0
513 18 1 1 6 1 1 0 0 0 6 3 0 0
515 6 0 0 0 0 0 3 0 0 0 0 0 0
516 6 0 0 0 0 0 0 0 0 0 0 0 0
517 12 0 0 0 0 0 0 0 0 0 0 0 0
529 2 0 0 0 0 0 2 0 0 0 0 0 0
531 8 0 0 6 0 0 0 0 0 0 0 0 0
fn=_dlfo_sort_mappings
536 1 1 1 0 0 0 0 0 0 0 0 0 0
537 2 0 0 0 0 0 0 0 0 1 0 0 0
540 12 1 1 2 0 0 0 0 0 2 1 0 0
544 4 0 0 2 0 0 0 0 0 0 0 0 0
545 19 1 1 0 0 0 0 0 0 5 1 0 0
546 15 0 0 3 0 0 0 0 0 3 1 0 0
548 2 0 0 0 0 0 0 0 0 0 0 0 0
549 2 0 0 0 0 0 0 0 0 0 0 0 0
553 8 0 0 4 0 0 0 0 0 0 0 0 0
554 10 0 0 4 0 0 4 0 0 0 0 0 0
555 4 0 0 0 0 0 4 0 0 0 0 0 0
557 1 0 0 1 0 0 0 0 0 0 0 0 0
fl=./elf/./elf/dl-fini.c
fn=_dl_fini
26 11 1 1 0 0 0 7 0 0 0 0 0 0
43 1 0 0 0 0 0 0 0 0 0 0 0 0
46 13 1 1 1 1 0 0 0 0 2 1 0 0
49 2 0 0 1 1 0 1 0 0 0 0 1 1
51 1 1 1 1 1 0 0 0 0 0 0 0 0
54 2 0 0 0 0 0 0 0 0 1 0 0 0
56 5 0 0 2 1 0 0 0 0 1 0 0 0
61 1 0 0 0 0 0 1 0 0 0 0 0 0
63 4 0 0 0 0 0 2 0 0 0 0 0 0
68 18 3 3 2 0 0 0 0 0 2 2 0 0
73 16 0 0 5 1 0 0 0 0 5 4 0 0
75 8 0 0 4 4 0 0 0 0 4 0 0 0
77 8 0 0 0 0 0 0 0 0 4 0 0 0
79 8 0 0 0 0 0 4 0 0 0 0 0 0
80 4 0 0 0 0 0 4 4 0 0 0 0 0
81 4 0 0 0 0 0 0 0 0 0 0 0 0
85 4 1 1 4 3 0 0 0 0 0 0 0 0
87 6 0 0 0 0 0 0 0 0 1 0 0 0
88 6 0 0 0 0 0 0 0 0 1 1 0 0
94 6 1 1 0 0 0 2 0 0 0 0 0 0
103 2 0 0 1 0 0 1 0 0 0 0 1 1
108 26 1 1 9 0 0 0 0 0 5 3 0 0
110 4 0 0 4 0 0 0 0 0 0 0 0 0
112 8 0 0 4 0 0 0 0 0 4 4 0 0
114 16 1 1 0 0 0 12 0 0 0 0 0 0
117 8 0 0 0 0 0 4 0 0 0 0 0 0
122 4 0 0 4 0 0 0 0 0 0 0 0 0
126 5 0 0 1 0 0 1 0 0 0 0 0 0
132 6 0 0 2 0 0 1 0 0 2 1 0 0
134 1 0 0 0 0 0 0 0 0 0 0 0 0
138 2 0 0 1 0 0 0 0 0 1 0 0 0
145 8 0 0 7 0 0 0 0 0 0 0 0 0
fl=./elf/./elf/dl-hwcaps.c
fn=_dl_important_hwcaps
52 16 1 1 0 0 0 4 0 0 4 2 0 0
54 2 0 0 0 0 0 0 0 0 0 0 0 0
55 4 0 0 2 0 0 0 0 0 0 0 0 0
56 2 0 0 0 0 0 0 0 0 0 0 0 0
57 2 0 0 0 0 0 0 0 0 0 0 0 0
77 16 2 2 0 0 0 4 0 0 4 2 0 0
80 16 0 0 4 0 0 6 1 1 0 0 0 0
84 2 0 0 0 0 0 2 0 0 0 0 0 0
86 6 0 0 2 0 0 2 0 0 0 0 0 0
87 2 0 0 0 0 0 0 0 0 0 0 0 0
88 2 0 0 0 0 0 0 0 0 0 0 0 0
100 5 0 0 0 0 0 3 1 1 0 0 0 0
102 3 1 1 1 0 0 0 0 0 1 0 0 0
105 1 0 0 0 0 0 1 0 0 0 0 0 0
108 1 0 0 0 0 0 0 0 0 0 0 0 0
112 5 1 1 0 0 0 2 0 0 1 0 0 0
125 12 0 0 0 0 0 3 0 0 3 2 0 0
127 10 0 0 4 0 0 2 1 1 0 0 0 0
128 4 0 0 2 0 0 2 0 0 0 0 0 0
129 4 0 0 0 0 0 2 0 0 0 0 0 0
130 2 0 0 0 0 0 0 0 0 0 0 0 0
133 3 1 1 1 0 0 0 0 0 1 0 0 0
142 13 0 0 7 0 0 1 0 0 2 0 0 0
143 11 0 0 0 0 0 1 0 0 1 1 0 0
145 8 1 1 1 0 0 5 0 0 0 0 0 0
151 5 1 1 2 0 0 0 0 0 0 0 0 0
155 4 1 1 2 0 0 1 0 0 0 0 0 0
156 3 0 0 1 0 0 0 0 0 1 1 0 0
157 3 0 0 0 0 0 0 0 0 1 0 0 0
161 1 0 0 1 0 0 0 0 0 0 0 0 0
162 2 0 0 1 0 0 1 0 0 0 0 0 0
163 2 0 0 0 0 0 2 0 0 0 0 0 0
172 14 2 2 0 0 0 9 2 2 0 0 0 0
174 2 0 0 0 0 0 2 1 1 0 0 0 0
175 3 0 0 0 0 0 0 0 0 0 0 0 0
185 2 1 1 0 0 0 1 0 0 0 0 0 0
186 3 0 0 0 0 0 0 0 0 0 0 0 0
189 3 0 0 1 0 0 1 1 1 0 0 0 0
193 2 0 0 1 0 0 0 0 0 0 0 0 0
194 2 0 0 0 0 0 0 0 0 1 0 0 0
201 1 0 0 0 0 0 0 0 0 0 0 0 0
202 5 0 0 2 0 0 1 0 0 0 0 0 0
208 2 0 0 1 0 0 1 0 0 0 0 0 0
209 1 0 0 0 0 0 1 0 0 0 0 0 0
213 3 1 1 2 0 0 1 0 0 0 0 0 0
216 9 0 0 7 0 0 0 0 0 0 0 0 0
fl=./elf/./elf/dl-hwcaps_split.c
fn=_dl_hwcaps_split
25 5 1 1 0 0 0 3 0 0 0 0 0 0
26 3 0 0 1 0 0 0 0 0 1 1 0 0
27 1 0 0 0 0 0 0 0 0 0 0 0 0
47 4 1 1 4 0 0 0 0 0 0 0 0 0
fn=_dl_hwcaps_split_masked
26 44 1 1 11 0 0 0 0 0 11 9 0 0
30 24 1 1 12 0 0 12 0 0 0 0 0 0
34 78 1 1 18 1 1 0 0 0 18 6 0 0
35 12 0 0 0 0 0 6 0 0 0 0 0 0
36 24 0 0 0 0 0 0 0 0 12 3 0 0
41 36 0 0 0 0 0 9 1 1 0 0 0 0
42 18 0 0 0 0 0 0 0 0 9 2 0 0
43 12 1 1 0 0 0 3 0 0 0 0 0 0
45 6 0 0 0 0 0 0 0 0 0 0 0 0
51 110 1 1 0 0 0 66 0 0 0 0 0 0
55 5 0 0 0 0 0 0 0 0 0 0 0 0
56 18 0 0 9 0 0 9 0 0 0 0 0 0
57 27 0 0 0 0 0 9 0 0 0 0 0 0
58 24 0 0 6 0 0 0 0 0 9 3 0 0
60 6 0 0 0 0 0 0 0 0 0 0 0 0
62 88 1 1 77 0 0 0 0 0 0 0 0 0
67 12 0 0 0 0 0 0 0 0 6 4 0 0
fl=./elf/./elf/dl-init.c
fn=_dl_init
29 10 1 1 5 0 0 0 0 0 5 1 0 0
35 25 1 1 5 0 0 0 0 0 5 0 0 0
37 26 1 1 1 0 0 2 0 0 5 2 0 0
81 13 1 1 0 0 0 6 0 0 0 0 0 0
82 1 0 0 1 1 0 0 0 0 0 0 0 0
83 1 0 0 1 0 0 0 0 0 0 0 0 0
86 3 0 0 1 0 0 0 0 0 1 1 0 0
89 2 0 0 0 0 0 1 0 0 0 0 0 0
94 4 1 1 0 0 0 0 0 0 1 0 0 0
119 1 0 0 1 0 0 0 0 0 0 0 0 0
120 20 0 0 0 0 0 3 0 0 5 3 0 0
121 8 0 0 8 0 0 0 0 0 0 0 0 0
127 8 0 0 7 0 0 0 0 0 0 0 0 0
fn=call_init.part.0
26 48 2 2 0 0 0 24 1 0 0 0 0 0
43 12 0 0 4 0 0 4 0 0 0 0 0 0
46 12 0 0 8 2 0 0 0 0 4 1 0 0
47 2 1 1 0 0 0 0 0 0 1 1 0 0
51 6 0 0 3 0 0 0 0 0 3 0 0 0
59 9 1 1 3 3 0 0 0 0 3 2 0 0
60 6 0 0 2 0 0 1 0 0 0 0 1 1
63 3 0 0 3 1 0 0 0 0 0 0 0 0
64 6 0 0 0 0 0 0 0 0 3 1 0 0
70 6 0 0 4 3 0 0 0 0 0 0 0 0
72 4 0 0 4 0 0 0 0 0 0 0 0 0
73 22 1 1 0 0 0 0 0 0 5 1 0 0
74 12 0 0 3 0 0 3 0 0 0 0 3 3
76 32 0 0 28 0 0 0 0 0 0 0 0 0
fl=./elf/./elf/dl-load.c
fn=_dl_dst_count
238 18 1 1 0 0 0 12 0 0 0 0 0 0
241 4 0 0 0 0 0 2 1 1 0 0 0 0
244 4 0 0 0 0 0 0 0 0 2 0 0 0
245 2 0 0 0 0 0 0 0 0 0 0 0 0
264 18 1 1 14 0 0 0 0 0 0 0 0 0
fn=_dl_init_paths
706 13 2 2 0 0 0 8 0 0 0 0 0 0
720 4 0 0 0 0 0 2 1 1 0 0 0 0
725 1 0 0 0 0 0 1 0 0 0 0 0 0
727 3 1 1 0 0 0 0 0 0 1 0 0 0
734 3 0 0 0 0 0 0 0 0 0 0 0 0
735 2 0 0 1 0 0 0 0 0 0 0 0 0
739 4 0 0 0 0 0 1 1 1 0 0 0 0
741 4 1 1 2 0 0 0 0 0 1 0 0 0
747 1 0 0 0 0 0 1 0 0 0 0 0 0
748 1 0 0 0 0 0 1 0 0 0 0 0 0
756 8 1 1 0 0 0 4 0 0 0 0 0 0
758 8 0 0 0 0 0 4 2 2 0 0 0 0
759 4 0 0 0 0 0 4 0 0 0 0 0 0
761 5 0 0 0 0 0 4 1 1 0 0 0 0
762 7 0 0 3 1 1 4 1 1 0 0 0 0
763 4 0 0 0 0 0 0 0 0 0 0 0 0
766 13 0 0 3 1 1 0 0 0 3 0 0 0
767 10 1 1 1 0 0 1 0 0 4 3 0 0
768 18 0 0 4 0 0 5 0 0 0 0 0 0
770 32 2 2 6 0 0 5 0 0 4 1 0 0
776 1 0 0 0 0 0 1 0 0 0 0 0 0
777 1 0 0 0 0 0 1 0 0 0 0 0 0
782 1 0 0 1 0 0 0 0 0 0 0 0 0
785 3 0 0 0 0 0 0 0 0 0 0 0 0
787 4 1 1 1 0 0 0 0 0 1 0 0 0
789 3 0 0 1 0 0 0 0 0 1 1 0 0
806 1 0 0 0 0 0 1 0 0 0 0 0 0
808 3 1 1 1 0 0 0 0 0 1 1 0 0
822 2 1 1 0 0 0 1 0 0 0 0 0 0
825 5 1 1 2 0 0 0 0 0 2 1 0 0
827 23 4 4 2 0 0 2 0 0 2 2 0 0
831 2 0 0 0 0 0 0 0 0 0 0 0 0
832 60 1 1 15 0 0 0 0 0 15 10 0 0
833 14 0 0 0 0 0 0 0 0 0 0 0 0
834 28 0 0 0 0 0 0 0 0 0 0 0 0
836 1 0 0 0 0 0 1 0 0 0 0 0 0
837 1 0 0 0 0 0 0 0 0 0 0 0 0
838 2 0 0 0 0 0 0 0 0 1 0 0 0
844 6 0 0 1 0 0 1 0 0 0 0 0 0
847 3 0 0 2 0 0 0 0 0 1 0 0 0
853 1 0 0 0 0 0 1 0 0 0 0 0 0
857 8 0 0 7 0 0 0 0 0 0 0 0 0
fn=_dl_map_object
682 10 3 3 3 0 0 0 0 0 3 3 0 0
696 5 1 1 0 0 0 3 0 0 0 0 0 0
1967 36 2 2 0 0 0 27 4 4 0 0 0 0
1969 2 0 0 0 0 0 2 0 0 0 0 0 0
1975 6 0 0 0 0 0 0 0 0 3 0 0 0
1976 12 0 0 3 1 1 0 0 0 3 0 0 0
1979 51 1 1 9 0 0 6 0 0 9 2 0 0
1984 49 1 1 14 0 0 0 0 0 7 0 0 0
1986 35 0 0 0 0 0 7 2 2 7 1 0 0
1990 12 0 0 6 0 0 0 0 0 6 0 0 0
1991 18 0 0 6 0 0 0 0 0 6 2 0 0
1994 10 0 0 6 0 0 0 0 0 2 2 0 0
1995 6 1 1 2 0 0 0 0 0 0 0 0 0
1996 10 0 0 0 0 0 2 0 0 2 2 0 0
2010 8 1 1 2 0 0 0 0 0 2 0 0 0
2011 6 0 0 2 0 0 2 0 0 0 0 0 0
2019 6 0 0 2 0 0 0 0 0 2 0 0 0
2034 2 0 0 0 0 0 2 1 1 0 0 0 0
2036 10 0 0 0 0 0 2 0 0 2 1 0 0
2040 4 2 2 0 0 0 2 0 0 0 0 0 0
2042 2 0 0 1 0 0 0 0 0 1 0 0 0
2049 4 0 0 1 0 0 0 0 0 2 1 0 0
2053 1 1 1 1 0 0 0 0 0 0 0 0 0
2054 1 0 0 0 0 0 1 0 0 0 0 0 0
2058 3 1 1 1 0 0 0 0 0 1 1 0 0
2059 1 0 0 0 0 0 0 0 0 0 0 0 0
2073 5 2 2 4 0 0 0 0 0 1 0 0 0
2074 7 2 2 2 0 0 0 0 0 2 1 0 0
2075 1 0 0 0 0 0 0 0 0 0 0 0 0
2084 2 1 1 0 0 0 0 0 0 1 1 0 0
2099 2 1 1 1 0 0 0 0 0 1 0 0 0
2100 16 1 1 2 0 0 4 0 0 1 1 0 0
2106 3 1 1 0 0 0 0 0 0 1 1 0 0
2107 1 0 0 0 0 0 0 0 0 0 0 0 0
2115 1 1 1 0 0 0 1 0 0 0 0 0 0
2129 2 0 0 1 0 0 0 0 0 1 0 0 0
2131 3 0 0 1 0 0 0 0 0 1 1 0 0
2135 3 1 1 0 0 0 1 0 0 0 0 0 0
2137 2 0 0 0 0 0 0 0 0 1 0 0 0
2141 2 0 0 0 0 0 0 0 0 1 0 0 0
2149 2 0 0 1 0 0 0 0 0 1 0 0 0
2172 9 1 1 0 0 0 2 0 0 0 0 0 0
2176 3 0 0 1 0 0 0 0 0 1 0 0 0
2177 1 0 0 0 0 0 1 0 0 0 0 0 0
2194 2 0 0 1 0 0 0 0 0 1 1 0 0
2200 1 0 0 0 0 0 1 0 0 0 0 0 0
2201 4 0 0 0 0 0 1 0 0 0 0 0 0
2202 2 1 1 0 0 0 0 0 0 1 0 0 0
2203 2 0 0 0 0 0 0 0 0 1 0 0 0
2207 9 1 1 0 0 0 2 0 0 0 0 0 0
2210 3 0 0 1 0 0 0 0 0 1 0 0 0
2222 8 0 0 2 0 0 0 0 0 0 0 0 0
2267 4 0 0 2 0 0 2 0 0 0 0 0 0
2268 34 1 1 7 0 0 10 0 0 0 0 0 0
2270 29 1 1 23 0 0 0 0 0 0 0 0 0
fn=_dl_map_object_from_fd
944 28 2 2 0 0 0 20 2 2 0 0 0 0
959 8 0 0 2 0 0 2 0 0 2 2 0 0
989 29 1 1 9 0 0 0 0 0 7 4 0 0
990 10 1 1 5 0 0 0 0 0 5 0 0 0
1008 4 1 1 2 0 0 0 0 0 2 2 0 0
1036 8 1 1 2 0 0 2 0 0 2 0 0 0
1046 4 0 0 2 0 0 0 0 0 2 0 0 0
1053 16 1 1 10 0 0 2 0 0 0 0 0 0
1054 4 0 0 0 0 0 0 0 0 2 0 0 0
1065 4 0 0 2 0 0 2 1 1 0 0 0 0
1066 6 0 0 2 0 0 2 0 0 0 0 0 0
1067 4 0 0 2 0 0 2 0 0 0 0 0 0
1069 6 0 0 0 0 0 0 0 0 0 0 0 0
1070 8 1 1 4 0 0 0 0 0 2 1 0 0
1071 2 0 0 0 0 0 1 0 0 0 0 0 0
1074 17 2 2 1 0 0 1 0 0 2 2 0 0
1075 6 0 0 1 0 0 1 1 1 1 1 0 0
1086 2 0 0 0 0 0 2 0 0 0 0 0 0
1088 2 0 0 0 0 0 2 0 0 0 0 0 0
1090 44 2 2 4 0 0 2 0 0 4 2 0 0
1091 2 0 0 0 0 0 0 0 0 0 0 0 0
1092 2 0 0 0 0 0 2 0 0 0 0 0 0
1093 2 0 0 0 0 0 2 0 0 0 0 0 0
1094 2 0 0 0 0 0 0 0 0 0 0 0 0
1100 87 0 0 4 0 0 0 0 0 27 0 0 0
1101 213 3 3 25 8 8 0 0 0 106 30 0 0
1107 4 1 1 2 1 1 0 0 0 2 0 0 0
1114 5 0 0 3 0 0 2 0 0 0 0 0 0
1115 6 0 0 2 1 1 2 0 0 0 0 0 0
1116 20 1 1 4 0 0 2 0 0 0 0 0 0
1121 2 0 0 1 0 0 1 0 0 0 0 0 0
1122 1 0 0 0 0 0 0 0 0 0 0 0 0
1127 62 0 0 26 3 3 2 0 0 8 0 0 0
1135 40 1 1 8 0 0 0 0 0 0 0 0 0
1136 52 1 1 0 0 0 8 2 2 0 0 0 0
1137 40 1 1 8 3 3 8 0 0 0 0 0 0
1138 8 0 0 0 0 0 8 0 0 0 0 0 0
1139 16 0 0 8 0 0 8 1 1 0 0 0 0
1141 56 0 0 8 0 0 0 0 0 0 0 0 0
1143 16 0 0 0 0 0 8 0 0 0 0 0 0
1156 16 0 0 0 0 0 0 0 0 8 2 0 0
1157 30 0 0 12 0 0 6 0 0 0 0 0 0
1162 8 0 0 0 0 0 0 0 0 0 0 0 0
1163 82 0 0 16 0 0 16 1 1 0 0 0 0
1176 3 1 1 1 0 0 0 0 0 1 0 0 0
1180 4 0 0 0 0 0 1 1 1 0 0 0 0
1181 1 0 0 1 0 0 0 0 0 0 0 0 0
1185 5 0 0 0 0 0 1 0 0 0 0 0 0
1186 2 1 1 1 0 0 1 0 0 0 0 0 0
1189 1 0 0 0 0 0 1 0 0 0 0 0 0
1194 4 0 0 1 0 0 0 0 0 1 1 0 0
1209 4 1 1 2 0 0 2 0 0 0 0 0 0
1210 2 0 0 0 0 0 0 0 0 0 0 0 0
1213 6 0 0 4 1 1 2 1 1 0 0 0 0
1218 14 1 1 10 0 0 0 0 0 2 0 0 0
1228 38 1 1 0 0 0 0 0 0 8 6 0 0
1229 16 0 0 0 0 0 8 0 0 0 0 0 0
1235 4 0 0 0 0 0 0 0 0 2 0 0 0
1245 8 0 0 4 0 0 0 0 0 4 0 0 0
1252 14 1 1 6 0 0 2 0 0 0 0 0 0
1264 2 1 1 0 0 0 0 0 0 0 0 0 0
1268 8 1 1 4 0 0 0 0 0 2 0 0 0
1269 6 0 0 2 0 0 2 0 0 0 0 0 0
1275 4 0 0 0 0 0 0 0 0 0 0 0 0
1276 4 1 1 0 0 0 0 0 0 2 2 0 0
1278 4 0 0 0 0 0 0 0 0 2 2 0 0
1288 6 0 0 2 0 0 0 0 0 2 0 0 0
1307 6 0 0 2 0 0 2 0 0 0 0 0 0
1309 12 1 1 4 0 0 0 0 0 2 0 0 0
1361 6 0 0 2 1 1 0 0 0 2 1 0 0
1362 2 0 0 1 0 0 1 0 0 0 0 0 0
1368 70 1 1 6 0 0 0 0 0 27 2 0 0
1369 117 1 1 25 21 21 0 0 0 46 21 0 0
1375 33 0 0 0 0 0 2 0 0 0 0 0 0
1380 8 1 1 2 0 0 2 0 0 2 0 0 0
1393 4 1 1 2 0 0 0 0 0 2 0 0 0
1395 8 0 0 4 0 0 2 0 0 0 0 0 0
1397 4 0 0 2 0 0 0 0 0 2 0 0 0
1413 4 0 0 0 0 0 2 0 0 0 0 0 0
1417 4 0 0 2 0 0 0 0 0 2 0 0 0
1418 4 1 1 2 0 0 0 0 0 2 2 0 0
1435 4 0 0 2 0 0 0 0 0 2 1 0 0
1436 1 0 0 0 0 0 1 0 0 0 0 0 0
1439 4 0 0 2 0 0 2 0 0 0 0 0 0
1444 4 0 0 2 0 0 0 0 0 2 0 0 0
1449 4 0 0 2 0 0 0 0 0 2 0 0 0
1461 16 1 1 6 0 0 0 0 0 2 2 0 0
1462 6 1 1 2 0 0 0 0 0 2 1 0 0
1463 9 1 1 3 0 0 1 0 0 2 1 0 0
1464 3 0 0 1 0 0 0 0 0 0 0 0 0
1465 5 0 0 1 0 0 1 0 0 0 0 0 0
1471 4 0 0 2 0 0 0 0 0 2 1 0 0
1472 4 0 0 1 0 0 0 0 0 1 1 0 0
1477 2 0 0 0 0 0 1 0 0 0 0 0 0
1484 6 1 1 2 0 0 2 0 0 0 0 0 0
1487 4 0 0 2 0 0 0 0 0 2 0 0 0
1491 6 0 0 2 0 0 2 0 0 0 0 0 0
1492 6 0 0 2 0 0 0 0 0 2 2 0 0
1510 4 1 1 0 0 0 0 0 0 2 2 0 0
1514 14 1 1 6 0 0 0 0 0 2 0 0 0
1515 8 1 1 2 0 0 2 0 0 0 0 0 0
1519 18 1 1 14 0 0 0 0 0 0 0 0 0
fn=_dl_process_pt_gnu_property
868 9 1 1 0 0 0 0 0 0 0 0 0 0
869 6 0 0 6 0 0 0 0 0 0 0 0 0
870 3 0 0 3 0 0 0 0 0 0 0 0 0
876 6 0 0 3 0 0 0 0 0 3 0 0 0
882 15 0 0 0 0 0 0 0 0 3 0 0 0
885 9 1 1 3 2 2 0 0 0 3 0 0 0
886 6 0 0 3 1 1 0 0 0 3 0 0 0
887 6 0 0 3 0 0 0 0 0 3 0 0 0
890 9 0 0 3 0 0 0 0 0 3 0 0 0
891 9 1 1 0 0 0 0 0 0 3 0 0 0
895 3 0 0 0 0 0 0 0 0 0 0 0 0
896 6 0 0 0 0 0 0 0 0 0 0 0 0
900 10 1 1 5 0 0 0 0 0 0 0 0 0
901 5 0 0 5 0 0 0 0 0 0 0 0 0
904 10 0 0 0 0 0 0 0 0 5 0 0 0
907 5 0 0 0 0 0 0 0 0 0 0 0 0
908 20 0 0 0 0 0 0 0 0 5 0 0 0
918 9 0 0 0 0 0 0 0 0 0 0 0 0
920 12 0 0 0 0 0 0 0 0 3 1 0 0
fn=expand_dynamic_string_token
241 6 0 0 0 0 0 2 1 1 0 0 0 0
244 4 0 0 0 0 0 0 0 0 2 1 0 0
385 20 1 1 0 0 0 12 0 0 0 0 0 0
399 4 0 0 0 0 0 0 0 0 0 0 0 0
410 14 1 1 12 0 0 0 0 0 0 0 0 0
fn=fillin_rpath.isra.0
468 17 2 2 0 0 0 12 0 0 0 0 0 0
472 1 0 0 0 0 0 0 0 0 0 0 0 0
474 12 1 1 4 0 0 2 0 0 2 1 0 0
481 2 0 0 1 0 0 0 0 0 1 0 0 0
483 6 0 0 1 0 0 2 0 0 0 0 0 0
487 2 0 0 0 0 0 0 0 0 1 0 0 0
492 3 0 0 0 0 0 1 0 0 0 0 0 0
493 2 0 0 0 0 0 0 0 0 1 1 0 0
500 5 1 1 1 0 0 0 0 0 2 2 0 0
505 2 1 1 0 0 0 1 0 0 0 0 0 0
509 15 0 0 5 0 0 0 0 0 5 2 0 0
510 8 1 1 4 0 0 0 0 0 4 4 0 0
528 4 1 1 1 0 0 1 0 0 1 1 0 0
532 4 0 0 2 0 0 0 0 0 0 0 0 0
534 2 1 1 0 0 0 0 0 0 1 0 0 0
538 1 0 0 0 0 0 1 0 0 0 0 0 0
539 2 0 0 1 0 0 0 0 0 0 0 0 0
540 4 0 0 0 0 0 2 0 0 0 0 0 0
541 1 0 0 0 0 0 1 0 0 0 0 0 0
543 2 0 0 1 0 0 0 0 0 1 1 0 0
549 4 0 0 1 0 0 0 0 0 0 0 0 0
550 14 1 1 1 0 0 0 0 0 4 1 0 0
551 4 1 1 0 0 0 3 0 0 0 0 0 0
553 2 0 0 1 0 0 1 0 0 0 0 0 0
554 3 1 1 1 0 0 0 0 0 1 1 0 0
555 1 0 0 0 0 0 1 0 0 0 0 0 0
561 2 0 0 1 0 0 1 0 0 0 0 0 0
562 1 0 0 0 0 0 1 0 0 0 0 0 0
565 3 0 0 0 0 0 1 0 0 0 0 0 0
571 1 0 0 0 0 0 1 0 0 0 0 0 0
574 8 0 0 7 0 0 0 0 0 0 0 0 0
fn=open_path
1812 11 2 2 0 0 0 9 2 2 0 0 0 0
1813 2 0 0 1 0 0 1 0 0 0 0 0 0
1816 1 0 0 0 0 0 1 0 0 0 0 0 0
1817 1 0 0 0 0 0 1 0 0 0 0 0 0
1819 2 0 0 0 0 0 0 0 0 1 0 0 0
1822 2 0 0 0 0 0 0 0 0 0 0 0 0
1824 22 2 2 3 1 1 2 0 0 2 2 0 0
1827 2 0 0 2 0 0 0 0 0 0 0 0 0
1831 1 0 0 0 0 0 0 0 0 0 0 0 0
1835 6 0 0 1 0 0 1 0 0 1 0 0 0
1842 6 1 1 3 0 0 2 1 1 0 0 0 0
1843 22 1 1 6 0 0 2 0 0 5 1 0 0
1846 6 0 0 3 0 0 0 0 0 3 0 0 0
1851 33 1 1 18 0 0 6 0 0 0 0 0 0
1854 6 0 0 0 0 0 0 0 0 0 0 0 0
1860 9 0 0 3 0 0 0 0 0 3 0 0 0
1863 24 1 1 9 0 0 3 0 0 0 0 0 0
1865 9 0 0 3 0 0 0 0 0 3 0 0 0
1867 6 0 0 0 0 0 0 0 0 3 2 0 0
1872 6 1 1 0 0 0 0 0 0 3 0 0 0
1873 21 0 0 9 0 0 0 0 0 3 2 0 0
1879 9 1 1 3 0 0 3 0 0 0 0 0 0
1881 20 0 0 3 0 0 4 0 0 3 2 0 0
1882 2 0 0 1 1 1 0 0 0 0 0 0 0
1884 3 0 0 0 0 0 0 0 0 0 0 0 0
1891 14 3 3 2 0 0 6 0 0 0 0 0 0
1893 4 0 0 1 0 0 0 0 0 0 0 0 0
1937 8 1 1 2 0 0 1 1 1 3 0 0 0
1941 1 0 0 1 0 0 0 0 0 0 0 0 0
1943 4 0 0 3 0 0 0 0 0 1 0 0 0
1946 3 0 0 2 0 0 0 0 0 1 0 0 0
1960 9 1 1 7 0 0 0 0 0 0 0 0 0
fn=open_verify.constprop.0
1572 60 1 1 0 0 0 40 1 1 0 0 0 0
1604 15 0 0 5 0 0 0 0 0 5 0 0 0
1609 6 1 1 0 0 0 0 0 0 0 0 0 0
1623 25 0 0 0 0 0 5 0 0 0 0 0 0
1625 10 1 1 0 0 0 0 0 0 5 2 0 0
1633 2 0 0 0 0 0 2 0 0 0 0 0 0
1634 6 0 0 0 0 0 2 0 0 0 0 0 0
1639 12 0 0 0 0 0 2 0 0 0 0 0 0
1641 4 1 1 0 0 0 0 0 0 2 1 0 0
1643 4 0 0 2 0 0 2 0 0 0 0 0 0
1645 4 0 0 0 0 0 0 0 0 2 0 0 0
1651 4 0 0 0 0 0 0 0 0 2 0 0 0
1668 29 4 4 9 1 1 0 0 0 9 4 0 0
1749 4 0 0 2 0 0 0 0 0 2 1 0 0
1754 4 1 1 2 0 0 0 0 0 2 0 0 0
1760 8 0 0 2 0 0 0 0 0 2 1 0 0
1766 4 0 0 2 1 1 0 0 0 2 0 0 0
1772 8 0 0 2 0 0 0 0 0 0 0 0 0
1773 8 1 1 2 0 0 0 0 0 2 1 0 0
1777 16 3 3 1 0 0 0 0 0 2 2 0 0
1778 5 0 0 0 0 0 1 1 1 1 1 0 0
1799 45 0 0 35 0 0 0 0 0 0 0 0 0
fl=./elf/./elf/dl-lookup-direct.c
fn=_dl_lookup_direct
32 15 0 0 9 0 0 0 0 0 3 3 0 0
33 9 1 1 0 0 0 0 0 0 0 0 0 0
35 6 0 0 3 3 3 0 0 0 0 0 0 0
36 6 0 0 3 0 0 0 0 0 3 0 0 0
48 9 0 0 3 0 0 3 0 0 3 0 0 0
51 6 0 0 6 0 0 0 0 0 0 0 0 0
53 21 1 1 6 0 0 6 0 0 3 0 0 0
57 9 0 0 9 1 1 0 0 0 0 0 0 0
58 21 0 0 9 0 0 0 0 0 3 0 0 0
59 15 0 0 6 0 0 3 0 0 3 0 0 0
74 39 2 2 0 0 0 27 0 0 0 0 0 0
76 6 0 0 3 0 0 0 0 0 3 1 0 0
78 21 0 0 9 0 0 0 0 0 0 0 0 0
79 6 0 0 0 0 0 0 0 0 3 1 0 0
81 12 1 1 3 0 0 3 0 0 0 0 0 0
84 25 0 0 5 2 1 0 0 0 5 2 0 0
86 12 0 0 3 0 0 0 0 0 0 0 0 0
93 6 2 2 0 0 0 0 0 0 2 2 0 0
115 3 0 0 0 0 0 0 0 0 0 0 0 0
116 27 0 0 21 0 0 0 0 0 0 0 0 0
fl=./elf/./elf/dl-lookup.c
fn=_dl_lookup_symbol_x
772 1469 2 2 0 0 0 1017 2 2 0 0 0 0
774 226 0 0 0 0 0 113 0 0 0 0 0 0
775 452 0 0 0 0 0 113 0 0 0 0 0 0
778 113 0 0 113 0 0 0 0 0 0 0 0 0
782 434 0 0 104 0 0 0 0 0 217 9 0 0
785 226 1 1 113 0 0 0 0 0 113 0 0 0
787 226 0 0 226 1 0 0 0 0 0 0 0 0
791 1617 0 0 7 0 0 339 0 0 120 2 0 0
792 1921 2 2 791 0 0 791 1 1 113 2 0 0
797 565 0 0 226 0 0 0 0 0 113 2 0 0
799 42 1 1 7 0 0 0 0 0 14 2 0 0
816 113 0 0 0 0 0 113 0 0 0 0 0 0
817 21 1 1 0 0 0 0 0 0 0 0 0 0
820 226 0 0 113 0 0 0 0 0 0 0 0 0
821 726 0 0 102 0 0 0 0 0 208 83 0 0
828 134 1 1 106 0 0 0 0 0 0 0 0 0
856 424 1 1 106 0 0 0 0 0 106 0 0 0
870 318 0 0 106 1 1 0 0 0 106 1 0 0
871 2 1 1 0 0 0 1 0 0 0 0 0 0
873 212 0 0 106 0 0 0 0 0 106 0 0 0
890 424 0 0 106 0 0 0 0 0 0 0 0 0
892 1017 1 1 791 0 0 0 0 0 0 0 0 0
fn=check_match
70 1620 1 1 216 29 27 648 1 1 0 0 0 0
73 864 1 1 216 12 11 0 0 0 110 4 0 0
78 4 0 0 0 0 0 0 0 0 0 0 0 0
86 530 0 0 0 0 0 0 0 0 106 0 0 0
89 482 0 0 90 0 0 45 0 0 151 13 0 0
93 106 1 1 106 0 0 0 0 0 0 0 0 0
94 212 0 0 0 0 0 0 0 0 106 2 0 0
96 208 0 0 0 0 0 0 0 0 104 0 0 0
115 208 0 0 208 5 4 0 0 0 0 0 0 0
116 832 1 1 312 2 0 0 0 0 104 10 0 0
117 520 2 2 208 0 0 104 0 0 104 8 0 0
144 4 0 0 0 0 0 0 0 0 2 0 0 0
146 12 0 0 4 2 2 0 0 0 2 2 0 0
147 8 0 0 0 0 0 0 0 0 0 0 0 0
161 106 0 0 0 0 0 0 0 0 0 0 0 0
162 864 0 0 756 0 0 0 0 0 0 0 0 0
fn=do_lookup_x
347 1582 2 2 226 0 0 1130 2 2 0 0 0 0
348 113 0 0 113 0 0 0 0 0 0 0 0 0
353 113 0 0 0 0 0 0 0 0 0 0 0 0
354 113 0 0 113 0 0 0 0 0 0 0 0 0
358 730 1 1 730 0 0 0 0 0 0 0 0 0
361 730 0 0 0 0 0 0 0 0 365 0 0 0
365 962 0 0 116 0 0 0 0 0 368 65 0 0
386 728 1 1 364 0 0 0 0 0 364 14 0 0
390 728 0 0 364 0 0 0 0 0 364 12 0 0
396 1092 0 0 364 0 0 0 0 0 364 0 0 0
400 364 0 0 0 0 0 364 0 0 0 0 0 0
401 364 0 0 0 0 0 364 0 0 0 0 0 0
404 1820 0 0 1092 0 0 0 0 0 364 6 0 0
405 1092 1 1 728 0 0 0 0 0 0 0 0 0
408 364 0 0 364 0 0 0 0 0 0 0 0 0
409 728 0 0 0 0 0 0 0 0 364 0 0 0
411 364 0 0 364 52 52 0 0 0 0 0 0 0
412 339 0 0 0 0 0 113 0 0 0 0 0 0
413 728 0 0 728 0 0 0 0 0 0 0 0 0
415 791 1 1 113 0 0 226 0 0 0 0 0 0
416 1456 0 0 728 0 0 0 0 0 0 0 0 0
419 2548 0 0 364 0 0 0 0 0 364 111 0 0
422 216 0 0 216 43 43 0 0 0 0 0 0 0
423 324 1 1 108 0 0 0 0 0 0 0 0 0
424 216 0 0 0 0 0 0 0 0 108 0 0 0
426 216 0 0 108 0 0 0 0 0 0 0 0 0
429 1185 1 1 237 71 70 0 0 0 237 97 0 0
431 324 0 0 108 0 0 0 0 0 0 0 0 0
432 2700 2 2 756 0 0 1404 2 2 0 0 0 0
433 216 0 0 0 0 0 0 0 0 0 0 0 0
436 324 0 0 0 0 0 0 0 0 108 8 0 0
439 397 0 0 2 0 0 0 0 0 131 2 0 0
461 848 1 1 636 0 0 0 0 0 0 0 0 0
470 16 2 2 14 0 0 0 0 0 2 2 0 0
476 212 1 1 0 0 0 0 0 0 106 0 0 0
483 808 0 0 106 0 0 0 0 0 298 11 0 0
487 30 1 1 10 0 0 0 0 0 10 4 0 0
499 212 0 0 106 0 0 106 0 0 0 0 0 0
500 106 0 0 0 0 0 106 0 0 0 0 0 0
501 106 0 0 0 0 0 0 0 0 0 0 0 0
518 777 0 0 0 0 0 0 0 0 259 7 0 0
521 7 0 0 0 0 0 0 0 0 0 0 0 0
522 904 1 1 791 0 0 0 0 0 0 0 0 0
fl=./elf/./elf/dl-minimal-malloc.c
fn=__minimal_calloc
80 40 1 1 0 0 0 0 0 0 0 0 0 0
84 8 0 0 0 0 0 0 0 0 0 0 0 0
87 8 0 0 0 0 0 0 0 0 0 0 0 0
88 24 0 0 0 0 0 0 0 0 8 8 0 0
fn=__minimal_free
97 1 1 1 0 0 0 0 0 0 0 0 0 0
99 4 0 0 2 0 0 0 0 0 1 0 0 0
fn=__minimal_malloc
36 192 2 2 0 0 0 96 1 1 0 0 0 0
37 72 0 0 24 1 1 0 0 0 24 1 0 0
42 3 1 1 0 0 0 1 0 0 0 0 0 0
43 2 1 1 1 0 0 0 0 0 0 0 0 0
44 2 0 0 0 0 0 0 0 0 0 0 0 0
48 95 0 0 23 0 0 24 0 0 0 0 0 0
51 160 0 0 0 0 0 0 0 0 46 3 0 0
56 8 0 0 2 0 0 0 0 0 0 0 0 0
57 8 0 0 0 0 0 0 0 0 2 0 0 0
59 2 1 1 0 0 0 0 0 0 0 0 0 0
60 16 0 0 0 0 0 2 0 0 0 0 0 0
62 4 0 0 0 0 0 0 0 0 2 0 0 0
64 8 0 0 0 0 0 2 0 0 0 0 0 0
65 6 0 0 2 0 0 0 0 0 2 0 0 0
67 6 0 0 0 0 0 2 0 0 0 0 0 0
70 24 1 1 0 0 0 24 0 0 0 0 0 0
71 26 0 0 0 0 0 24 0 0 0 0 0 0
73 144 0 0 120 0 0 0 0 0 0 0 0 0
fl=./elf/./elf/dl-minimal.c
fn=__rtld_malloc_init_real
76 10 1 1 0 0 0 6 0 0 0 0 0 0
86 2 1 1 0 0 0 1 0 0 0 0 0 0
87 1 0 0 0 0 0 1 0 0 0 0 0 0
89 1 0 0 0 0 0 1 0 0 0 0 0 0
91 6 1 1 0 0 0 1 0 0 0 0 0 0
92 5 0 0 0 0 0 1 0 0 0 0 0 0
93 5 0 0 0 0 0 1 0 0 0 0 0 0
94 4 1 1 0 0 0 1 0 0 0 0 0 0
99 1 0 0 0 0 0 1 0 0 0 0 0 0
100 1 0 0 0 0 0 1 0 0 0 0 0 0
101 1 0 0 0 0 0 1 0 0 0 0 0 0
102 1 0 0 0 0 0 1 0 0 0 0 0 0
103 8 0 0 7 0 0 0 0 0 0 0 0 0
fn=__rtld_malloc_init_stubs
42 1 1 1 0 0 0 0 0 0 0 0 0 0
43 2 1 1 0 0 0 1 1 1 0 0 0 0
44 2 0 0 0 0 0 1 0 0 0 0 0 0
45 2 0 0 0 0 0 1 0 0 0 0 0 0
46 2 0 0 0 0 0 1 0 0 0 0 0 0
47 1 0 0 1 0 0 0 0 0 0 0 0 0
fn=lookup_malloc_symbol
61 36 1 1 0 0 0 16 0 0 0 0 0 0
63 4 0 0 0 0 0 4 0 0 0 0 0 0
64 28 0 0 4 0 0 12 0 0 0 0 0 0
68 28 1 1 16 0 0 0 0 0 4 0 0 0
69 28 0 0 12 0 0 0 0 0 4 0 0 0
71 4 0 0 0 0 0 4 0 0 0 0 0 0
72 24 0 0 20 0 0 0 0 0 0 0 0 0
fn=strsep
239 2 1 1 0 0 0 0 0 0 0 0 0 0
242 4 0 0 2 1 1 0 0 0 2 0 0 0
244 2 0 0 2 0 0 0 0 0 0 0 0 0
245 4 0 0 0 0 0 0 0 0 2 1 0 0
247 2 0 0 0 0 0 0 0 0 0 0 0 0
249 47 1 1 15 0 0 0 0 0 15 4 0 0
251 28 0 0 0 0 0 0 0 0 0 0 0 0
254 56 0 0 28 0 0 0 0 0 28 6 0 0
256 84 0 0 28 0 0 0 0 0 28 3 0 0
264 14 0 0 0 0 0 0 0 0 0 0 0 0
267 1 0 0 0 0 0 1 0 0 0 0 0 0
271 4 0 0 2 0 0 0 0 0 0 0 0 0
fl=./elf/./elf/dl-misc.c
fn=_dl_name_match_p
68 98 1 1 0 0 0 42 0 0 0 0 0 0
69 56 0 0 14 0 0 14 0 0 14 0 0 0
70 3 0 0 0 0 0 0 0 0 0 0 0 0
72 14 0 0 14 0 0 0 0 0 0 0 0 0
74 58 0 0 0 0 0 0 0 0 29 18 0 0
75 90 1 1 18 0 0 18 0 0 18 8 0 0
80 15 0 0 15 0 0 0 0 0 0 0 0 0
82 11 0 0 0 0 0 0 0 0 0 0 0 0
83 56 0 0 56 0 0 0 0 0 0 0 0 0
fn=_dl_sysdep_read_whole_file
36 11 1 1 0 0 0 5 0 0 0 0 0 0
39 3 0 0 0 0 0 1 0 0 0 0 0 0
40 2 1 1 0 0 0 0 0 0 1 1 0 0
42 6 0 0 0 0 0 1 0 0 1 0 0 0
44 2 0 0 1 0 0 1 0 0 0 0 0 0
47 2 1 1 0 0 0 0 0 0 1 1 0 0
49 8 0 0 0 0 0 1 0 0 0 0 0 0
60 3 0 0 0 0 0 1 0 0 0 0 0 0
63 8 0 0 6 0 0 0 0 0 0 0 0 0
fl=./elf/./elf/dl-object.c
fn=_dl_add_to_namespace_list
31 27 1 1 0 0 0 12 1 1 0 0 0 0
33 9 0 0 3 0 0 3 0 0 0 0 3 1
35 26 1 1 3 0 0 0 0 0 3 1 0 0
38 20 0 0 5 0 0 0 0 0 5 3 0 0
40 2 0 0 0 0 0 2 0 0 0 0 0 0
42 2 0 0 0 0 0 2 0 0 0 0 0 0
45 2 1 1 0 0 0 1 0 0 0 0 0 0
46 9 0 0 3 0 0 0 0 0 0 0 0 0
47 6 0 0 3 0 0 3 0 0 0 0 0 0
48 6 0 0 0 0 0 3 0 0 0 0 0 0
50 6 0 0 3 0 0 0 0 0 0 0 3 1
51 15 0 0 12 0 0 0 0 0 0 0 0 0
fn=_dl_new_object
59 45 1 1 0 0 0 30 2 2 0 0 0 0
62 6 0 0 0 0 0 0 0 0 3 1 0 0
64 2 1 1 0 0 0 0 0 0 1 1 0 0
66 3 1 1 1 0 0 0 0 0 1 0 0 0
67 2 0 0 0 0 0 0 0 0 1 0 0 0
71 6 0 0 0 0 0 2 0 0 0 0 0 0
77 2 1 1 0 0 0 0 0 0 0 0 0 0
80 4 0 0 2 0 0 0 0 0 0 0 0 0
83 11 1 1 0 0 0 7 0 0 0 0 0 0
87 4 0 0 0 0 0 0 0 0 0 0 0 0
92 2 0 0 0 0 0 0 0 0 0 0 0 0
95 6 0 0 0 0 0 0 0 0 3 0 0 0
98 3 0 0 0 0 0 3 3 3 0 0 0 0
99 3 0 0 0 0 0 3 3 3 0 0 0 0
100 6 0 0 3 0 0 0 0 0 0 0 0 0
103 6 0 0 0 0 0 3 0 0 0 0 0 0
104 21 1 1 9 0 0 9 1 1 0 0 0 0
106 3 1 1 0 0 0 3 0 0 0 0 0 0
119 13 0 0 8 0 0 0 0 0 5 4 0 0
123 2 0 0 0 0 0 0 0 0 0 0 0 0
125 1 0 0 0 0 0 0 0 0 0 0 0 0
127 21 0 0 6 3 3 6 0 0 0 0 0 0
130 6 0 0 3 0 0 0 0 0 3 2 0 0
131 6 1 1 0 0 0 3 3 3 0 0 0 0
132 3 1 1 0 0 0 3 1 1 0 0 0 0
136 3 0 0 0 0 0 3 0 0 0 0 0 0
139 34 0 0 0 0 0 0 0 0 12 9 0 0
141 20 1 1 0 0 0 16 4 4 1 1 0 0
149 6 1 1 0 0 0 3 0 0 0 0 0 0
150 3 0 0 0 0 0 3 3 3 0 0 0 0
153 1 0 0 0 0 0 0 0 0 0 0 0 0
155 18 0 0 3 1 1 0 0 0 3 1 0 0
157 8 0 0 0 0 0 2 1 1 0 0 0 0
160 8 1 1 0 0 0 0 0 0 3 0 0 0
164 8 0 0 2 0 0 0 0 0 2 0 0 0
168 14 1 1 2 0 0 0 0 0 4 3 0 0
176 1 1 1 0 0 0 1 0 0 0 0 0 0
179 6 0 0 0 0 0 3 1 1 0 0 0 0
189 12 0 0 6 0 0 0 0 0 3 1 0 0
191 8 0 0 0 0 0 4 0 0 0 0 0 0
195 6 0 0 0 0 0 0 0 0 2 0 0 0
199 4 0 0 0 0 0 0 0 0 0 0 0 0
200 4 0 0 0 0 0 0 0 0 2 0 0 0
208 2 0 0 0 0 0 0 0 0 0 0 0 0
212 2 1 1 0 0 0 0 0 0 0 0 0 0
245 8 1 0 4 0 0 2 0 0 0 0 0 0
250 84 0 0 0 0 0 0 0 0 0 0 0 0
251 84 0 0 42 0 0 0 0 0 42 14 0 0
255 4 0 0 0 0 0 0 0 0 0 0 0 0
256 2 0 0 0 0 0 2 0 0 0 0 0 0
259 2 0 0 0 0 0 2 0 0 0 0 0 0
263 27 1 1 21 0 0 0 0 0 0 0 0 0
fl=./elf/./elf/dl-reloc.c
fn=_dl_relocate_object
170 712 1 1 178 74 74 0 0 0 178 25 0 0
171 232 1 1 0 0 0 0 0 0 116 2 0 0
174 1207 1 1 116 2 0 0 0 0 225 14 0 0
175 84 2 2 7 0 0 0 0 0 35 2 0 0
177 7 0 0 7 0 0 0 0 0 0 0 0 0
178 28 1 1 7 0 0 7 0 0 0 0 0 0
182 218 0 0 0 0 0 0 0 0 109 0 0 0
183 109 0 0 0 0 0 109 0 0 0 0 0 0
184 109 0 0 0 0 0 109 0 0 0 0 0 0
186 878 2 2 436 0 0 6 0 0 109 66 0 0
187 515 1 1 103 2 0 103 0 0 0 0 0 0
188 206 0 0 0 0 0 0 0 0 103 0 0 0
190 818 2 2 218 0 0 351 0 0 3 0 0 0
193 109 0 0 109 0 0 0 0 0 0 0 0 0
194 763 1 1 327 0 0 109 0 0 0 0 0 0
196 7 1 1 7 0 0 0 0 0 0 0 0 0
207 55 1 1 0 0 0 40 0 0 0 0 0 0
208 10 0 0 5 0 0 0 0 0 5 1 0 0
220 8 0 0 0 0 0 0 0 0 0 0 0 0
221 12 0 0 0 0 0 4 0 0 0 0 0 0
224 16 1 1 0 0 0 4 0 0 0 0 0 0
226 12 0 0 0 0 0 0 0 0 4 0 0 0
228 4 0 0 4 0 0 0 0 0 0 0 0 0
229 12 0 0 4 0 0 0 0 0 4 4 0 0
251 20 2 2 8 0 0 0 0 0 4 4 0 0
252 8 1 1 4 3 0 0 0 0 4 2 0 0
253 2 0 0 0 0 0 0 0 0 0 0 0 0
255 8 0 0 0 0 0 0 0 0 4 0 0 0
262 12 1 1 4 1 0 0 0 0 4 0 0 0
301 10034 8 8 1160 212 200 26 0 0 3489 415 0 0
304 20 0 0 8 0 0 0 0 0 8 0 0 0
328 4 0 0 4 0 0 0 0 0 0 0 0 0
331 8 0 0 0 0 0 0 0 0 4 0 0 0
348 12 0 0 4 4 0 0 0 0 4 4 0 0
350 40 0 0 35 1 0 0 0 0 0 0 0 0
356 24 1 1 12 0 0 0 0 0 0 0 0 0
359 8 0 0 0 0 0 0 0 0 0 0 0 0
363 8 1 1 0 0 0 0 0 0 4 0 0 0
364 24 0 0 0 0 0 4 0 0 4 3 0 0
fl=./elf/./elf/dl-setup_hash.c
fn=_dl_setup_hash
25 8 1 1 0 0 0 0 0 0 0 0 0 0
28 12 1 1 4 0 0 0 0 0 4 0 0 0
31 12 0 0 8 0 0 0 0 0 4 0 0 0
32 8 0 0 4 3 3 4 1 1 0 0 0 0
33 4 0 0 4 0 0 0 0 0 0 0 0 0
34 4 0 0 4 0 0 0 0 0 0 0 0 0
36 12 0 0 0 0 0 0 0 0 4 0 0 0
37 4 0 0 0 0 0 4 0 0 0 0 0 0
38 12 1 1 4 0 0 4 0 0 0 0 0 0
40 4 0 0 0 0 0 4 0 0 0 0 0 0
41 8 0 0 0 0 0 0 0 0 0 0 0 0
43 4 0 0 0 0 0 4 0 0 0 0 0 0
45 12 0 0 0 0 0 4 0 0 0 0 0 0
50 4 0 0 4 0 0 0 0 0 0 0 0 0
fl=./elf/./elf/dl-sort-maps.c
fn=_dl_sort_maps
140 40 0 0 8 0 0 8 0 0 8 0 0 0
181 2 0 0 0 0 0 2 0 0 0 0 0 0
182 4 0 0 2 0 0 0 0 0 0 0 0 0
183 34 0 0 0 0 0 0 0 0 10 7 0 0
184 16 2 1 16 0 0 0 0 0 0 0 0 0
211 34 4 2 2 1 0 0 0 0 4 2 0 0
216 4 0 0 0 0 0 2 0 0 0 0 0 0
218 2 0 0 0 0 0 2 0 0 0 0 0 0
219 10 0 0 0 0 0 0 0 0 0 0 0 0
221 26 2 1 0 0 0 0 0 0 6 0 0 0
223 8 0 0 8 0 0 0 0 0 0 0 0 0
226 24 0 0 8 0 0 0 0 0 8 6 0 0
244 8 2 1 2 0 0 0 0 0 2 2 0 0
263 8 2 1 0 0 0 2 0 0 0 0 0 0
276 8 2 1 2 0 0 0 0 0 4 2 0 0
283 2 2 1 0 0 0 0 0 0 0 0 0 0
298 26 1 0 0 0 0 14 1 0 0 0 0 0
306 6 2 1 2 1 0 0 0 0 2 2 0 0
310 18 4 2 14 0 0 0 0 0 0 0 0 0
fn=_dl_sort_maps_init
289 4 2 2 0 0 0 1 0 0 0 0 0 0
290 4 0 0 0 0 0 1 0 0 0 0 0 0
291 1 0 0 0 0 0 1 0 0 0 0 0 0
292 3 0 0 1 0 0 0 0 0 0 0 0 0
293 2 0 0 2 0 0 0 0 0 0 0 0 0
fn=dfs_traversal.part.0
135 72 2 1 0 0 0 40 1 0 0 0 0 0
140 20 0 0 10 0 0 0 0 0 10 3 0 0
143 8 0 0 8 0 0 0 0 0 0 0 0 0
145 24 0 0 8 3 0 0 0 0 8 3 0 0
147 60 0 0 15 2 0 0 0 0 15 5 0 0
156 28 3 2 4 0 0 0 0 0 12 8 0 0
171 24 0 0 8 0 0 8 0 0 0 0 0 0
172 8 0 0 0 0 0 8 0 0 0 0 0 0
173 48 0 0 48 0 0 0 0 0 0 0 0 0
fl=./elf/./elf/dl-tunables.c
fn=__GI___tunable_set_val
72 50 1 1 5 0 0 0 0 0 10 0 0 0
82 5 0 0 5 0 0 0 0 0 0 0 0 0
93 40 1 1 10 0 0 0 0 0 5 0 0 0
94 25 0 0 10 0 0 0 0 0 5 0 0 0
97 10 0 0 0 0 0 0 0 0 5 2 0 0
100 35 0 0 0 0 0 0 0 0 0 0 0 0
104 10 0 0 0 0 0 0 0 0 5 2 0 0
111 10 0 0 0 0 0 0 0 0 5 0 0 0
112 10 0 0 0 0 0 0 0 0 5 2 0 0
115 25 1 1 0 0 0 5 0 0 0 0 0 0
116 5 0 0 0 0 0 5 0 0 0 0 0 0
117 5 0 0 0 0 0 5 0 0 0 0 0 0
118 5 0 0 0 0 0 5 0 0 0 0 0 0
153 30 1 1 0 0 0 10 0 0 0 0 0 0
157 15 0 0 15 0 0 0 0 0 0 0 0 0
fn=__GI___tunables_init
42 155 1 1 31 0 0 0 0 0 62 1 0 0
45 30 0 0 0 0 0 0 0 0 0 0 0 0
48 2254 0 0 322 15 15 0 0 0 644 45 0 0
52 60 0 0 0 0 0 0 0 0 30 0 0 0
56 120 1 1 0 0 0 0 0 0 0 0 0 0
128 1 0 0 0 0 0 0 0 0 0 0 0 0
261 10 2 2 0 0 0 6 0 0 0 0 0 0
267 4 0 0 1 0 0 0 0 0 1 0 0 0
281 4920 0 0 0 0 0 0 0 0 1230 30 0 0
283 2 0 0 0 0 0 0 0 0 0 0 0 0
287 8910 1 1 2460 41 41 0 0 0 2460 334 0 0
304 8 1 1 7 0 0 0 0 0 0 0 0 0
fn=__tunable_get_val
387 72 1 1 0 0 0 0 0 0 0 0 0 0
390 426 1 1 36 35 31 0 0 0 69 17 0 0
399 47 0 0 33 12 0 14 0 0 0 0 0 0
400 14 0 0 0 0 0 0 0 0 0 0 0 0
409 28 1 1 0 0 0 22 0 0 0 0 0 0
416 216 0 0 36 4 0 0 0 0 36 31 0 0
418 36 0 0 36 0 0 0 0 0 0 0 0 0
fl=./elf/./elf/dl-tunables.h
fn=__GI___tunable_set_val
141 10 0 0 0 0 0 0 0 0 5 3 0 0
142 10 1 1 0 0 0 0 0 0 0 0 0 0
151 5 0 0 0 0 0 0 0 0 0 0 0 0
fn=__GI___tunables_init
160 630 1 1 400 1 1 0 0 0 35 8 0 0
161 1434 0 0 0 0 0 0 0 0 367 40 0 0
fl=./elf/./elf/dl-version.c
fn=_dl_check_all_versions
392 7 1 1 0 0 0 5 0 0 0 0 0 0
394 1 0 0 0 0 0 0 0 0 0 0 0 0
396 17 0 0 4 0 0 0 0 0 5 3 0 0
397 4 0 0 0 0 0 0 0 0 0 0 0 0
398 36 1 1 4 0 0 4 0 0 4 4 0 0
401 7 0 0 6 0 0 0 0 0 0 0 0 0
fn=_dl_check_map_versions
36 26 0 0 4 0 0 0 0 0 7 2 0 0
37 5 0 0 5 0 0 0 0 0 0 0 0 0
38 37 1 1 0 0 0 7 0 0 7 4 0 0
56 36 0 0 27 0 0 0 0 0 9 7 0 0
64 27 0 0 9 0 0 0 0 0 9 0 0 0
70 27 1 1 9 0 0 0 0 0 9 0 0 0
86 9 0 0 9 0 0 0 0 0 0 0 0 0
87 18 0 0 0 0 0 0 0 0 9 0 0 0
89 9 0 0 9 0 0 0 0 0 0 0 0 0
94 263 0 0 109 12 12 27 0 0 109 5 0 0
108 218 0 0 109 4 4 0 0 0 109 10 0 0
110 9 1 1 9 0 0 0 0 0 0 0 0 0
113 72 1 1 27 1 1 18 0 0 9 0 0 0
120 300 1 1 100 7 7 0 0 0 100 0 0 0
124 100 0 0 0 0 0 0 0 0 0 0 0 0
155 40 0 0 0 0 0 24 0 0 0 0 0 0
156 4 0 0 0 0 0 4 0 0 0 0 0 0
164 6 1 1 0 0 0 4 0 0 0 0 0 0
170 12 0 0 4 0 0 0 0 0 4 0 0 0
172 20 1 1 8 0 0 0 0 0 4 0 0 0
174 4 0 0 4 0 0 0 0 0 0 0 0 0
175 4 0 0 4 0 0 0 0 0 0 0 0 0
177 8 0 0 0 0 0 0 0 0 4 2 0 0
180 6 1 1 4 0 0 0 0 0 0 0 0 0
184 16 0 0 2 2 2 10 0 0 2 0 0 0
200 6 1 1 4 0 0 0 0 0 0 0 0 0
208 6 0 0 2 0 0 0 0 0 2 0 0 0
213 6 0 0 2 1 1 0 0 0 0 0 0 0
215 7 0 0 0 0 0 0 0 0 0 0 0 0
217 36 1 1 18 2 2 9 0 0 0 0 0 0
218 84 1 1 57 0 0 0 0 0 9 3 0 0
221 18 0 0 9 0 0 9 0 0 0 0 0 0
224 27 0 0 18 0 0 0 0 0 9 4 0 0
228 4 1 1 2 0 0 2 0 0 0 0 0 0
231 36 0 0 9 0 0 0 0 0 0 0 0 0
234 27 0 0 9 0 0 0 0 0 9 2 0 0
239 7 0 0 0 0 0 0 0 0 0 0 0 0
243 6 0 0 2 0 0 0 0 0 2 2 0 0
257 15 2 2 6 0 0 0 0 0 4 2 0 0
260 4 0 0 4 0 0 0 0 0 0 0 0 0
263 198 0 0 50 2 2 2 0 0 0 0 0 0
266 148 0 0 48 1 1 2 0 0 48 15 0 0
270 46 0 0 0 0 0 0 0 0 0 0 0 0
274 9 1 1 3 0 0 0 0 0 3 1 0 0
279 3 0 0 0 0 0 3 0 0 0 0 0 0
280 12 1 1 3 0 0 3 0 0 0 0 0 0
281 9 0 0 3 0 0 0 0 0 3 0 0 0
291 3 0 0 0 0 0 3 0 0 0 0 0 0
294 17 0 0 10 1 0 3 0 0 3 0 0 0
296 6 0 0 0 0 0 0 0 0 3 1 0 0
299 8 1 1 4 0 0 0 0 0 0 0 0 0
303 6 0 0 2 0 0 0 0 0 0 0 0 0
306 27 1 1 9 0 0 0 0 0 0 0 0 0
308 36 0 0 0 0 0 0 0 0 9 8 0 0
310 45 0 0 9 0 0 9 0 0 0 0 0 0
311 18 0 0 0 0 0 9 5 5 0 0 0 0
312 27 0 0 9 0 0 9 0 0 0 0 0 0
313 27 0 0 9 0 0 9 0 0 0 0 0 0
316 27 0 0 9 0 0 0 0 0 9 2 0 0
321 7 0 0 0 0 0 0 0 0 0 0 0 0
324 6 0 0 2 0 0 0 0 0 2 2 0 0
334 6 1 1 0 0 0 0 0 0 3 1 0 0
337 4 0 0 2 0 0 0 0 0 0 0 0 0
341 46 0 0 46 0 0 0 0 0 0 0 0 0
343 96 0 0 48 0 0 0 0 0 48 10 0 0
347 46 0 0 46 0 0 0 0 0 0 0 0 0
348 230 0 0 46 0 0 46 12 12 0 0 0 0
349 138 0 0 46 0 0 46 0 0 0 0 0 0
350 46 0 0 0 0 0 46 6 6 0 0 0 0
353 144 0 0 48 0 0 0 0 0 48 4 0 0
357 46 0 0 0 0 0 0 0 0 0 0 0 0
365 4 0 0 0 0 0 0 0 0 2 1 0 0
366 4 1 1 2 0 0 0 0 0 2 0 0 0
367 4 0 0 2 0 0 0 0 0 2 1 0 0
368 2 0 0 1 0 0 0 0 0 1 1 0 0
370 4 1 1 3 0 0 0 0 0 1 1 0 0
372 124 0 0 32 0 0 0 0 0 31 1 0 0
373 60 1 1 0 0 0 0 0 0 30 3 0 0
375 2 0 0 1 0 0 0 0 0 0 0 0 0
376 7 0 0 0 0 0 1 0 0 1 1 0 0
387 36 1 1 32 0 0 0 0 0 0 0 0 0
fl=./elf/./elf/do-rel.h
fn=_dl_relocate_object
49 24 1 1 8 0 0 0 0 0 0 0 0 0
50 24 0 0 8 0 0 8 0 0 0 0 0 0
51 4 0 0 4 0 0 0 0 0 0 0 0 0
53 40 0 0 16 0 0 0 0 0 0 0 0 0
72 3 0 0 0 0 0 0 0 0 0 0 0 0
73 4 1 1 0 0 0 4 0 0 0 0 0 0
80 24 0 0 8 0 0 0 0 0 8 8 0 0
114 24 1 1 0 0 0 0 0 0 0 0 0 0
123 36 0 0 0 0 0 0 0 0 14 10 0 0
124 12 0 0 6 3 3 0 0 0 0 0 0 0
126 24 1 1 8 3 0 0 0 0 8 2 0 0
129 24 0 0 12 1 0 6 0 0 6 0 0 0
131 718 1 1 187 0 0 0 0 0 178 22 0 0
133 860 0 0 516 102 100 0 0 0 0 0 0 0
134 688 0 0 172 0 0 172 0 0 0 0 0 0
135 516 0 0 344 0 0 172 0 0 0 0 0 0
136 688 0 0 172 0 0 0 0 0 0 0 0 0
138 516 1 1 0 0 0 0 0 0 172 6 0 0
141 188 0 0 47 0 0 47 0 0 0 0 0 0
142 47 1 1 0 0 0 47 0 0 0 0 0 0
143 47 0 0 0 0 0 0 0 0 0 0 0 0
147 125 0 0 0 0 0 125 0 0 0 0 0 0
150 391 1 1 125 0 0 0 0 0 125 9 0 0
151 96 2 2 32 1 0 0 0 0 32 4 0 0
164 12 1 1 6 0 0 0 0 0 3 1 0 0
165 211 0 0 6 0 0 4 0 0 65 22 0 0
166 189 1 1 63 0 0 0 0 0 63 7 0 0
169 141 0 0 94 0 0 0 0 0 0 0 0 0
171 188 0 0 47 0 0 47 0 0 0 0 0 0
172 47 0 0 47 0 0 0 0 0 0 0 0 0
173 94 0 0 47 0 0 0 0 0 0 0 0 0
180 31 1 1 9 0 0 0 0 0 8 6 0 0
182 42 1 1 12 2 2 6 0 0 0 0 0 0
183 12 0 0 12 0 0 0 0 0 0 0 0 0
185 18 0 0 0 0 0 0 0 0 6 0 0 0
193 6 0 0 0 0 0 6 0 0 0 0 0 0
196 18 0 0 6 0 0 0 0 0 6 0 0 0
211 7 1 1 4 0 0 0 0 0 1 1 0 0
fn=_dl_start
49 6 0 0 2 0 0 0 0 0 0 0 0 0
50 4 0 0 2 0 0 0 0 0 0 0 0 0
51 1 0 0 1 0 0 0 0 0 0 0 0 0
53 10 1 1 4 0 0 0 0 0 0 0 0 0
56 4 0 0 0 0 0 0 0 0 2 2 0 0
61 13 1 1 0 0 0 0 0 0 5 3 0 0
63 9 1 1 3 1 1 0 0 0 0 0 0 0
64 6 0 0 0 0 0 0 0 0 0 0 0 0
65 3 0 0 3 0 0 0 0 0 0 0 0 0
fl=./elf/./elf/get-dynamic-info.h
fn=_dl_map_object_from_fd
39 4 0 0 0 0 0 0 0 0 2 0 0 0
43 2 0 0 0 0 0 0 0 0 0 0 0 0
45 194 0 0 49 13 13 0 0 0 49 4 0 0
49 94 0 0 0 0 0 0 0 0 47 23 0 0
51 26 1 1 0 0 0 0 0 0 13 3 0 0
52 13 0 0 0 0 0 0 0 0 0 0 0 0
53 3 0 0 0 0 0 0 0 0 0 0 0 0
54 42 1 1 0 0 0 0 0 0 10 2 0 0
55 34 0 0 0 0 0 0 0 0 0 0 0 0
56 10 1 1 0 0 0 0 0 0 2 2 0 0
59 8 1 1 0 0 0 0 0 0 2 0 0 0
62 8 0 0 0 0 0 0 0 0 2 0 0 0
64 8 0 0 0 0 0 0 0 0 0 0 0 0
68 47 0 0 0 0 0 47 12 12 0 0 0 0
72 8 0 0 2 0 0 0 0 0 4 0 0 0
84 7 1 1 3 0 0 0 0 0 2 1 0 0
85 8 0 0 4 0 0 0 0 0 2 0 0 0
86 8 0 0 4 0 0 0 0 0 2 0 0 0
87 8 0 0 4 0 0 0 0 0 2 0 0 0
88 7 0 0 3 1 1 0 0 0 2 1 0 0
89 7 1 1 3 1 1 0 0 0 2 1 0 0
90 7 0 0 3 1 1 0 0 0 2 1 0 0
91 8 0 0 4 0 0 0 0 0 2 0 0 0
103 16 1 1 4 0 0 2 0 0 4 0 0 0
110 7 0 0 2 0 0 0 0 0 2 1 0 0
115 2 0 0 1 0 0 0 0 0 1 0 0 0
122 2 0 0 1 0 0 0 0 0 1 0 0 0
123 6 1 1 4 0 0 0 0 0 2 0 0 0
129 6 0 0 2 0 0 0 0 0 2 1 0 0
130 3 0 0 2 0 0 0 0 0 1 0 0 0
147 6 0 0 2 0 0 0 0 0 2 1 0 0
152 2 0 0 1 0 0 1 0 0 0 0 0 0
154 2 0 0 0 0 0 0 0 0 1 1 0 0
156 2 0 0 0 0 0 0 0 0 1 1 0 0
158 2 0 0 0 0 0 0 0 0 1 1 0 0
159 2 0 0 0 0 0 1 0 0 0 0 0 0
162 6 1 1 2 0 0 0 0 0 2 0 0 0
164 6 1 1 2 0 0 2 0 0 0 0 0 0
165 4 0 0 0 0 0 0 0 0 2 0 0 0
174 4 0 0 2 0 0 0 0 0 0 0 0 0
175 6 1 1 0 0 0 0 0 0 2 2 0 0
180 4 0 0 0 0 0 0 0 0 2 1 0 0
181 3 0 0 1 0 0 1 0 0 0 0 0 0
184 4 0 0 2 0 0 0 0 0 2 2 0 0
fl=./elf/./elf/libc_early_init.c
fn=__libc_early_init
33 9 1 1 1 0 0 3 0 0 0 0 0 0
35 1 0 0 0 0 0 1 0 0 0 0 0 0
38 2 0 0 1 0 0 1 1 1 0 0 0 0
41 2 0 0 0 0 0 2 1 1 0 0 0 0
47 4 0 0 2 0 0 0 0 0 1 0 0 0
49 2 0 0 2 0 0 0 0 0 0 0 0 0
fl=./elf/./elf/rtld.c
fn=_dl_start
85 8 0 0 0 0 0 2 1 1 0 0 0 0
458 2 0 0 0 0 0 1 0 0 0 0 0 0
476 3 0 0 0 0 0 1 0 0 0 0 0 0
477 1 0 0 0 0 0 1 0 0 0 0 0 0
478 2 0 0 1 0 0 1 1 1 0 0 0 0
488 1 0 0 0 0 0 1 0 0 0 0 0 0
494 4 2 1 1 0 0 1 0 0 0 0 0 0
496 2 0 0 1 0 0 0 0 0 1 0 0 0
517 16 2 2 0 0 0 8 2 2 0 0 0 0
543 1 0 0 0 0 0 1 1 1 0 0 0 0
546 2 1 1 0 0 0 1 1 1 0 0 0 0
547 4 0 0 1 1 1 0 0 0 0 0 0 0
563 190 5 5 24 5 5 5 0 0 57 24 0 0
565 1 0 0 1 0 0 0 0 0 0 0 0 0
578 1 1 1 0 0 0 1 0 0 0 0 0 0
585 9 1 1 7 2 0 0 0 0 0 0 0 0
fn=dl_main
85 17 2 2 0 0 0 1 0 0 0 0 0 0
92 12 1 1 0 0 0 0 0 0 0 0 0 0
93 2 0 0 0 0 0 1 0 0 0 0 0 0
101 9 0 0 4 0 0 0 0 0 0 0 0 0
197 2 0 0 0 0 0 1 0 0 0 0 0 0
199 1 0 0 0 0 0 1 0 0 0 0 0 0
224 3 0 0 3 0 0 0 0 0 0 0 0 0
225 5 0 0 3 0 0 0 0 0 1 1 0 0
226 4 1 1 0 0 0 0 0 0 2 1 0 0
296 3 1 1 0 0 0 3 0 0 0 0 0 0
302 1 0 0 0 0 0 1 0 0 0 0 0 0
303 1 0 0 0 0 0 1 0 0 0 0 0 0
837 1 0 0 1 0 0 0 0 0 0 0 0 0
839 1 0 0 0 0 0 1 0 0 0 0 0 0
848 1 1 1 0 0 0 1 0 0 0 0 0 0
850 1 0 0 0 0 0 1 0 0 0 0 0 0
855 1 0 0 0 0 0 1 0 0 0 0 0 0
1115 1 0 0 1 0 0 0 0 0 0 0 0 0
1116 1 1 1 1 0 0 0 0 0 0 0 0 0
1118 1 0 0 0 0 0 1 0 0 0 0 0 0
1122 3 0 0 2 1 1 1 1 1 0 0 0 0
1124 1 0 0 1 0 0 0 0 0 0 0 0 0
1125 1 0 0 1 0 0 0 0 0 0 0 0 0
1140 1 0 0 0 0 0 0 0 0 0 0 0 0
1143 46 4 4 0 0 0 0 0 0 14 11 0 0
1144 117 1 1 22 6 6 0 0 0 29 7 9 5
1148 3 1 1 1 0 0 1 0 0 0 0 0 0
1153 3 0 0 2 0 0 1 0 0 0 0 0 0
1154 9 1 1 2 0 0 1 0 0 0 0 0 0
1163 2 0 0 0 0 0 1 0 0 0 0 0 0
1164 2 0 0 2 1 1 0 0 0 0 0 0 0
1166 1 0 0 0 0 0 1 0 0 0 0 0 0
1173 3 1 1 1 0 0 0 0 0 1 0 0 0
1191 2 0 0 0 0 0 1 0 0 0 0 0 0
1199 8 0 0 4 0 0 0 0 0 0 0 0 0
1200 17 0 0 5 1 1 0 0 0 0 0 0 0
1201 8 0 0 4 0 0 0 0 0 4 3 0 0
1202 1 0 0 0 0 0 1 0 0 0 0 0 0
1204 12 0 0 4 0 0 0 0 0 0 0 0 0
1205 14 0 0 0 0 0 0 0 0 7 3 0 0
1209 8 0 0 4 3 3 0 0 0 0 0 0 0
1210 8 0 0 4 0 0 0 0 0 4 0 0 0
1211 4 0 0 0 0 0 4 0 0 0 0 0 0
1215 12 0 0 0 0 0 0 0 0 0 0 0 0
1243 2 1 1 1 0 0 1 1 1 0 0 0 0
1247 3 0 0 2 1 1 1 0 0 0 0 0 0
1253 28 0 0 1 0 0 0 0 0 13 1 0 0
1254 61 0 0 13 0 0 0 0 0 24 13 0 0
1260 17 0 0 0 0 0 1 0 0 0 0 0 0
1266 4 0 0 2 1 1 0 0 0 1 1 0 0
1269 3 1 1 2 0 0 0 0 0 1 1 0 0
1271 3 0 0 1 0 0 0 0 0 1 0 0 0
1346 13 2 2 0 0 0 9 1 1 0 0 0 0
1351 1 0 0 0 0 0 0 0 0 0 0 0 0
1352 1 0 0 0 0 0 1 0 0 0 0 0 0
1357 1 0 0 0 0 0 1 1 1 0 0 0 0
1373 3 0 0 2 0 0 1 0 0 0 0 0 0
1374 4 1 1 2 0 0 0 0 0 1 1 0 0
1637 10 1 1 0 0 0 3 0 0 0 0 0 0
1639 2 0 0 0 0 0 0 0 0 1 0 0 0
1640 3 1 1 0 0 0 1 0 0 0 0 0 0
1641 2 0 0 1 0 0 1 0 0 0 0 0 0
1642 3 0 0 2 0 0 1 0 0 0 0 0 0
1646 2 0 0 0 0 0 1 0 0 0 0 0 0
1647 2 0 0 1 0 0 0 0 0 1 0 0 0
1672 3 1 1 1 0 0 0 0 0 1 0 0 0
1673 5 0 0 1 0 0 1 0 0 1 0 0 0
1674 3 0 0 2 0 0 0 0 0 0 0 0 0
1675 3 0 0 3 0 0 0 0 0 0 0 0 0
1678 1 0 0 0 0 0 1 0 0 0 0 0 0
1680 1 1 1 0 0 0 1 1 1 0 0 0 0
1681 1 0 0 0 0 0 1 0 0 0 0 0 0
1683 2 0 0 1 0 0 0 0 0 1 0 0 0
1684 2 0 0 0 0 0 1 0 0 0 0 0 0
1688 2 0 0 1 0 0 0 0 0 1 0 0 0
1690 2 1 1 0 0 0 0 0 0 1 0 0 0
1698 4 0 0 2 0 0 0 0 0 1 1 0 0
1705 2 1 1 1 0 0 1 0 0 0 0 0 0
1708 2 1 1 1 0 0 0 0 0 1 0 0 0
1733 4 1 1 1 0 0 1 0 0 0 0 0 0
1735 1 0 0 0 0 0 1 0 0 0 0 0 0
1740 2 0 0 1 0 0 0 0 0 1 1 0 0
1743 4 1 1 2 0 0 1 0 0 0 0 0 0
1744 4 0 0 1 0 0 1 0 0 0 0 0 0
1745 3 1 1 2 0 0 1 0 0 0 0 0 0
1746 1 0 0 0 0 0 1 0 0 0 0 0 0
1747 1 0 0 1 0 0 0 0 0 0 0 0 0
1748 1 0 0 1 0 0 0 0 0 0 0 0 0
1759 2 0 0 1 1 1 0 0 0 1 0 0 0
1760 2 0 0 1 0 0 0 0 0 1 0 0 0
1762 2 1 1 1 0 0 0 0 0 0 0 0 0
1764 1 0 0 0 0 0 1 0 0 0 0 0 0
1765 3 0 0 1 0 0 1 0 0 0 0 0 0
1770 5 1 1 0 0 0 0 0 0 1 1 0 0
1771 5 0 0 1 1 1 0 0 0 1 1 0 0
1773 3 2 2 2 1 1 1 1 1 0 0 0 0
1779 2 0 0 1 1 1 0 0 0 1 1 0 0
1788 2 1 1 1 0 0 0 0 0 1 0 0 0
1792 1 0 0 0 0 0 0 0 0 0 0 0 0
1793 2 0 0 1 0 0 0 0 0 1 0 0 0
1817 2 1 1 0 0 0 2 0 0 0 0 0 0
1823 1 0 0 0 0 0 1 0 0 0 0 0 0
1824 1 0 0 0 0 0 1 0 0 0 0 0 0
1825 1 0 0 0 0 0 0 0 0 0 0 0 0
1829 3 0 0 1 0 0 1 0 0 0 0 0 0
1834 3 1 1 2 0 0 0 0 0 1 0 0 0
1836 1 0 0 0 0 0 0 0 0 0 0 0 0
1838 2 0 0 1 0 0 0 0 0 1 1 0 0
1842 5 1 1 2 0 0 1 0 0 0 0 0 0
1847 2 0 0 1 0 0 0 0 0 1 0 0 0
1863 6 1 1 0 0 0 1 0 0 1 0 0 0
1939 4 0 0 2 0 0 0 0 0 1 1 0 0
1943 19 2 2 1 0 0 0 0 0 2 1 0 0
1944 1 0 0 0 0 0 0 0 0 0 0 0 0
1947 3 0 0 0 0 0 1 0 0 0 0 0 0
1948 1 1 1 1 0 0 0 0 0 0 0 0 0
1949 2 0 0 0 0 0 0 0 0 1 0 0 0
1950 2 0 0 0 0 0 0 0 0 1 0 0 0
1955 3 0 0 1 0 0 0 0 0 1 1 0 0
1965 9 1 1 2 0 0 1 0 0 0 0 0 0
1971 19 1 1 1 0 0 0 0 0 5 3 0 0
1972 12 0 0 9 0 0 0 0 0 0 0 0 0
1975 3 0 0 2 0 0 1 0 0 0 0 0 0
1976 2 1 1 0 0 0 0 0 0 1 0 0 0
1977 1 0 0 0 0 0 1 0 0 0 0 0 0
1979 14 0 0 1 0 0 0 0 0 3 0 0 0
1980 6 0 0 3 0 0 0 0 0 3 2 0 0
1984 2 1 1 0 0 0 0 0 0 1 0 0 0
1990 1 1 1 0 0 0 1 0 0 0 0 0 0
1992 3 0 0 1 0 0 1 0 0 0 0 0 0
1993 2 0 0 0 0 0 0 0 0 1 0 0 0
1995 2 0 0 0 0 0 1 0 0 0 0 0 0
1997 3 0 0 0 0 0 0 0 0 1 1 0 0
1999 3 1 1 1 0 0 0 0 0 0 0 0 0
2000 1 0 0 1 0 0 0 0 0 0 0 0 0
2001 2 0 0 0 0 0 0 0 0 1 1 0 0
2013 2 0 0 0 0 0 0 0 0 1 0 0 0
2014 2 0 0 1 0 0 1 0 0 0 0 0 0
2015 3 0 0 1 0 0 0 0 0 1 1 0 0
2026 5 0 0 1 0 0 1 0 0 0 0 0 0
2027 4 0 0 0 0 0 1 0 0 0 0 0 0
2028 5 1 1 0 0 0 1 0 0 0 0 0 0
2038 2 0 0 1 0 0 1 0 0 0 0 0 0
2039 2 0 0 1 0 0 0 0 0 1 1 0 0
2040 4 1 1 0 0 0 2 0 0 0 0 0 0
2042 2 0 0 0 0 0 0 0 0 1 0 0 0
2047 3 0 0 1 0 0 0 0 0 1 0 0 0
2246 3 0 0 1 0 0 1 0 0 0 0 0 0
2250 3 0 0 1 0 0 2 0 0 0 0 0 0
2256 2 1 1 1 0 0 1 0 0 0 0 0 0
2259 2 0 0 1 0 0 0 0 0 1 0 0 0
2267 2 0 0 2 0 0 0 0 0 0 0 0 0
2279 3 1 1 1 0 0 0 0 0 0 0 0 0
2282 3 0 0 1 0 0 1 0 0 0 0 0 0
2284 3 0 0 1 0 0 0 0 0 1 0 0 0
2285 6 0 0 1 0 0 1 0 0 0 0 0 0
2292 2 0 0 2 0 0 0 0 0 0 0 0 0
2293 21 0 0 3 0 0 1 1 0 5 2 0 0
2295 8 1 1 8 0 0 0 0 0 0 0 0 0
2300 8 0 0 8 1 0 0 0 0 0 0 0 0
2302 10 0 0 0 0 0 0 0 0 5 2 0 0
2304 1 1 1 0 0 0 1 0 0 0 0 0 0
2305 1 0 0 1 0 0 0 0 0 0 0 0 0
2308 4 0 0 4 0 0 0 0 0 0 0 0 0
2310 8 0 0 0 0 0 0 0 0 4 1 0 0
2311 24 0 0 6 1 0 3 0 0 0 0 0 0
2315 10 1 1 5 2 0 0 0 0 5 3 0 0
2316 3 0 0 0 0 0 1 0 0 0 0 0 0
2325 2 0 0 1 0 0 0 0 0 1 0 0 0
2329 4 0 0 2 0 0 0 0 0 2 0 0 0
2331 1 0 0 1 0 0 0 0 0 0 0 0 0
2338 4 1 1 1 0 0 1 0 0 0 0 0 0
2341 2 0 0 1 0 0 0 0 0 1 0 0 0
2345 3 1 1 2 1 0 0 0 0 1 0 0 0
2347 2 0 0 1 0 0 0 0 0 1 1 0 0
2357 1 1 1 0 0 0 1 0 0 0 0 0 0
2362 3 0 0 1 0 0 1 0 0 0 0 0 0
2365 1 0 0 0 0 0 1 0 0 0 0 0 0
2371 1 0 0 1 0 0 0 0 0 0 0 0 0
2372 5 1 1 2 0 0 1 0 0 0 0 0 0
2380 3 0 0 1 0 0 1 0 0 0 0 0 0
2387 1 0 0 0 0 0 1 0 0 0 0 0 0
2390 3 0 0 0 0 0 1 0 0 0 0 0 0
2394 3 0 0 0 0 0 1 0 0 0 0 0 0
2395 1 0 0 0 0 0 1 1 0 0 0 0 0
2396 1 0 0 0 0 0 1 0 0 0 0 0 0
2397 1 0 0 0 0 0 0 0 0 0 0 0 0
2401 1 0 0 0 0 0 1 0 0 0 0 0 0
2406 8 0 0 7 2 0 0 0 0 0 0 0 0
2538 1 0 0 1 0 0 0 0 0 0 0 0 0
2598 1 0 0 0 0 0 1 1 1 0 0 0 0
2600 2 0 0 0 0 0 0 0 0 0 0 0 0
2602 15 1 1 0 0 0 3 0 0 3 1 0 0
2604 2 0 0 0 0 0 0 0 0 0 0 0 0
2606 107 0 0 21 0 0 0 0 0 40 10 0 0
2607 19 0 0 0 0 0 0 0 0 0 0 0 0
2615 13 1 1 2 2 2 0 0 0 2 0 2 2
2640 2 1 1 1 0 0 0 0 0 1 0 0 0
2650 4 1 1 2 0 0 0 0 0 2 1 0 0
2652 2 0 0 0 0 0 1 0 0 0 0 0 0
2653 1 0 0 0 0 0 0 0 0 0 0 0 0
2687 5 2 2 2 0 0 0 0 0 2 1 0 0
2689 2 0 0 0 0 0 1 0 0 0 0 0 0
2690 2 0 0 0 0 0 1 0 0 0 0 0 0
2691 1 0 0 0 0 0 0 0 0 0 0 0 0
2727 5 0 0 1 0 0 0 0 0 1 0 0 0
2749 3 0 0 1 0 0 0 0 0 1 0 0 0
fn=handle_preload_list
183 3 0 0 1 0 0 0 0 0 1 0 0 0
806 1 0 0 0 0 0 1 0 0 0 0 0 0
810 2 0 0 0 0 0 1 0 0 0 0 0 0
811 2 0 0 1 0 0 1 0 0 0 0 0 0
812 1 0 0 0 0 0 1 0 0 0 0 0 0
814 1 0 0 1 0 0 0 0 0 0 0 0 0
816 6 1 1 0 0 0 1 0 0 0 0 0 0
817 3 0 0 1 0 0 0 0 0 1 0 0 0
825 3 0 0 1 0 0 0 0 0 0 0 0 0
869 13 2 2 1 1 1 8 1 1 0 0 0 0
870 3 0 0 0 0 0 0 0 0 0 0 0 0
874 5 0 0 2 0 0 0 0 0 2 0 0 0
877 4 1 1 0 0 0 1 0 0 0 0 0 0
878 3 0 0 0 0 0 0 0 0 1 1 0 0
880 4 1 1 0 0 0 1 0 0 0 0 0 0
881 2 0 0 0 0 0 1 0 0 0 0 0 0
887 1 0 0 0 0 0 0 0 0 0 0 0 0
889 2 0 0 1 0 0 0 0 0 0 0 0 0
891 2 1 1 1 0 0 0 0 0 1 0 0 0
892 1 0 0 0 0 0 0 0 0 0 0 0 0
895 9 0 0 7 0 0 0 0 0 0 0 0 0
fn=init_tls
734 4 1 1 0 0 0 3 0 0 0 0 0 0
736 2 0 0 1 0 0 1 0 0 0 0 0 0
740 3 0 0 1 0 0 0 0 0 1 0 0 0
746 2 0 0 0 0 0 1 0 0 0 0 0 0
749 1 0 0 0 0 0 1 0 0 0 0 0 0
750 1 0 0 0 0 0 0 0 0 0 0 0 0
751 1 0 0 0 0 0 0 0 0 0 0 0 0
755 1 0 0 0 0 0 0 0 0 0 0 0 0
757 1 0 0 0 0 0 1 0 0 0 0 0 0
761 2 1 1 1 1 1 0 0 0 1 0 0 0
762 2 0 0 0 0 0 0 0 0 0 0 0 0
763 12 0 0 1 0 0 0 0 0 5 3 0 0
764 4 1 1 4 0 0 0 0 0 0 0 0 0
765 8 1 1 4 0 0 0 0 0 4 3 0 0
769 3 0 0 0 0 0 1 0 0 0 0 0 0
771 1 0 0 0 0 0 0 0 0 0 0 0 0
773 3 0 0 1 0 0 0 0 0 1 0 0 0
776 2 0 0 0 0 0 1 0 0 0 0 0 0
779 1 0 0 0 0 0 1 0 0 0 0 0 0
786 2 1 1 0 0 0 1 0 0 0 0 0 0
787 2 0 0 0 0 0 0 0 0 1 0 0 0
793 2 0 0 1 0 0 1 0 0 0 0 0 0
797 1 0 0 0 0 0 1 0 0 0 0 0 0
800 5 0 0 4 0 0 0 0 0 0 0 0 0
fn=map_doit
641 6 1 1 0 0 0 2 0 0 0 0 0 0
643 4 0 0 1 0 0 0 0 0 0 0 0 0
644 6 0 0 2 0 0 2 1 1 0 0 0 0
646 3 0 0 3 0 0 0 0 0 0 0 0 0
fn=version_check_doit
674 6 2 2 0 0 0 2 0 0 0 0 0 0
676 6 0 0 2 0 0 1 0 0 1 1 0 0
680 3 0 0 3 0 0 0 0 0 0 0 0 0
fl=./elf/./get-dynamic-info.h
fn=_dl_start
45 75 0 0 19 5 5 0 0 0 19 2 0 0
49 36 0 0 0 0 0 0 0 0 18 12 0 0
51 10 0 0 0 0 0 0 0 0 5 0 0 0
52 5 1 1 0 0 0 0 0 0 0 0 0 0
54 20 0 0 0 0 0 0 0 0 5 1 0 0
55 16 0 0 0 0 0 0 0 0 0 0 0 0
56 5 0 0 0 0 0 0 0 0 1 1 0 0
59 4 1 1 0 0 0 0 0 0 1 1 0 0
62 4 1 1 0 0 0 0 0 0 1 0 0 0
64 4 0 0 0 0 0 0 0 0 0 0 0 0
68 18 0 0 0 0 0 18 7 7 0 0 0 0
72 3 0 0 0 0 0 0 0 0 1 0 0 0
84 4 0 0 2 0 0 0 0 0 1 0 0 0
85 3 0 0 1 0 0 0 0 0 1 1 0 0
86 4 1 1 2 0 0 0 0 0 1 0 0 0
87 4 0 0 2 0 0 0 0 0 1 0 0 0
88 5 0 0 2 0 0 0 0 0 1 0 0 0
89 3 1 1 1 0 0 0 0 0 1 1 0 0
90 4 0 0 2 0 0 0 0 0 1 0 0 0
91 4 0 0 2 0 0 0 0 0 1 0 0 0
103 10 2 2 2 0 0 1 0 0 2 1 0 0
110 3 0 0 1 1 1 0 0 0 1 1 0 0
123 3 2 2 2 0 0 0 0 0 1 0 0 0
129 3 0 0 1 0 0 0 0 0 1 0 0 0
130 3 0 0 2 0 0 0 0 0 1 0 0 0
133 2 0 0 1 0 0 0 0 0 1 0 0 0
134 3 0 0 1 0 0 0 0 0 1 0 0 0
139 5 1 1 2 0 0 0 0 0 2 0 0 0
142 5 0 0 2 0 0 0 0 0 2 0 0 0
fn=dl_main
39 4 0 0 2 0 0 0 0 0 1 0 0 0
43 1 0 0 0 0 0 0 0 0 0 0 0 0
45 107 0 0 27 7 7 0 0 0 27 2 0 0
49 52 1 1 0 0 0 0 0 0 26 9 0 0
51 12 0 0 0 0 0 0 0 0 6 0 0 0
52 6 0 0 0 0 0 0 0 0 0 0 0 0
54 25 0 0 0 0 0 0 0 0 6 1 0 0
55 21 0 0 0 0 0 0 0 0 0 0 0 0
56 5 1 1 0 0 0 0 0 0 1 0 0 0
59 4 0 0 0 0 0 0 0 0 1 1 0 0
62 4 1 1 0 0 0 0 0 0 1 0 0 0
64 4 0 0 0 0 0 0 0 0 0 0 0 0
68 26 0 0 0 0 0 26 8 8 0 0 0 0
72 7 1 1 4 0 0 0 0 0 2 1 0 0
84 3 0 0 1 0 0 0 0 0 1 1 0 0
85 5 1 1 3 0 0 0 0 0 1 0 0 0
86 5 0 0 3 0 0 0 0 0 1 0 0 0
87 5 0 0 3 0 0 0 0 0 1 0 0 0
88 4 0 0 2 0 0 0 0 0 1 1 0 0
89 5 1 1 3 0 0 0 0 0 1 0 0 0
90 5 0 0 3 0 0 0 0 0 1 0 0 0
91 5 1 1 3 0 0 0 0 0 1 0 0 0
103 9 0 0 3 0 0 1 0 0 2 0 0 0
110 3 0 0 1 0 0 0 0 0 1 1 0 0
115 2 1 1 1 0 0 0 0 0 1 0 0 0
122 3 0 0 2 0 0 0 0 0 1 0 0 0
123 4 1 1 3 0 0 0 0 0 1 0 0 0
129 3 0 0 1 0 0 0 0 0 1 1 0 0
147 4 0 0 2 0 0 0 0 0 1 0 0 0
152 2 1 1 1 0 0 1 1 1 0 0 0 0
154 2 0 0 0 0 0 0 0 0 1 1 0 0
156 2 0 0 0 0 0 0 0 0 1 1 0 0
158 2 0 0 0 0 0 0 0 0 1 0 0 0
159 2 0 0 1 0 0 1 0 0 0 0 0 0
162 4 1 1 2 0 0 0 0 0 1 0 0 0
164 3 0 0 1 0 0 1 0 0 0 0 0 0
165 2 0 0 0 0 0 0 0 0 1 1 0 0
174 2 0 0 1 0 0 0 0 0 0 0 0 0
175 3 1 1 0 0 0 0 0 0 1 1 0 0
180 2 0 0 0 0 0 0 0 0 1 0 0 0
181 3 1 1 2 0 0 1 0 0 0 0 0 0
184 3 0 0 2 0 0 0 0 0 1 1 0 0
fl=./elf/./setup-vdso.h
fn=dl_main
24 2 0 0 1 0 0 0 0 0 1 1 0 0
fl=./io/../sysdeps/unix/sysv/linux/access.c
fn=access
25 1 0 0 0 0 0 0 0 0 0 0 0 0
27 7 0 0 0 0 0 1 0 0 1 1 0 0
31 1 0 0 1 0 0 0 0 0 0 0 0 0
fl=./io/../sysdeps/unix/sysv/linux/close_nocancel.c
fn=__GI___close_nocancel
25 3 1 1 0 0 0 0 0 0 0 0 0 0
26 12 0 0 0 0 0 0 0 0 3 0 0 0
27 3 0 0 3 0 0 0 0 0 0 0 0 0
fl=./io/../sysdeps/unix/sysv/linux/fstat64.c
fn=fstat
30 5 2 2 0 0 0 0 0 0 0 0 0 0
39 20 2 2 0 0 0 0 0 0 5 0 0 0
72 5 0 0 5 0 0 0 0 0 0 0 0 0
fl=./io/../sysdeps/unix/sysv/linux/fstatat64.c
fn=fstatat
91 6 0 0 0 0 0 0 0 0 0 0 0 0
146 6 0 0 0 0 0 0 0 0 0 0 0 0
160 4 1 1 0 0 0 2 0 0 0 0 0 0
161 11 0 0 2 0 0 0 0 0 3 3 0 0
162 1 0 0 1 0 0 0 0 0 0 0 0 0
fl=./io/../sysdeps/unix/sysv/linux/open64.c
fn=open
30 24 1 1 2 0 0 10 0 0 0 0 0 0
33 10 1 1 0 0 0 0 0 0 3 1 0 0
36 5 0 0 0 0 0 3 0 0 0 0 0 0
37 1 0 0 1 0 0 0 0 0 0 0 0 0
41 18 0 0 2 0 0 0 0 0 4 1 0 0
43 16 1 1 12 0 0 0 0 0 2 0 0 0
fl=./io/../sysdeps/unix/sysv/linux/open64_nocancel.c
fn=__open_nocancel
28 24 1 1 0 0 0 12 0 0 0 0 0 0
31 42 0 0 0 0 0 0 0 0 12 0 0 0
39 51 1 1 0 0 0 3 0 0 6 3 0 0
41 12 0 0 12 0 0 0 0 0 0 0 0 0
fl=./io/../sysdeps/unix/sysv/linux/pread64_nocancel.c
fn=__pread64_nocancel
25 4 0 0 0 0 0 0 0 0 0 0 0 0
26 8 0 0 0 0 0 0 0 0 2 0 0 0
27 2 0 0 2 0 0 0 0 0 0 0 0 0
fl=./io/../sysdeps/unix/sysv/linux/read.c
fn=read
25 2 1 1 0 0 0 0 0 0 0 0 0 0
26 12 0 0 2 0 0 0 0 0 4 0 0 0
27 2 0 0 2 0 0 0 0 0 0 0 0 0
fl=./io/../sysdeps/unix/sysv/linux/read_nocancel.c
fn=__read_nocancel
25 2 1 1 0 0 0 0 0 0 0 0 0 0
26 8 0 0 0 0 0 0 0 0 2 0 0 0
27 2 0 0 2 0 0 0 0 0 0 0 0 0
fl=./io/../sysdeps/unix/sysv/linux/stat64.c
fn=stat
28 6 0 0 0 0 0 0 0 0 0 0 0 0
29 12 0 0 0 0 0 0 0 0 0 0 0 0
fl=./libio/../string/bits/string_fortified.h
fn=_IO_file_xsgetn
29 3 0 0 0 0 0 1 0 0 0 0 0 0
fl=./libio/./libio/filedoalloc.c
fn=_IO_file_doallocate
78 11 2 2 1 0 0 5 1 0 0 0 0 0
84 9 1 1 3 1 0 1 0 0 2 0 1 1
86 4 0 0 1 0 0 0 0 0 1 0 0 0
97 4 0 0 1 0 0 0 0 0 1 0 0 0
101 3 0 0 0 0 0 1 0 0 0 0 0 0
102 2 0 0 0 0 0 0 0 0 1 0 0 0
104 4 1 1 0 0 0 1 0 0 0 0 0 0
105 1 0 0 0 0 0 0 0 0 0 0 0 0
106 9 0 0 7 0 0 0 0 0 1 1 0 0
fl=./libio/./libio/fileno.c
fn=fileno
32 1 1 1 0 0 0 0 0 0 0 0 0 0
35 5 0 0 2 0 0 0 0 0 2 0 0 0
42 1 0 0 1 0 0 0 0 0 0 0 0 0
fl=./libio/./libio/fileops.c
fn=_IO_file_fopen@@GLIBC_2.2.5
213 24 1 1 2 0 0 14 0 0 0 0 0 0
214 1 1 1 0 0 0 0 0 0 0 0 0 0
222 4 0 0 2 0 0 0 0 0 2 0 0 0
224 18 1 1 2 1 1 0 0 0 3 2 0 0
227 1 0 0 0 0 0 0 0 0 0 0 0 0
228 2 0 0 0 0 0 0 0 0 0 0 0 0
247 52 4 4 6 2 2 0 0 0 14 5 2 2
272 1 0 0 0 0 0 0 0 0 0 0 0 0
273 2 1 1 0 0 0 0 0 0 0 0 0 0
281 10 0 0 0 0 0 2 0 0 0 0 0 0
284 4 0 0 0 0 0 0 0 0 2 0 0 0
287 8 0 0 0 0 0 2 0 0 0 0 0 0
288 4 0 0 0 0 0 0 0 0 2 2 0 0
357 24 0 0 18 0 0 0 0 0 2 0 0 0
fn=_IO_file_open
182 24 1 1 0 0 0 8 0 0 0 0 0 0
184 4 1 1 2 0 0 0 0 0 2 0 0 0
185 2 0 0 0 0 0 0 0 0 0 0 0 0
188 4 0 0 0 0 0 2 0 0 0 0 0 0
189 4 0 0 0 0 0 0 0 0 2 1 0 0
191 2 0 0 0 0 0 2 0 0 0 0 0 0
192 12 0 0 2 0 0 2 0 0 0 0 0 0
195 6 0 0 0 0 0 0 0 0 2 2 0 0
205 4 1 1 0 0 0 2 0 0 0 0 0 0
206 2 0 0 0 0 0 0 0 0 0 0 0 0
207 12 1 1 10 0 0 0 0 0 0 0 0 0
fn=_IO_file_read
1131 2 1 1 0 0 0 0 0 0 0 0 0 0
1133 2 0 0 2 0 0 0 0 0 0 0 0 0
1134 6 0 0 2 0 0 0 0 0 2 0 0 0
fn=_IO_file_setbuf@@GLIBC_2.2.5
382 6 1 1 0 0 0 2 0 0 0 0 0 0
383 3 0 0 0 0 0 1 0 0 1 0 0 0
386 1 0 0 1 0 0 0 0 0 0 0 0 0
388 3 0 0 0 0 0 3 0 0 0 0 0 0
390 2 0 0 0 0 0 0 0 0 0 0 0 0
391 3 0 0 3 0 0 0 0 0 0 0 0 0
fn=_IO_file_stat
1147 1 1 1 0 0 0 0 0 0 0 0 0 0
1148 2 0 0 1 0 0 0 0 0 0 0 0 0
fn=_IO_file_sync@@GLIBC_2.2.5
793 7 1 1 0 0 0 3 0 0 0 0 0 0
798 4 0 0 2 0 0 0 0 0 1 1 0 0
800 1 1 1 1 0 0 0 0 0 0 0 0 0
801 2 0 0 1 0 0 0 0 0 1 1 0 0
812 2 1 1 0 0 0 1 0 0 0 0 0 0
816 5 0 0 4 0 0 0 0 0 0 0 0 0
fn=_IO_file_underflow@@GLIBC_2.2.5
462 10 1 1 0 0 0 6 0 0 0 0 0 0
466 3 0 0 1 0 0 0 0 0 1 0 0 0
469 2 0 0 0 0 0 0 0 0 1 0 0 0
475 3 0 0 2 0 0 0 0 0 1 0 0 0
478 2 1 1 1 0 0 0 0 0 1 0 0 0
490 2 0 0 0 0 0 0 0 0 1 1 0 0
506 2 0 0 0 0 0 1 0 0 0 0 0 0
512 6 1 1 1 0 0 3 0 0 0 0 0 0
517 5 0 0 3 0 0 1 0 0 0 0 1 1
519 2 0 0 0 0 0 0 0 0 1 0 0 0
526 1 0 0 1 0 0 0 0 0 0 0 0 0
535 3 0 0 1 0 0 0 0 0 1 1 0 0
537 2 1 1 2 0 0 0 0 0 0 0 0 0
538 8 0 0 7 0 0 0 0 0 0 0 0 0
fn=_IO_file_xsgetn
1273 12 2 2 0 0 0 7 0 0 0 0 0 0
1280 2 0 0 1 0 0 0 0 0 1 1 0 0
1283 3 1 1 1 0 0 0 0 0 1 1 0 0
1288 3 1 1 0 0 0 1 0 0 0 0 0 0
1291 9 0 0 2 0 0 0 0 0 2 1 0 0
1293 9 0 0 6 0 0 0 0 0 0 0 0 0
1294 6 0 0 0 0 0 0 0 0 3 1 0 0
1297 1 0 0 1 0 0 0 0 0 0 0 0 0
1302 4 1 1 0 0 0 0 0 0 2 0 0 0
1310 4 0 0 2 0 0 0 0 0 2 0 0 0
1319 6 0 0 2 0 0 0 0 0 2 0 0 0
1320 8 0 0 2 0 0 0 0 0 2 1 0 0
1322 4 2 2 0 0 0 1 0 0 1 1 0 0
1330 3 0 0 0 0 0 3 0 0 0 0 0 0
1331 3 0 0 0 0 0 3 0 0 0 0 0 0
1338 2 0 0 0 0 0 0 0 0 1 0 0 0
1339 6 1 1 0 0 0 0 0 0 0 0 0 0
1342 4 1 1 2 0 0 1 0 0 0 0 1 1
1343 2 0 0 0 0 0 0 0 0 1 0 0 0
1353 1 0 0 0 0 0 0 0 0 0 0 0 0
1354 1 0 0 0 0 0 0 0 0 0 0 0 0
1355 3 0 0 1 0 0 0 0 0 1 1 0 0
1361 8 1 1 7 0 0 0 0 0 0 0 0 0
fn=_IO_new_file_init_internal
106 12 1 1 0 0 0 4 0 0 0 0 0 0
110 2 0 0 0 0 0 2 0 0 0 0 0 0
111 2 0 0 2 0 0 0 0 0 0 0 0 0
113 2 0 0 0 0 0 2 0 0 0 0 0 0
114 2 0 0 0 0 0 2 0 0 0 0 0 0
115 6 0 0 6 0 0 0 0 0 0 0 0 0
fl=./libio/./libio/genops.c
fn=_IO_cleanup
776 6 0 0 0 0 0 3 0 0 0 0 0 0
777 12 3 3 7 0 0 2 0 0 1 1 0 0
780 19 1 1 6 0 0 0 0 0 6 6 0 0
784 5 0 0 0 0 0 5 0 0 0 0 0 0
785 60 2 2 25 0 0 10 0 0 10 5 0 0
792 11 0 0 0 0 0 0 0 0 5 4 0 0
794 12 0 0 4 0 0 0 0 0 4 3 0 0
796 4 1 1 1 0 0 0 0 0 1 0 0 0
798 2 0 0 0 0 0 1 0 0 0 0 0 0
800 3 0 0 2 0 0 1 0 0 0 0 0 0
801 1 0 0 0 0 0 1 0 0 0 0 0 0
805 5 0 0 2 1 0 1 0 0 0 0 1 1
807 3 0 0 1 0 0 0 0 0 1 0 0 0
814 5 1 1 0 0 0 5 0 0 0 0 0 0
816 50 1 1 11 0 0 10 0 0 14 5 0 0
817 5 0 0 0 0 0 5 0 0 0 0 0 0
821 7 0 0 2 0 0 2 0 0 2 0 0 0
822 2 0 0 0 0 0 1 0 0 0 0 0 0
842 12 2 2 1 0 0 7 0 0 0 0 0 0
843 2 0 0 0 0 0 1 0 0 0 0 0 0
855 12 1 1 9 0 0 0 0 0 1 0 0 0
fn=_IO_default_setbuf
330 5 0 0 1 0 0 0 0 0 1 1 0 0
332 1 0 0 0 0 0 1 0 0 0 0 0 0
333 1 0 0 0 0 0 1 0 0 0 0 0 0
337 2 0 0 0 0 0 1 0 0 0 0 0 0
452 10 1 1 0 0 0 5 0 0 0 0 0 0
453 5 1 1 2 0 0 1 0 0 1 0 1 1
455 4 0 0 0 0 0 0 0 0 1 1 0 0
457 3 1 1 1 0 0 1 0 0 0 0 0 0
458 2 1 1 0 0 0 0 0 0 0 0 0 0
462 1 0 0 0 0 0 0 0 0 0 0 0 0
466 4 0 0 0 0 0 3 0 0 0 0 0 0
467 1 0 0 0 0 0 0 0 0 0 0 0 0
468 6 0 0 6 0 0 0 0 0 0 0 0 0
fn=_IO_doallocbuf
343 8 1 1 0 0 0 4 0 0 0 0 0 0
344 2 0 0 1 0 0 0 0 0 1 1 0 0
346 3 0 0 1 0 0 0 0 0 1 1 0 0
347 5 1 1 2 1 0 1 0 0 1 1 1 1
350 6 1 1 5 0 0 0 0 0 0 0 0 0
fn=_IO_flush_all
686 12 1 1 1 0 0 7 0 0 0 0 0 0
687 3 1 1 0 0 0 0 0 0 0 0 0 0
691 6 1 1 0 0 0 3 0 0 0 0 0 0
692 9 2 2 4 1 0 2 0 0 1 1 0 0
695 18 0 0 6 3 0 0 0 0 6 2 0 0
697 5 1 1 0 0 0 5 0 0 0 0 0 0
698 60 1 1 25 12 1 10 0 0 10 3 0 0
700 35 2 2 15 7 2 0 0 0 10 0 0 0
708 55 2 2 20 0 0 10 0 0 15 0 0 0
709 5 0 0 0 0 0 5 0 0 0 0 0 0
713 7 2 2 2 0 0 2 0 0 2 0 0 0
714 2 0 0 0 0 0 1 0 0 0 0 0 0
718 12 0 0 9 0 0 0 0 0 1 0 0 0
fn=_IO_link_in
87 28 1 1 0 0 0 16 0 0 0 0 0 0
88 20 0 0 8 0 0 4 0 0 4 2 0 0
90 4 1 1 0 0 0 2 0 0 0 0 0 0
92 14 0 0 0 0 0 6 0 0 0 0 0 0
93 18 2 2 6 0 0 4 0 0 2 2 0 0
94 2 0 0 0 0 0 2 0 0 0 0 0 0
95 18 2 2 8 0 0 4 0 0 4 2 0 0
97 4 0 0 2 1 0 2 0 0 0 0 0 0
98 2 0 0 0 0 0 2 0 0 0 0 0 0
100 10 0 0 2 0 0 4 0 0 2 0 0 0
101 2 0 0 0 0 0 2 0 0 0 0 0 0
102 12 1 1 2 0 0 4 0 0 2 0 0 0
103 4 1 1 0 0 0 2 0 0 0 0 0 0
106 38 0 0 28 0 0 0 0 0 4 0 0 0
fn=_IO_no_init
563 22 1 1 0 0 0 10 0 0 0 0 0 0
564 2 0 0 0 0 0 2 0 0 0 0 0 0
565 2 1 1 0 0 0 2 1 1 0 0 0 0
566 4 0 0 0 0 0 0 0 0 2 0 0 0
568 2 0 0 0 0 0 2 0 0 0 0 0 0
572 12 0 0 0 0 0 10 1 1 0 0 0 0
579 2 0 0 0 0 0 2 2 2 0 0 0 0
581 2 0 0 0 0 0 2 0 0 0 0 0 0
587 2 1 1 0 0 0 2 0 0 0 0 0 0
588 12 0 0 12 0 0 0 0 0 0 0 0 0
fn=_IO_old_init
531 2 1 1 0 0 0 0 0 0 0 0 0 0
532 4 0 0 0 0 0 2 1 1 0 0 0 0
534 12 1 1 2 1 1 2 0 0 0 0 0 0
539 14 0 0 0 0 0 12 1 1 0 0 0 0
544 2 0 0 0 0 0 2 1 1 0 0 0 0
550 4 0 0 0 0 0 2 0 0 0 0 0 0
555 6 0 0 2 0 0 0 0 0 2 2 0 0
556 4 0 0 0 0 0 4 2 2 0 0 0 0
558 2 0 0 2 0 0 0 0 0 0 0 0 0
fn=_IO_setb
329 11 2 2 0 0 0 5 0 0 0 0 0 0
330 4 0 0 2 0 0 0 0 0 1 1 0 0
332 1 0 0 0 0 0 1 0 0 0 0 0 0
333 1 0 0 0 0 0 1 0 0 0 0 0 0
335 6 0 0 0 0 0 1 0 0 0 0 0 0
338 6 0 0 6 0 0 0 0 0 0 0 0 0
fn=_IO_sgetn
409 5 1 1 0 0 0 2 0 0 0 0 0 0
411 3 0 0 2 1 0 0 0 0 0 0 1 1
412 2 0 0 2 0 0 0 0 0 0 0 0 0
fn=_IO_switch_to_get_mode
164 6 1 1 0 0 0 3 0 0 0 0 0 0
165 3 0 0 2 0 0 0 0 0 1 1 0 0
168 3 1 1 1 0 0 0 0 0 1 0 0 0
172 2 0 0 1 0 0 1 0 0 0 0 0 0
173 2 0 0 1 0 0 0 0 0 1 1 0 0
176 1 0 0 0 0 0 1 0 0 0 0 0 0
178 2 1 1 0 0 0 2 0 0 0 0 0 0
180 2 0 0 0 0 0 1 0 0 0 0 0 0
181 1 0 0 0 0 0 0 0 0 0 0 0 0
182 4 0 0 4 0 0 0 0 0 0 0 0 0
fn=__underflow
173 1 0 0 1 0 0 0 0 0 0 0 0 0
269 6 1 1 0 0 0 3 0 0 0 0 0 0
270 4 1 1 1 0 0 1 0 0 1 0 0 0
275 3 0 0 1 0 0 0 0 0 1 0 0 0
278 3 0 0 1 0 0 0 0 0 1 0 0 0
280 2 0 0 0 0 0 0 0 0 1 0 0 0
286 2 0 0 1 0 0 0 0 0 1 1 0 0
291 3 1 1 1 0 0 0 0 0 1 1 0 0
293 4 1 1 2 0 0 0 0 0 0 0 1 1
294 3 0 0 3 0 0 0 0 0 0 0 0 0
fl=./libio/./libio/iofopen.c
fn=fopen@@GLIBC_2.2.5
37 4 0 0 2 0 0 0 0 0 2 2 0 0
65 4 0 0 0 0 0 2 0 0 0 0 0 0
67 6 1 1 0 0 0 0 0 0 2 0 0 0
70 4 0 0 0 0 0 2 2 2 0 0 0 0
72 14 0 0 0 0 0 2 0 0 0 0 0 0
73 4 0 0 0 0 0 2 0 0 0 0 0 0
74 4 1 1 0 0 0 2 0 0 0 0 0 0
75 14 0 0 0 0 0 2 0 0 2 0 0 0
85 18 1 1 0 0 0 10 0 0 0 0 0 0
87 14 1 1 12 0 0 0 0 0 0 0 0 0
fl=./libio/./libio/libioP.h
fn=_IO_cleanup
1025 3 1 1 0 0 0 0 0 0 0 0 0 0
1026 2 0 0 0 0 0 0 0 0 1 0 0 0
fn=_IO_default_setbuf
1025 3 0 0 0 0 0 0 0 0 0 0 0 0
1026 2 0 0 0 0 0 0 0 0 1 0 0 0
fn=_IO_doallocbuf
1025 3 0 0 0 0 0 0 0 0 0 0 0 0
1026 2 0 0 0 0 0 0 0 0 1 1 0 0
fn=_IO_file_doallocate
1025 3 0 0 0 0 0 0 0 0 0 0 0 0
1026 2 0 0 0 0 0 0 0 0 1 0 0 0
fn=_IO_file_underflow@@GLIBC_2.2.5
1025 4 1 1 0 0 0 0 0 0 0 0 0 0
1026 2 0 0 0 0 0 0 0 0 1 0 0 0
fn=_IO_file_xsgetn
1025 3 0 0 0 0 0 0 0 0 0 0 0 0
1026 2 0 0 0 0 0 0 0 0 1 0 0 0
fn=_IO_flush_all
1025 2 0 0 0 0 0 0 0 0 0 0 0 0
fn=_IO_sgetn
1025 3 0 0 0 0 0 0 0 0 0 0 0 0
1026 2 0 0 0 0 0 0 0 0 1 0 0 0
fn=__underflow
1025 3 0 0 0 0 0 0 0 0 0 0 0 0
1026 2 0 0 0 0 0 0 0 0 1 0 0 0
fl=./libio/./libio/vtables.c
fn=check_stdfiles_vtables
545 1 1 1 0 0 0 0 0 0 0 0 0 0
546 4 0 0 2 1 0 0 0 0 1 1 0 0
547 3 1 1 2 0 0 0 0 0 1 0 0 0
548 3 0 0 2 0 0 0 0 0 1 0 0 0
550 1 0 0 1 0 0 0 0 0 0 0 0 0
fl=./malloc/../string/bits/string_fortified.h
fn=calloc
59 6 0 0 0 0 0 0 0 0 0 0 0 0
fn=tcache_init.part.0
59 88 1 1 0 0 0 81 9 9 80 10 0 0
fl=./malloc/../sysdeps/unix/sysv/linux/not-cancel.h
fn=ptmalloc_init.part.0
97 6 1 1 0 0 0 0 0 0 0 0 0 0
fl=./malloc/./malloc/arena.c
fn=calloc
153 7816 1 1 0 0 0 0 0 0 3908 3 0 0
fn=free
153 11724 0 0 0 0 0 0 0 0 3908 2 0 0
fn=malloc
153 6 0 0 0 0 0 0 0 0 3 2 0 0
264 1 1 1 0 0 0 1 0 0 0 0 0 0
fn=ptmalloc_init.part.0
262 8 1 1 1 0 0 4 1 0 0 0 0 0
267 1 0 0 0 0 0 1 0 0 0 0 0 0
292 2 1 1 1 0 0 0 0 0 1 1 0 0
296 3 0 0 1 1 0 1 0 0 0 0 0 0
300 4 0 0 0 0 0 1 0 0 0 0 0 0
301 4 1 1 0 0 0 1 0 0 0 0 0 0
302 4 0 0 0 0 0 1 0 0 0 0 0 0
303 4 0 0 0 0 0 1 0 0 0 0 0 0
304 4 1 1 0 0 0 1 0 0 0 0 0 0
305 4 0 0 0 0 0 1 0 0 0 0 0 0
306 4 0 0 0 0 0 1 0 0 0 0 0 0
308 4 1 1 0 0 0 1 0 0 0 0 0 0
309 4 0 0 0 0 0 1 0 0 0 0 0 0
310 4 0 0 0 0 0 1 0 0 0 0 0 0
313 4 0 0 0 0 0 1 0 0 0 0 0 0
314 4 1 1 0 0 0 1 0 0 0 0 0 0
316 2 0 0 1 1 1 0 0 0 1 0 0 0
326 8 0 0 6 0 0 0 0 0 1 0 0 0
fl=./malloc/./malloc/malloc.c
fn=_int_free
1792 3901 0 0 3901 0 0 0 0 0 0 0 0 0
1992 11697 1 1 3899 0 0 0 0 0 3899 0 0 0
3163 14 1 1 7 0 0 7 0 0 0 0 0 0
3165 28 0 0 7 1 0 7 0 0 0 0 0 0
3166 7 0 0 0 0 0 7 0 0 0 0 0 0
3167 14 0 0 0 0 0 7 0 0 0 0 0 0
4495 27356 1 1 0 0 0 15632 0 0 0 0 0 0
4499 11724 1 1 3908 0 0 0 0 0 0 0 0 0
4505 15632 0 0 0 0 0 0 0 0 3908 0 0 0
4506 7816 0 0 0 0 0 0 0 0 3908 0 0 0
4510 19540 0 0 0 0 0 0 0 0 3908 0 0 0
4517 7816 0 0 0 0 0 0 0 0 0 0 0 0
4518 23448 1 1 11724 0 0 0 0 0 7816 2 0 0
4521 3906 0 0 0 0 0 0 0 0 0 0 0 0
4527 11718 0 0 7812 1 1 0 0 0 3906 0 0 0
4547 19530 1 1 7812 1 0 0 0 0 3906 3 0 0
4550 7 0 0 0 0 0 0 0 0 0 0 0 0
4561 7802 0 0 0 0 0 0 0 0 3901 2 0 0
4572 15596 0 0 3899 0 0 0 0 0 3899 0 0 0
4574 11697 0 0 3899 0 0 0 0 0 3899 0 0 0
4593 3899 0 0 0 0 0 0 0 0 0 0 0 0
4595 3899 0 0 0 0 0 3899 0 0 0 0 0 0
4596 3899 0 0 0 0 0 0 0 0 0 0 0 0
4600 11697 0 0 3899 0 0 0 0 0 0 0 0 0
4602 7798 0 0 3899 0 0 0 0 0 3899 0 0 0
4606 7798 0 0 0 0 0 0 0 0 3899 2 0 0
4608 11697 0 0 0 0 0 3899 0 0 0 0 0 0
4609 3899 0 0 0 0 0 3899 0 0 0 0 0 0
4628 15596 0 0 0 0 0 0 0 0 3899 2 0 0
4637 4 0 0 2 0 0 0 0 0 2 0 0 0
4640 4 0 0 2 0 0 0 0 0 0 0 0 0
4643 4 1 1 0 0 0 0 0 0 2 0 0 0
4646 4 0 0 0 0 0 0 0 0 0 0 0 0
4658 23446 1 1 19538 0 0 0 0 0 0 0 0 0
fn=_int_free_maybe_consolidate
4770 22 1 1 2 1 0 14 0 0 0 0 0 0
4776 4 0 0 0 0 0 0 0 0 2 0 0 0
4798 22 1 1 18 0 0 0 0 0 2 2 0 0
fn=_int_free_merge_chunk
1992 6 0 0 2 0 0 0 0 0 2 0 0 0
4665 16 1 1 0 0 0 12 0 0 0 0 0 0
4666 2 0 0 0 0 0 0 0 0 0 0 0 0
4670 12 0 0 2 1 0 0 0 0 2 0 0 0
4673 8 1 1 2 0 0 0 0 0 4 4 0 0
4675 6 1 1 2 1 0 0 0 0 0 0 0 0
4678 6 0 0 2 1 0 0 0 0 2 0 0 0
4681 4 0 0 0 0 0 0 0 0 0 0 0 0
4682 4 0 0 0 0 0 0 0 0 2 0 0 0
4683 4 0 0 2 0 0 0 0 0 2 0 0 0
4689 4 1 1 2 0 0 0 0 0 2 2 0 0
4701 6 0 0 0 0 0 0 0 0 0 0 0 0
4702 14 0 0 12 0 0 0 0 0 0 0 0 0
4714 4 0 0 2 0 0 0 0 0 2 0 0 0
4720 4 0 0 2 1 0 0 0 0 2 0 0 0
4724 2 0 0 2 0 0 0 0 0 0 0 0 0
4732 2 0 0 0 0 0 0 0 0 0 0 0 0
4733 8 1 1 2 0 0 0 0 0 0 0 0 0
4734 4 0 0 2 0 0 0 0 0 2 0 0 0
4736 2 0 0 0 0 0 2 0 0 0 0 0 0
4738 4 0 0 0 0 0 0 0 0 2 2 0 0
4740 6 1 1 0 0 0 2 1 0 0 0 0 0
4743 2 0 0 0 0 0 2 0 0 0 0 0 0
4744 2 0 0 0 0 0 2 0 0 0 0 0 0
4746 6 0 0 0 0 0 2 0 0 0 0 0 0
4747 2 0 0 0 0 0 2 0 0 0 0 0 0
fn=_int_malloc
1326 7824 0 0 0 0 0 0 0 0 3912 0 0 0
1345 23472 0 0 0 0 0 0 0 0 3912 1 0 0
1794 3912 1 1 3912 0 0 0 0 0 0 0 0 0
2008 12 1 1 3 0 0 0 0 0 3 0 0 0
2017 2 1 1 2 0 0 0 0 0 0 0 0 0
2552 12 1 1 4 2 0 4 0 0 0 0 0 0
2553 2 1 1 0 0 0 2 0 0 0 0 0 0
2564 4 1 1 2 1 0 0 0 0 2 2 0 0
2589 8 0 0 2 0 0 2 0 0 0 0 0 0
2590 4 0 0 0 0 0 2 0 0 0 0 0 0
2599 16 1 1 3 0 0 0 0 0 4 2 0 0
2605 3 0 0 2 0 0 0 0 0 1 0 0 0
2608 6 1 1 0 0 0 0 0 0 2 2 0 0
2669 6 1 1 2 0 0 2 0 0 0 0 0 0
2677 4 0 0 2 0 0 0 0 0 2 0 0 0
2678 6 0 0 2 0 0 2 0 0 0 0 0 0
2691 6 1 1 2 0 0 0 0 0 2 0 0 0
2693 2 0 0 2 0 0 0 0 0 0 0 0 0
2699 10 0 0 2 0 0 2 0 0 0 0 0 0
2707 4 0 0 0 0 0 0 0 0 2 2 0 0
2709 8 2 2 0 0 0 4 0 0 0 0 0 0
2710 6 0 0 2 0 0 0 0 0 2 0 0 0
2711 2 0 0 0 0 0 0 0 0 0 0 0 0
2712 2 0 0 0 0 0 0 0 0 0 0 0 0
2715 4 0 0 0 0 0 0 0 0 2 0 0 0
2744 10 1 1 4 1 1 0 0 0 2 1 0 0
2745 1 1 1 0 0 0 1 0 0 0 0 0 0
2746 4 0 0 0 0 0 2 0 0 0 0 0 0
2752 16 0 0 2 0 0 0 0 0 3 1 0 0
2753 6 0 0 1 0 0 1 0 0 0 0 0 0
2755 4 1 1 2 0 0 0 0 0 2 2 0 0
2782 2 0 0 0 0 0 0 0 0 0 0 0 0
2783 1 0 0 0 0 0 0 0 0 0 0 0 0
2795 3 1 1 0 0 0 0 0 0 1 1 0 0
2814 2 0 0 1 0 0 0 0 0 0 0 0 0
2817 2 0 0 0 0 0 0 0 0 0 0 0 0
2818 6 1 1 1 0 0 0 0 0 0 0 0 0
2820 1 0 0 0 0 0 0 0 0 1 0 0 0
2821 6 0 0 0 0 0 4 0 0 0 0 0 0
2833 5 0 0 3 0 0 0 0 0 1 0 0 0
2873 1 0 0 0 0 0 0 0 0 0 0 0 0
2875 1 0 0 0 0 0 1 0 0 0 0 0 0
2876 5 0 0 0 0 0 1 1 1 0 0 0 0
2877 1 0 0 1 0 0 0 0 0 0 0 0 0
2888 3 1 1 1 0 0 0 0 0 1 0 0 0
2921 6 1 1 4 0 0 0 0 0 2 1 0 0
2922 2 0 0 0 0 0 2 0 0 0 0 0 0
2926 2 0 0 2 0 0 0 0 0 0 0 0 0
2930 10 1 1 4 0 0 0 0 0 2 0 0 0
2932 2 0 0 0 0 0 0 0 0 0 0 0 0
2933 2 0 0 0 0 0 0 0 0 0 0 0 0
2934 2 0 0 0 0 0 2 0 0 0 0 0 0
2935 14 0 0 0 0 0 2 0 0 0 0 0 0
2936 4 0 0 0 0 0 2 1 1 0 0 0 0
2938 2 0 0 0 0 0 0 0 0 0 0 0 0
3846 43032 2 2 3912 0 0 27384 1 0 0 0 0 0
3882 1 0 0 0 0 0 0 0 0 0 0 0 0
3887 7824 0 0 0 0 0 0 0 0 3912 0 0 0
3914 7824 0 0 0 0 0 0 0 0 3912 7 0 0
3916 15624 0 0 0 0 0 0 0 0 0 0 0 0
3919 3906 0 0 3906 0 0 0 0 0 0 0 0 0
3921 7812 0 0 0 0 0 0 0 0 3906 2 0 0
3930 11718 2 2 0 0 0 0 0 0 0 0 0 0
3977 12 1 1 0 0 0 0 0 0 6 3 0 0
3979 7830 0 0 0 0 0 0 0 0 0 0 0 0
3980 7818 1 1 0 0 0 0 0 0 0 0 0 0
3982 11727 0 0 3909 1 0 0 0 0 3909 4 0 0
4039 40 1 1 0 0 0 0 0 0 8 3 0 0
4040 9 0 0 3 0 0 0 0 0 3 0 0 0
4058 11734 0 0 3911 0 0 0 0 0 0 0 0 0
4059 11736 0 0 0 0 0 3912 2 0 0 0 0 0
4060 11736 1 1 7824 0 0 0 0 0 3912 1 0 0
4070 19563 2 2 3912 0 0 3912 0 0 3912 8 0 0
4257 11736 1 1 0 0 0 0 0 0 3912 5 0 0
4259 12 0 0 0 0 0 0 0 0 0 0 0 0
4262 9 0 0 3 0 0 0 0 0 3 1 0 0
4263 3912 1 1 0 0 0 0 0 0 0 0 0 0
4330 3912 0 0 0 0 0 0 0 0 0 0 0 0
4331 7824 0 0 0 0 0 0 0 0 0 0 0 0
4332 7824 0 0 0 0 0 0 0 0 0 0 0 0
4333 7824 0 0 3912 0 0 0 0 0 0 0 0 0
4334 23472 0 0 0 0 0 0 0 0 0 0 0 0
4339 15648 1 1 0 0 0 0 0 0 3912 0 0 0
4343 43006 1 1 0 0 0 0 0 0 15638 7 0 0
4346 46904 1 1 11726 0 0 0 0 0 11726 0 0 0
4443 3912 1 1 3912 0 0 0 0 0 0 0 0 0
4444 7824 0 0 3912 0 0 0 0 0 0 0 0 0
4446 7824 0 0 3912 0 0 0 0 0 3912 0 0 0
4449 11736 0 0 0 0 0 0 0 0 3912 5 0 0
4451 3910 0 0 0 0 0 0 0 0 0 0 0 0
4452 7820 0 0 0 0 0 0 0 0 0 0 0 0
4453 3910 0 0 0 0 0 3910 0 0 0 0 0 0
4454 31280 1 1 0 0 0 3910 0 0 0 0 0 0
4456 7820 0 0 0 0 0 3910 1958 1958 0 0 0 0
4459 7820 0 0 0 0 0 0 0 0 0 0 0 0
4460 11736 1 1 0 0 0 3912 1 0 0 0 0 0
4461 3912 0 0 0 0 0 0 0 0 0 0 0 0
4466 8 0 0 2 0 0 2 0 0 2 2 0 0
4482 2 0 0 0 0 0 0 0 0 0 0 0 0
4487 46944 2 2 35208 0 0 0 0 0 3912 0 0 0
fn=alloc_perturb
1985 11736 1 1 3912 0 0 0 0 0 3912 0 0 0
1987 3912 0 0 3912 0 0 0 0 0 0 0 0 0
fn=calloc
3699 35172 1 1 0 0 0 23448 0 0 0 0 0 0
3709 35172 0 0 0 0 0 0 0 0 3908 3 0 0
3717 7816 1 1 3908 0 0 0 0 0 3908 2 0 0
3720 11724 0 0 7816 0 0 0 0 0 3908 0 0 0
3722 7816 0 0 3908 0 0 0 0 0 3908 8 0 0
3732 3908 1 1 3908 0 0 0 0 0 0 0 0 0
3733 11724 0 0 3908 0 0 0 0 0 0 0 0 0
3754 11724 1 1 0 0 0 3908 0 0 0 0 0 0
3756 39080 2 2 3908 0 0 0 0 0 11724 5 0 0
3759 11724 0 0 3908 0 0 0 0 0 3908 1 0 0
3784 3908 0 0 0 0 0 0 0 0 0 0 0 0
3796 11724 1 1 3908 0 0 0 0 0 3908 0 0 0
3799 19540 0 0 0 0 0 0 0 0 0 0 0 0
3807 3908 0 0 0 0 0 0 0 0 0 0 0 0
3809 7816 0 0 0 0 0 0 0 0 3908 0 0 0
3811 7816 0 0 0 0 0 0 0 0 3908 3 0 0
3816 7812 0 0 0 0 0 3906 0 0 0 0 0 0
3818 3906 1 1 0 0 0 3906 0 0 0 0 0 0
3819 7812 0 0 0 0 0 0 0 0 3906 2 0 0
3837 31262 2 2 27354 0 0 0 0 0 0 0 0 0
fn=free
3359 27356 1 1 0 0 0 15632 0 0 0 0 0 0
3363 7816 0 0 0 0 0 0 0 0 3908 0 0 0
3371 7816 0 0 7816 2 0 0 0 0 0 0 0 0
3373 3908 0 0 0 0 0 0 0 0 0 0 0 0
3375 11724 1 1 3908 542 0 0 0 0 3908 0 0 0
3392 11724 0 0 7816 0 0 0 0 0 3908 0 0 0
3398 11724 1 1 0 0 0 3908 0 0 0 0 0 0
3401 3908 0 0 0 0 0 3908 0 0 0 0 0 0
3402 23448 0 0 19540 0 0 0 0 0 0 0 0 0
fn=malloc
1326 6 0 0 0 0 0 0 0 0 3 1 0 0
1345 15 0 0 0 0 0 0 0 0 3 2 0 0
3248 4 1 1 2 0 0 1 0 0 1 0 0 0
3294 24 2 2 0 0 0 12 1 0 0 0 0 0
3301 6 0 0 3 1 1 0 0 0 3 1 0 0
3311 6 0 0 0 0 0 0 0 0 0 0 0 0
3313 12 1 1 6 0 0 0 0 0 3 1 0 0
3316 6 0 0 3 0 0 0 0 0 3 1 0 0
3317 4 0 0 1 0 0 0 0 0 1 0 0 0
3318 6 1 1 2 0 0 0 0 0 2 1 0 0
3326 6 0 0 3 0 0 0 0 0 3 3 0 0
3328 12 1 1 0 0 0 3 0 0 0 0 0 0
3329 15 0 0 3 0 0 0 0 0 3 0 0 0
3354 18 1 1 15 0 0 0 0 0 0 0 0 0
fn=ptmalloc_init.part.0
1946 385 1 1 0 0 0 0 0 0 127 7 0 0
1949 381 0 0 0 0 0 127 32 32 0 0 0 0
1957 1 0 0 0 0 0 1 0 0 0 0 0 0
1958 1 0 0 0 0 0 1 1 1 0 0 0 0
1960 1 0 0 0 0 0 1 0 0 0 0 0 0
3143 2 0 0 0 0 0 0 0 0 1 1 0 0
fn=tcache_init.part.0
3242 4 1 1 0 0 0 2 0 0 0 0 0 0
3251 8 0 0 3 0 0 0 0 0 2 0 0 0
3252 3 1 1 0 0 0 1 0 0 0 0 0 0
3253 2 0 0 0 0 0 0 0 0 1 0 0 0
3261 4 0 0 2 0 0 0 0 0 2 0 0 0
3270 2 0 0 1 0 0 1 0 0 0 0 0 0
3274 3 0 0 3 0 0 0 0 0 0 0 0 0
fl=./malloc/./malloc/morecore.c
fn=__glibc_morecore
25 9 1 1 0 0 0 3 0 0 0 0 0 0
26 6 0 0 3 0 0 0 0 0 3 0 0 0
29 3 0 0 0 0 0 3 1 0 0 0 0 0
30 6 0 0 0 0 0 0 0 0 3 0 0 0
34 6 0 0 6 0 0 0 0 0 0 0 0 0
fl=./malloc/./malloc/scratch_buffer_set_array_size.c
fn=__libc_scratch_buffer_set_array_size
30 26 1 1 0 0 0 8 0 0 0 0 0 0
34 2 0 0 0 0 0 0 0 0 0 0 0 0
35 4 0 0 0 0 0 0 0 0 2 2 0 0
45 4 0 0 2 0 0 0 0 0 2 2 0 0
46 2 0 0 0 0 0 0 0 0 0 0 0 0
63 12 1 1 10 0 0 0 0 0 0 0 0 0
fl=./misc/../sysdeps/unix/syscall-template.S
fn=mprotect
117 20 2 2 0 0 0 0 0 0 4 1 0 0
122 4 0 0 4 0 0 0 0 0 0 0 0 0
fn=munmap
117 5 0 0 0 0 0 0 0 0 1 0 0 0
122 1 0 0 1 0 0 0 0 0 0 0 0 0
fl=./misc/../sysdeps/unix/sysv/linux/brk.c
fn=brk
36 3 1 1 0 0 0 0 0 0 0 0 0 0
37 6 0 0 3 0 0 3 0 0 0 0 0 0
38 6 0 0 0 0 0 0 0 0 3 0 0 0
44 3 0 0 0 0 0 0 0 0 0 0 0 0
45 3 0 0 3 0 0 0 0 0 0 0 0 0
fl=./misc/../sysdeps/unix/sysv/linux/brk_call.h
fn=brk
24 6 0 0 0 0 0 0 0 0 0 0 0 0
fl=./misc/../sysdeps/unix/sysv/linux/mmap64.c
fn=mmap
47 84 1 1 0 0 0 36 1 1 0 0 0 0
50 24 0 0 0 0 0 0 0 0 12 0 0 0
53 53 1 1 2 0 0 0 0 0 19 10 0 0
58 72 0 0 0 0 0 0 0 0 12 0 0 0
60 48 0 0 48 0 0 0 0 0 0 0 0 0
fl=./misc/../sysdeps/unix/sysv/linux/setvmaname.c
fn=__set_vma_name
33 11 2 2 0 0 0 4 1 1 0 0 0 0
35 7 0 0 3 0 0 0 0 0 2 1 0 0
40 7 0 0 1 0 0 1 0 0 1 1 0 0
47 1 1 1 0 0 0 1 0 0 0 0 0 0
49 6 0 0 5 0 0 0 0 0 0 0 0 0
fl=./misc/./misc/init-misc.c
fn=__init_misc
30 5 1 1 0 0 0 3 0 0 0 0 0 0
31 6 0 0 1 0 0 0 0 0 2 0 0 0
33 3 1 1 0 0 0 1 0 0 0 0 0 0
37 5 0 0 1 0 0 1 1 0 0 0 0 0
38 3 0 0 2 0 0 1 0 0 0 0 0 0
40 4 0 0 4 0 0 0 0 0 0 0 0 0
fl=./misc/./misc/sbrk.c
fn=sbrk
37 24 1 1 0 0 0 12 1 0 0 0 0 0
40 6 0 0 6 2 0 0 0 0 0 0 0 0
43 6 1 1 3 1 0 0 0 0 3 3 0 0
58 6 0 0 0 0 0 0 0 0 3 1 0 0
59 4 1 1 0 0 0 1 0 0 1 0 0 0
62 6 0 0 0 0 0 0 0 0 3 1 0 0
63 2 0 0 1 0 0 0 0 0 0 0 0 0
66 8 1 1 0 0 0 0 0 0 4 2 0 0
74 6 0 0 0 0 0 2 0 0 2 0 0 0
78 21 0 0 15 0 0 0 0 0 0 0 0 0
fl=./nptl/../sysdeps/unix/sysv/linux/x86/elision-conf.c
fn=__lll_elision_init
92 8 1 1 1 0 0 3 0 0 0 0 0 0
96 5 1 1 0 0 0 1 0 0 0 0 0 0
98 4 0 0 0 0 0 1 0 0 0 0 0 0
100 4 0 0 0 0 0 1 0 0 0 0 0 0
102 4 0 0 0 0 0 1 0 0 0 0 0 0
104 4 1 1 0 0 0 1 0 0 0 0 0 0
107 3 0 0 1 1 1 0 0 0 1 0 0 0
108 1 0 0 0 0 0 1 1 1 0 0 0 0
109 6 0 0 5 0 0 0 0 0 1 0 0 0
fl=./nptl/./nptl/libc-cleanup.c
fn=__libc_cleanup_pop_restore
54 4 0 0 0 0 0 0 0 0 0 0 0 0
55 4 0 0 4 0 0 0 0 0 0 0 0 0
57 8 0 0 4 0 0 4 0 0 0 0 0 0
59 4 0 0 4 0 0 0 0 0 0 0 0 0
60 12 1 1 4 0 0 0 0 0 4 4 0 0
71 4 0 0 4 0 0 0 0 0 0 0 0 0
fn=__libc_cleanup_push_defer
24 4 1 1 0 0 0 0 0 0 0 0 0 0
25 4 0 0 4 0 0 0 0 0 0 0 0 0
27 8 0 0 4 0 0 4 0 0 0 0 0 0
29 8 0 0 4 1 0 0 0 0 0 0 0 0
32 8 0 0 0 0 0 0 0 0 4 0 0 0
46 12 1 1 0 0 0 4 0 0 0 0 0 0
48 4 0 0 0 0 0 4 0 0 0 0 0 0
49 4 0 0 4 0 0 0 0 0 0 0 0 0
fl=./nptl/./nptl/pthread_mutex_conf.c
fn=__pthread_tunables_init
55 8 1 1 1 0 0 3 0 0 0 0 0 0
56 5 1 1 0 0 0 1 0 0 0 0 0 0
58 4 0 0 0 0 0 1 0 0 0 0 0 0
60 4 0 0 0 0 0 1 0 0 0 0 0 0
62 6 1 1 5 0 0 0 0 0 1 0 0 0
fl=./nptl/./nptl/pthread_mutex_lock.c
fn=pthread_mutex_lock@@GLIBC_2.2.5
44 1 1 1 1 0 0 0 0 0 0 0 0 0
45 7 0 0 2 0 0 0 0 0 3 0 0 0
46 1 0 0 0 0 0 1 0 0 0 0 0 0
77 5 1 1 0 0 0 2 0 0 0 0 0 0
80 3 0 0 1 0 0 0 0 0 0 0 0 0
82 1 0 0 0 0 0 0 0 0 0 0 0 0
84 2 1 1 0 0 0 0 0 0 1 0 0 0
88 2 0 0 0 0 0 0 0 0 1 1 0 0
97 2 1 1 0 0 0 0 0 0 1 0 0 0
108 4 1 1 1 0 0 0 0 0 1 1 0 0
112 1 0 0 1 1 0 0 0 0 0 0 0 0
115 2 0 0 1 0 0 0 0 0 1 1 0 0
124 1 0 0 0 0 0 0 0 0 0 0 0 0
130 3 0 0 1 0 0 0 0 0 1 0 0 0
131 2 1 1 0 0 0 1 0 0 0 0 0 0
179 1 1 1 1 0 0 0 0 0 0 0 0 0
182 1 0 0 0 0 0 1 0 0 0 0 0 0
184 1 0 0 1 0 0 0 0 0 0 0 0 0
187 1 0 0 0 0 0 0 0 0 0 0 0 0
190 3 0 0 3 0 0 0 0 0 0 0 0 0
fl=./nptl/./nptl/pthread_mutex_unlock.c
fn=pthread_mutex_unlock@@GLIBC_2.2.5
39 1 0 0 1 0 0 0 0 0 0 0 0 0
40 4 0 0 1 0 0 0 0 0 2 0 0 0
41 1 0 0 0 0 0 1 0 0 0 0 0 0
51 3 0 0 1 0 0 0 0 0 0 0 0 0
52 2 1 1 0 0 0 0 0 0 1 0 0 0
57 2 0 0 0 0 0 0 0 0 1 1 0 0
62 1 0 0 0 0 0 1 0 0 0 0 0 0
65 1 0 0 1 0 0 0 0 0 0 0 0 0
70 1 0 0 0 0 0 0 0 0 0 0 0 0
72 1 0 0 0 0 0 0 0 0 0 0 0 0
74 2 1 1 0 0 0 0 0 0 1 1 0 0
80 4 1 1 1 0 0 0 0 0 1 0 0 0
84 3 0 0 2 0 0 0 0 0 1 1 0 0
87 2 0 0 1 0 0 0 0 0 1 1 0 0
367 4 1 1 0 0 0 1 0 0 0 0 0 0
369 2 0 0 2 0 0 0 0 0 0 0 0 0
fl=./posix/../malloc/dynarray-skeleton.c
fn=__unregister_atfork
243 2 0 0 2 1 1 0 0 0 0 0 0 0
fl=./posix/../sysdeps/unix/sysv/linux/_exit.c
fn=_Exit
27 2 1 1 1 0 0 0 0 0 0 0 0 0
30 4 0 0 0 0 0 0 0 0 0 0 0 0
fl=./posix/./posix/register-atfork.c
fn=__unregister_atfork
71 4 1 1 0 0 0 0 0 0 2 2 0 0
82 12 1 1 0 0 0 4 0 0 0 0 0 0
83 8 0 0 2 1 1 0 0 0 2 1 0 0
109 8 1 1 4 0 0 0 0 0 4 0 0 0
110 6 0 0 6 0 0 0 0 0 0 0 0 0
fl=./resource/../sysdeps/unix/sysv/linux/getrlimit64.c
fn=getrlimit
38 2 1 1 0 0 0 0 0 0 0 0 0 0
39 7 0 0 0 0 0 0 0 0 1 0 0 0
40 1 0 0 1 0 0 0 0 0 0 0 0 0
fl=./setjmp/../sysdeps/x86_64/bsd-_setjmp.S
fn=_setjmp
28 1 1 1 0 0 0 0 0 0 0 0 0 0
30 1 0 0 0 0 0 0 0 0 0 0 0 0
32 1 0 0 0 0 0 0 0 0 0 0 0 0
fl=./setjmp/../sysdeps/x86_64/setjmp.S
fn=__sigsetjmp
31 4 2 2 0 0 0 0 0 0 0 0 0 0
33 4 0 0 0 0 0 4 0 0 0 0 0 0
42 4 0 0 0 0 0 0 0 0 0 0 0 0
43 8 0 0 4 0 0 0 0 0 0 0 0 0
44 4 0 0 0 0 0 4 0 0 0 0 0 0
48 4 0 0 0 0 0 4 0 0 0 0 0 0
49 4 0 0 0 0 0 4 0 0 0 0 0 0
50 4 0 0 0 0 0 4 0 0 0 0 0 0
51 4 0 0 0 0 0 4 0 0 0 0 0 0
52 4 0 0 0 0 0 0 0 0 0 0 0 0
54 8 1 1 4 0 0 0 0 0 0 0 0 0
56 4 0 0 0 0 0 4 1 1 0 0 0 0
57 4 1 1 4 0 0 0 0 0 0 0 0 0
58 4 0 0 0 0 0 0 0 0 0 0 0 0
60 8 0 0 4 0 0 0 0 0 0 0 0 0
62 4 0 0 0 0 0 4 0 0 0 0 0 0
67 1 0 0 1 1 0 0 0 0 0 0 0 0
68 1 0 0 0 0 0 0 0 0 1 1 0 0
70 3 0 0 0 0 0 0 0 0 0 0 0 0
73 3 0 0 0 0 0 0 0 0 0 0 0 0
74 3 0 0 0 0 0 3 0 0 0 0 0 0
81 3 0 0 0 0 0 0 0 0 0 0 0 0
82 3 0 0 3 0 0 0 0 0 0 0 0 0
85 1 1 1 0 0 0 0 0 0 0 0 0 0
fl=./setjmp/./setjmp/sigjmp.c
fn=__sigjmp_save
28 6 0 0 0 0 0 2 0 0 0 0 0 0
29 1 0 0 0 0 0 1 0 0 0 0 0 0
30 2 0 0 0 0 0 0 0 0 1 0 0 0
34 4 0 0 3 0 0 0 0 0 0 0 0 0
fl=./stdlib/./stdlib/cxa_atexit.c
fn=__cxa_atexit
41 2 1 1 0 0 0 0 0 0 1 0 0 0
43 8 0 0 1 1 0 0 0 0 1 0 0 0
44 2 0 0 0 0 0 1 0 0 0 0 0 0
46 2 0 0 0 0 0 0 0 0 1 0 0 0
52 3 0 0 1 0 0 0 0 0 0 0 0 0
53 1 0 0 0 0 0 1 0 0 0 0 0 0
54 1 0 0 0 0 0 1 0 0 0 0 0 0
55 1 1 1 0 0 0 1 0 0 0 0 0 0
56 1 0 0 0 0 0 1 0 0 0 0 0 0
57 4 0 0 2 0 0 0 0 0 2 0 0 0
58 1 0 0 0 0 0 0 0 0 0 0 0 0
67 7 1 1 0 0 0 5 0 0 0 0 0 0
69 6 0 0 6 0 0 0 0 0 0 0 0 0
fn=__new_exitfn
80 5 1 1 0 0 0 3 0 0 0 0 0 0
81 1 0 0 0 0 0 0 0 0 0 0 0 0
86 2 0 0 1 1 1 0 0 0 1 0 0 0
91 10 0 0 2 1 0 0 0 0 2 1 0 0
93 4 1 1 1 1 0 0 0 0 1 0 0 0
101 1 0 0 0 0 0 1 0 0 0 0 0 0
122 1 0 0 0 0 0 0 0 0 0 0 0 0
123 1 1 1 0 0 0 1 0 0 0 0 0 0
134 1 0 0 0 0 0 0 0 0 0 0 0 0
136 1 1 1 0 0 0 1 0 0 0 0 0 0
137 1 0 0 1 0 0 0 0 0 0 0 0 0
141 5 0 0 4 0 0 0 0 0 0 0 0 0
fl=./stdlib/./stdlib/cxa_finalize.c
fn=__cxa_finalize
30 20 1 1 0 0 0 12 1 0 0 0 0 0
33 14 0 0 2 0 0 0 0 0 4 0 0 0
36 14 2 2 4 0 0 0 0 0 4 0 0 0
40 14 0 0 2 0 0 0 0 0 2 0 0 0
93 14 2 2 4 1 0 0 0 0 4 2 0 0
97 12 0 0 2 1 0 0 0 0 2 2 0 0
105 4 0 0 0 0 0 2 0 0 0 0 0 0
106 8 0 0 4 0 0 0 0 0 4 0 0 0
107 16 0 0 14 0 0 0 0 0 0 0 0 0
fl=./stdlib/./stdlib/cxa_thread_atexit_impl.c
fn=__call_tls_dtors
148 5 1 1 0 0 0 3 0 0 0 0 0 0
149 4 1 1 2 0 0 0 0 0 1 1 0 0
165 4 1 1 4 0 0 0 0 0 0 0 0 0
fl=./stdlib/./stdlib/exit.c
fn=__run_exit_handlers
38 12 1 1 0 0 0 8 0 0 0 0 0 0
40 2 0 0 0 0 0 0 0 0 1 1 0 0
41 2 1 1 0 0 0 1 0 0 0 0 0 0
43 5 1 1 1 1 0 0 0 0 1 0 0 0
54 2 0 0 2 1 0 0 0 0 0 0 0 0
56 2 0 0 0 0 0 0 0 0 1 0 0 0
60 1 0 0 0 0 0 1 1 0 0 0 0 0
64 6 0 0 2 1 0 0 0 0 2 1 0 0
66 2 1 1 0 0 0 1 0 0 0 0 0 0
67 1 0 0 1 0 0 0 0 0 0 0 0 0
69 7 0 0 1 0 0 0 0 0 2 1 0 0
94 2 0 0 0 0 0 0 0 0 0 0 0 0
101 1 0 0 0 0 0 1 0 0 0 0 0 0
102 1 1 1 1 0 0 0 0 0 0 0 0 0
103 1 0 0 1 0 0 0 0 0 0 0 0 0
104 3 0 0 1 0 0 0 0 0 0 0 0 0
107 4 0 0 2 0 0 0 0 0 2 0 0 0
108 3 0 0 0 0 0 1 0 0 0 0 1 1
109 4 1 1 1 0 0 0 0 0 1 1 0 0
113 3 1 1 1 0 0 0 0 0 1 1 0 0
119 3 1 1 2 0 0 1 0 0 0 0 0 0
120 2 0 0 0 0 0 0 0 0 1 1 0 0
126 4 1 1 2 0 0 0 0 0 2 0 0 0
128 2 0 0 1 0 0 0 0 0 1 1 0 0
129 2 0 0 0 0 0 1 0 0 0 0 0 0
131 2 0 0 0 0 0 1 0 0 0 0 0 0
fn=exit
137 3 1 1 0 0 0 1 0 0 0 0 0 0
138 4 0 0 0 0 0 1 0 0 0 0 0 0
fl=./string/../include/rtld-malloc.h
fn=strdup
56 6 0 0 3 0 0 3 0 0 0 0 3 1
fl=./string/../string/strcspn.c
fn=strcspn
32 6 1 1 0 0 0 2 0 0 0 0 0 0
33 3 0 0 1 1 1 0 0 0 1 0 0 0
34 2 0 0 1 0 0 0 0 0 1 0 0 0
39 6 0 0 0 0 0 4 1 1 0 0 0 0
40 4 1 1 0 0 0 4 1 1 0 0 0 0
41 4 0 0 0 0 0 4 1 1 0 0 0 0
42 4 0 0 0 0 0 4 1 1 0 0 0 0
44 1 0 0 0 0 0 0 0 0 0 0 0 0
47 9 1 1 3 0 0 3 0 0 0 0 0 0
48 6 0 0 0 0 0 0 0 0 3 2 0 0
51 4 0 0 2 0 0 0 0 0 1 0 0 0
52 4 0 0 2 0 0 0 0 0 1 0 0 0
53 4 1 1 2 0 0 0 0 0 1 0 0 0
54 4 0 0 2 0 0 0 0 0 1 0 0 0
56 3 0 0 0 0 0 0 0 0 0 0 0 0
61 13 0 0 0 0 0 0 0 0 0 0 0 0
62 26 0 0 26 1 1 0 0 0 0 0 0 0
63 26 1 1 26 0 0 0 0 0 0 0 0 0
64 26 0 0 26 0 0 0 0 0 0 0 0 0
65 13 0 0 13 0 0 0 0 0 0 0 0 0
67 78 0 0 13 0 0 0 0 0 13 10 0 0
69 1 0 0 0 0 0 0 0 0 0 0 0 0
70 4 0 0 0 0 0 0 0 0 1 0 0 0
71 3 0 0 3 0 0 0 0 0 0 0 0 0
fl=./string/../string/strstr.c
fn=__GI_strstr
77 24 2 2 2 0 0 14 0 0 0 0 0 0
82 6 0 0 2 1 1 0 0 0 2 0 0 0
84 10 0 0 0 0 0 2 0 0 0 0 0 0
85 4 0 0 0 0 0 0 0 0 2 2 0 0
86 4 1 1 0 0 0 0 0 0 0 0 0 0
161 24 1 1 18 0 0 0 0 0 2 0 0 0
fl=./string/../sysdeps/x86/cacheinfo.c
fn=__x86_cacheinfo
86 1 1 1 0 0 0 0 0 0 0 0 0 0
fl=./string/../sysdeps/x86/cacheinfo.h
fn=__x86_cacheinfo
59 1 0 0 1 0 0 0 0 0 0 0 0 0
62 3 1 1 1 1 0 0 0 0 1 0 0 0
64 3 0 0 0 0 0 1 0 0 0 0 0 0
65 1 0 0 0 0 0 1 1 1 0 0 0 0
71 3 0 0 1 0 0 0 0 0 1 0 0 0
73 3 1 1 0 0 0 1 0 0 0 0 0 0
74 1 0 0 0 0 0 1 0 0 0 0 0 0
78 2 0 0 1 0 0 1 1 1 0 0 0 0
80 2 0 0 1 0 0 1 0 0 0 0 0 0
81 2 0 0 1 0 0 1 0 0 0 0 0 0
82 2 0 0 1 0 0 1 0 0 0 0 0 0
84 2 1 1 1 1 0 0 0 0 1 1 0 0
86 2 0 0 1 0 0 0 0 0 0 0 0 0
fl=./string/../sysdeps/x86_64/multiarch/../multiarch/memcmp-sse2.S
fn=bcmp
59 1 1 1 0 0 0 0 0 0 0 0 0 0
71 1 0 0 0 0 0 0 0 0 0 0 0 0
72 1 0 0 0 0 0 0 0 0 1 0 0 0
94 1 0 0 0 0 0 0 0 0 0 0 0 0
95 1 0 0 0 0 0 0 0 0 1 1 0 0
140 1 1 1 1 0 0 0 0 0 0 0 0 0
141 1 0 0 1 0 0 0 0 0 0 0 0 0
143 1 0 0 0 0 0 0 0 0 0 0 0 0
144 1 0 0 0 0 0 0 0 0 1 0 0 0
146 1 0 0 1 0 0 0 0 0 0 0 0 0
147 1 0 0 1 0 0 0 0 0 0 0 0 0
149 1 0 0 0 0 0 0 0 0 0 0 0 0
150 1 0 0 0 0 0 0 0 0 1 1 0 0
197 1 0 0 0 0 0 0 0 0 0 0 0 0
198 1 0 0 0 0 0 0 0 0 0 0 0 0
199 1 0 0 0 0 0 0 0 0 0 0 0 0
200 1 0 0 0 0 0 0 0 0 0 0 0 0
201 1 0 0 0 0 0 0 0 0 0 0 0 0
202 1 0 0 1 0 0 0 0 0 0 0 0 0
fl=./string/../sysdeps/x86_64/multiarch/../multiarch/memset-vec-unaligned-erms.S
fn=memset
132 7 1 1 0 0 0 0 0 0 0 0 0 0
133 35 0 0 0 0 0 0 0 0 0 0 0 0
138 7 0 0 0 0 0 0 0 0 0 0 0 0
139 7 0 0 0 0 0 0 0 0 7 5 0 0
142 2 0 0 0 0 0 0 0 0 0 0 0 0
143 2 0 0 0 0 0 0 0 0 2 2 0 0
244 2 1 1 0 0 0 2 1 1 0 0 0 0
245 2 0 0 0 0 0 2 0 0 0 0 0 0
257 2 0 0 0 0 0 0 0 0 0 0 0 0
260 2 0 0 0 0 0 0 0 0 0 0 0 0
261 2 0 0 0 0 0 0 0 0 2 0 0 0
273 2 0 0 0 0 0 2 0 0 0 0 0 0
274 2 0 0 0 0 0 2 2 2 0 0 0 0
287 2 0 0 0 0 0 0 0 0 0 0 0 0
288 2 0 0 0 0 0 0 0 0 0 0 0 0
290 2 0 0 0 0 0 0 0 0 2 1 0 0
293 1 0 0 0 0 0 0 0 0 0 0 0 0
296 2 0 0 0 0 0 0 0 0 0 0 0 0
299 35 0 0 0 0 0 35 34 34 0 0 0 0
300 35 0 0 0 0 0 35 0 0 0 0 0 0
301 35 0 0 0 0 0 35 0 0 0 0 0 0
302 35 0 0 0 0 0 35 0 0 0 0 0 0
303 35 0 0 0 0 0 0 0 0 0 0 0 0
304 35 0 0 0 0 0 0 0 0 0 0 0 0
305 35 0 0 0 0 0 0 0 0 35 10 0 0
308 2 0 0 0 0 0 2 1 1 0 0 0 0
309 2 0 0 0 0 0 2 0 0 0 0 0 0
310 2 0 0 0 0 0 2 0 0 0 0 0 0
311 2 0 0 0 0 0 2 0 0 0 0 0 0
316 2 0 0 2 0 0 0 0 0 0 0 0 0
350 5 1 1 0 0 0 0 0 0 0 0 0 0
352 5 0 0 0 0 0 0 0 0 0 0 0 0
353 5 0 0 0 0 0 0 0 0 5 4 0 0
392 5 1 1 0 0 0 5 1 1 0 0 0 0
393 5 0 0 0 0 0 5 1 1 0 0 0 0
395 5 0 0 5 0 0 0 0 0 0 0 0 0
fl=./string/../sysdeps/x86_64/multiarch/../multiarch/strchr-sse2.S
fn=index
32 15 1 1 0 0 0 0 0 0 0 0 0 0
33 15 0 0 0 0 0 0 0 0 0 0 0 0
34 15 0 0 0 0 0 0 0 0 0 0 0 0
35 15 0 0 0 0 0 0 0 0 0 0 0 0
36 15 1 1 0 0 0 0 0 0 0 0 0 0
37 15 0 0 0 0 0 0 0 0 0 0 0 0
38 15 0 0 0 0 0 0 0 0 0 0 0 0
39 15 0 0 0 0 0 0 0 0 0 0 0 0
40 15 0 0 0 0 0 0 0 0 15 0 0 0
41 15 0 0 15 1 1 0 0 0 0 0 0 0
42 15 0 0 0 0 0 0 0 0 0 0 0 0
43 15 0 0 0 0 0 0 0 0 0 0 0 0
44 15 0 0 0 0 0 0 0 0 0 0 0 0
45 15 0 0 0 0 0 0 0 0 0 0 0 0
46 15 0 0 0 0 0 0 0 0 0 0 0 0
47 15 0 0 0 0 0 0 0 0 0 0 0 0
48 15 0 0 0 0 0 0 0 0 0 0 0 0
49 15 0 0 0 0 0 0 0 0 15 2 0 0
50 13 0 0 0 0 0 0 0 0 0 0 0 0
54 13 0 0 0 0 0 0 0 0 0 0 0 0
55 13 1 1 0 0 0 0 0 0 0 0 0 0
56 13 0 0 13 0 0 0 0 0 0 0 0 0
57 13 0 0 0 0 0 0 0 0 0 0 0 0
59 13 0 0 13 0 0 0 0 0 0 0 0 0
63 2 0 0 2 0 0 0 0 0 0 0 0 0
64 2 0 0 0 0 0 0 0 0 0 0 0 0
65 2 0 0 0 0 0 0 0 0 0 0 0 0
66 2 0 0 0 0 0 0 0 0 0 0 0 0
67 2 0 0 0 0 0 0 0 0 0 0 0 0
68 2 0 0 0 0 0 0 0 0 0 0 0 0
69 2 0 0 2 1 1 0 0 0 0 0 0 0
70 2 0 0 0 0 0 0 0 0 0 0 0 0
71 2 0 0 0 0 0 0 0 0 0 0 0 0
72 2 0 0 0 0 0 0 0 0 0 0 0 0
73 2 0 0 0 0 0 0 0 0 0 0 0 0
74 2 1 1 0 0 0 0 0 0 0 0 0 0
75 2 0 0 0 0 0 0 0 0 0 0 0 0
76 2 0 0 2 0 0 0 0 0 0 0 0 0
77 2 0 0 0 0 0 0 0 0 0 0 0 0
78 2 0 0 0 0 0 0 0 0 0 0 0 0
79 2 0 0 0 0 0 0 0 0 0 0 0 0
80 2 0 0 0 0 0 0 0 0 0 0 0 0
81 2 0 0 0 0 0 0 0 0 0 0 0 0
82 2 0 0 0 0 0 0 0 0 0 0 0 0
83 2 0 0 0 0 0 0 0 0 0 0 0 0
84 2 0 0 0 0 0 0 0 0 0 0 0 0
85 2 0 0 0 0 0 0 0 0 0 0 0 0
86 2 0 0 0 0 0 0 0 0 2 2 0 0
138 2 1 1 0 0 0 0 0 0 0 0 0 0
142 2 0 0 0 0 0 0 0 0 0 0 0 0
143 2 0 0 0 0 0 0 0 0 0 0 0 0
144 2 0 0 2 0 0 0 0 0 0 0 0 0
145 2 0 0 0 0 0 0 0 0 0 0 0 0
147 2 0 0 2 0 0 0 0 0 0 0 0 0
fl=./string/../sysdeps/x86_64/multiarch/../multiarch/strcmp-sse2.S
fn=strcmp
98 201 1 1 0 0 0 0 0 0 0 0 0 0
131 201 0 0 0 0 0 0 0 0 0 0 0 0
132 201 0 0 0 0 0 0 0 0 0 0 0 0
134 201 0 0 0 0 0 0 0 0 0 0 0 0
135 201 0 0 0 0 0 0 0 0 0 0 0 0
156 201 0 0 0 0 0 0 0 0 0 0 0 0
157 201 0 0 0 0 0 0 0 0 187 35 0 0
158 162 0 0 0 0 0 0 0 0 0 0 0 0
159 162 0 0 0 0 0 0 0 0 162 30 0 0
160 136 0 0 136 17 16 0 0 0 0 0 0 0
161 136 1 1 136 7 7 0 0 0 0 0 0 0
162 136 0 0 136 0 0 0 0 0 0 0 0 0
163 136 0 0 136 0 0 0 0 0 0 0 0 0
180 136 0 0 0 0 0 0 0 0 0 0 0 0
181 136 0 0 0 0 0 0 0 0 0 0 0 0
182 136 0 0 0 0 0 0 0 0 0 0 0 0
183 136 0 0 0 0 0 0 0 0 0 0 0 0
184 136 0 0 0 0 0 0 0 0 0 0 0 0
185 136 0 0 0 0 0 0 0 0 0 0 0 0
186 136 0 0 0 0 0 0 0 0 136 38 0 0
191 12 0 0 0 0 0 0 0 0 0 0 0 0
192 36 0 0 0 0 0 0 0 0 0 0 0 0
201 77 1 1 0 0 0 0 0 0 0 0 0 0
202 77 0 0 0 0 0 0 0 0 0 0 0 0
203 77 0 0 0 0 0 0 0 0 0 0 0 0
204 77 0 0 0 0 0 0 0 0 0 0 0 0
205 77 0 0 0 0 0 0 0 0 0 0 0 0
206 77 0 0 0 0 0 0 0 0 0 0 0 0
207 77 0 0 0 0 0 0 0 0 0 0 0 0
208 77 0 0 0 0 0 0 0 0 77 10 0 0
209 74 0 0 0 0 0 0 0 0 74 29 0 0
210 28 0 0 0 0 0 0 0 0 0 0 0 0
211 28 0 0 0 0 0 0 0 0 0 0 0 0
212 28 0 0 0 0 0 0 0 0 0 0 0 0
214 74 0 0 0 0 0 0 0 0 0 0 0 0
215 74 0 0 0 0 0 0 0 0 0 0 0 0
216 74 0 0 0 0 0 0 0 0 0 0 0 0
217 74 0 0 74 2 2 0 0 0 0 0 0 0
218 74 0 0 0 0 0 0 0 0 0 0 0 0
219 74 0 0 0 0 0 0 0 0 0 0 74 55
229 3 1 1 3 0 0 0 0 0 0 0 0 0
230 3 0 0 0 0 0 0 0 0 0 0 0 0
231 3 0 0 0 0 0 0 0 0 0 0 0 0
233 3 0 0 3 0 0 0 0 0 0 0 0 0
239 3 0 0 0 0 0 0 0 0 0 0 0 0
240 3 0 0 0 0 0 0 0 0 0 0 0 0
241 3 0 0 0 0 0 0 0 0 0 0 0 0
242 3 0 0 0 0 0 0 0 0 0 0 0 0
243 3 0 0 0 0 0 0 0 0 0 0 0 0
248 3 0 0 0 0 0 0 0 0 3 3 0 0
300 6 1 1 0 0 0 0 0 0 0 0 0 0
301 6 0 0 6 0 0 0 0 0 0 0 0 0
302 6 0 0 6 1 1 0 0 0 0 0 0 0
303 6 0 0 0 0 0 0 0 0 0 0 0 0
304 6 0 0 0 0 0 0 0 0 0 0 0 0
306 6 0 0 0 0 0 0 0 0 0 0 0 0
307 6 0 0 0 0 0 0 0 0 0 0 0 0
308 6 1 1 0 0 0 0 0 0 0 0 0 0
309 6 0 0 0 0 0 0 0 0 0 0 0 0
310 6 0 0 0 0 0 0 0 0 0 0 0 0
311 6 0 0 0 0 0 0 0 0 0 0 0 0
312 6 0 0 0 0 0 0 0 0 6 0 0 0
313 6 0 0 6 0 0 0 0 0 0 0 0 0
316 6 0 0 0 0 0 0 0 0 0 0 0 0
317 6 0 0 0 0 0 0 0 0 0 0 0 0
318 6 0 0 0 0 0 0 0 0 0 0 0 0
324 6 0 0 0 0 0 0 0 0 0 0 0 0
325 6 0 0 0 0 0 0 0 0 0 0 0 0
326 12 0 0 0 0 0 0 0 0 0 0 0 0
330 6 1 1 0 0 0 0 0 0 0 0 0 0
331 6 0 0 0 0 0 0 0 0 6 0 0 0
334 6 0 0 6 0 0 0 0 0 0 0 0 0
335 6 0 0 6 0 0 0 0 0 0 0 0 0
336 6 0 0 0 0 0 0 0 0 0 0 0 0
338 6 0 0 0 0 0 0 0 0 0 0 0 0
339 6 0 0 0 0 0 0 0 0 0 0 0 0
340 6 0 0 0 0 0 0 0 0 0 0 0 0
344 6 0 0 0 0 0 0 0 0 0 0 0 0
345 6 0 0 0 0 0 0 0 0 0 0 0 0
346 6 0 0 0 0 0 0 0 0 0 0 0 0
347 6 0 0 0 0 0 0 0 0 0 0 0 0
348 6 0 0 0 0 0 0 0 0 0 0 0 0
349 6 1 1 0 0 0 0 0 0 6 1 0 0
661 1 1 1 0 0 0 0 0 0 0 0 0 0
662 1 0 0 1 0 0 0 0 0 0 0 0 0
663 1 0 0 1 0 0 0 0 0 0 0 0 0
664 1 0 0 0 0 0 0 0 0 0 0 0 0
665 1 0 0 0 0 0 0 0 0 0 0 0 0
667 1 0 0 0 0 0 0 0 0 0 0 0 0
668 1 0 0 0 0 0 0 0 0 0 0 0 0
669 1 1 1 0 0 0 0 0 0 0 0 0 0
670 1 0 0 0 0 0 0 0 0 0 0 0 0
671 1 0 0 0 0 0 0 0 0 0 0 0 0
672 1 0 0 0 0 0 0 0 0 0 0 0 0
673 1 0 0 0 0 0 0 0 0 1 1 0 0
780 1 1 1 0 0 0 0 0 0 0 0 0 0
781 1 0 0 1 0 0 0 0 0 0 0 0 0
782 1 0 0 1 0 0 0 0 0 0 0 0 0
783 1 0 0 0 0 0 0 0 0 0 0 0 0
784 1 0 0 0 0 0 0 0 0 0 0 0 0
786 1 0 0 0 0 0 0 0 0 0 0 0 0
787 1 0 0 0 0 0 0 0 0 0 0 0 0
788 1 1 1 0 0 0 0 0 0 0 0 0 0
789 1 0 0 0 0 0 0 0 0 0 0 0 0
790 1 0 0 0 0 0 0 0 0 0 0 0 0
791 1 0 0 0 0 0 0 0 0 0 0 0 0
792 1 0 0 0 0 0 0 0 0 1 0 0 0
899 3 1 1 0 0 0 0 0 0 0 0 0 0
900 3 0 0 3 1 1 0 0 0 0 0 0 0
901 3 0 0 3 2 2 0 0 0 0 0 0 0
902 3 0 0 0 0 0 0 0 0 0 0 0 0
903 3 0 0 0 0 0 0 0 0 0 0 0 0
905 3 0 0 0 0 0 0 0 0 0 0 0 0
906 3 0 0 0 0 0 0 0 0 0 0 0 0
907 3 1 1 0 0 0 0 0 0 0 0 0 0
908 3 0 0 0 0 0 0 0 0 0 0 0 0
909 3 0 0 0 0 0 0 0 0 0 0 0 0
910 3 0 0 0 0 0 0 0 0 0 0 0 0
911 3 0 0 0 0 0 0 0 0 3 0 0 0
912 2 0 0 2 0 0 0 0 0 0 0 0 0
916 2 0 0 0 0 0 0 0 0 0 0 0 0
917 2 0 0 0 0 0 0 0 0 0 0 0 0
918 2 0 0 0 0 0 0 0 0 0 0 0 0
924 2 0 0 0 0 0 0 0 0 0 0 0 0
925 2 0 0 0 0 0 0 0 0 0 0 0 0
926 4 0 0 0 0 0 0 0 0 0 0 0 0
930 2 1 1 0 0 0 0 0 0 0 0 0 0
931 2 0 0 0 0 0 0 0 0 2 0 0 0
934 2 0 0 2 2 2 0 0 0 0 0 0 0
935 2 0 0 2 0 0 0 0 0 0 0 0 0
936 2 0 0 0 0 0 0 0 0 0 0 0 0
938 2 0 0 0 0 0 0 0 0 0 0 0 0
939 2 0 0 0 0 0 0 0 0 0 0 0 0
940 2 0 0 0 0 0 0 0 0 0 0 0 0
944 2 0 0 0 0 0 0 0 0 0 0 0 0
945 2 0 0 0 0 0 0 0 0 0 0 0 0
946 2 0 0 0 0 0 0 0 0 0 0 0 0
947 2 0 0 0 0 0 0 0 0 0 0 0 0
948 2 0 0 0 0 0 0 0 0 0 0 0 0
949 2 1 1 0 0 0 0 0 0 2 1 0 0
956 1 0 0 0 0 0 0 0 0 0 0 0 0
957 1 0 0 0 0 0 0 0 0 0 0 0 0
959 1 0 0 0 0 0 0 0 0 0 0 0 0
960 1 0 0 0 0 0 0 0 0 1 0 0 0
962 1 0 0 1 0 0 0 0 0 0 0 0 0
963 1 0 0 1 0 0 0 0 0 0 0 0 0
964 1 0 0 0 0 0 0 0 0 0 0 0 0
966 1 0 0 0 0 0 0 0 0 0 0 0 0
967 1 0 0 0 0 0 0 0 0 0 0 0 0
968 1 0 0 0 0 0 0 0 0 0 0 0 0
972 1 0 0 0 0 0 0 0 0 0 0 0 0
973 1 0 0 0 0 0 0 0 0 0 0 0 0
974 1 0 0 0 0 0 0 0 0 0 0 0 0
975 1 0 0 0 0 0 0 0 0 0 0 0 0
976 1 1 1 0 0 0 0 0 0 0 0 0 0
977 1 0 0 0 0 0 0 0 0 1 1 0 0
1018 1 1 1 0 0 0 0 0 0 0 0 0 0
1019 1 0 0 1 0 0 0 0 0 0 0 0 0
1020 1 0 0 1 1 1 0 0 0 0 0 0 0
1021 1 0 0 0 0 0 0 0 0 0 0 0 0
1022 1 0 0 0 0 0 0 0 0 0 0 0 0
1024 1 0 0 0 0 0 0 0 0 0 0 0 0
1025 1 0 0 0 0 0 0 0 0 0 0 0 0
1026 1 1 1 0 0 0 0 0 0 0 0 0 0
1027 1 0 0 0 0 0 0 0 0 0 0 0 0
1028 1 0 0 0 0 0 0 0 0 0 0 0 0
1029 1 0 0 0 0 0 0 0 0 0 0 0 0
1030 1 0 0 0 0 0 0 0 0 1 0 0 0
1031 1 0 0 1 0 0 0 0 0 0 0 0 0
1035 1 0 0 0 0 0 0 0 0 0 0 0 0
1036 1 0 0 0 0 0 0 0 0 0 0 0 0
1037 1 0 0 0 0 0 0 0 0 0 0 0 0
1043 1 0 0 0 0 0 0 0 0 0 0 0 0
1044 1 0 0 0 0 0 0 0 0 0 0 0 0
1045 2 0 0 0 0 0 0 0 0 0 0 0 0
1049 1 1 1 0 0 0 0 0 0 0 0 0 0
1050 1 0 0 0 0 0 0 0 0 1 0 0 0
1053 1 0 0 1 1 1 0 0 0 0 0 0 0
1054 1 0 0 1 0 0 0 0 0 0 0 0 0
1055 1 0 0 0 0 0 0 0 0 0 0 0 0
1057 1 0 0 0 0 0 0 0 0 0 0 0 0
1058 1 0 0 0 0 0 0 0 0 0 0 0 0
1059 1 0 0 0 0 0 0 0 0 0 0 0 0
1063 1 0 0 0 0 0 0 0 0 0 0 0 0
1064 1 0 0 0 0 0 0 0 0 0 0 0 0
1065 1 0 0 0 0 0 0 0 0 0 0 0 0
1066 1 0 0 0 0 0 0 0 0 0 0 0 0
1067 1 0 0 0 0 0 0 0 0 0 0 0 0
1068 1 1 1 0 0 0 0 0 0 1 1 0 0
1137 3 1 1 0 0 0 0 0 0 0 0 0 0
1138 3 0 0 3 0 0 0 0 0 0 0 0 0
1139 3 0 0 3 0 0 0 0 0 0 0 0 0
1140 3 0 0 0 0 0 0 0 0 0 0 0 0
1141 3 0 0 0 0 0 0 0 0 0 0 0 0
1143 3 0 0 0 0 0 0 0 0 0 0 0 0
1144 3 0 0 0 0 0 0 0 0 0 0 0 0
1145 3 1 1 0 0 0 0 0 0 0 0 0 0
1146 3 0 0 0 0 0 0 0 0 0 0 0 0
1147 3 0 0 0 0 0 0 0 0 0 0 0 0
1148 3 0 0 0 0 0 0 0 0 0 0 0 0
1149 3 0 0 0 0 0 0 0 0 3 2 0 0
1256 4 1 1 0 0 0 0 0 0 0 0 0 0
1257 4 0 0 4 0 0 0 0 0 0 0 0 0
1258 4 0 0 4 0 0 0 0 0 0 0 0 0
1259 4 0 0 0 0 0 0 0 0 0 0 0 0
1260 4 0 0 0 0 0 0 0 0 0 0 0 0
1262 4 0 0 0 0 0 0 0 0 0 0 0 0
1263 4 0 0 0 0 0 0 0 0 0 0 0 0
1264 4 1 1 0 0 0 0 0 0 0 0 0 0
1265 4 0 0 0 0 0 0 0 0 0 0 0 0
1266 4 0 0 0 0 0 0 0 0 0 0 0 0
1267 4 0 0 0 0 0 0 0 0 0 0 0 0
1268 4 0 0 0 0 0 0 0 0 4 4 0 0
1375 19 1 1 0 0 0 0 0 0 0 0 0 0
1376 19 0 0 19 1 1 0 0 0 0 0 0 0
1377 19 0 0 19 0 0 0 0 0 0 0 0 0
1378 19 0 0 0 0 0 0 0 0 0 0 0 0
1379 19 0 0 0 0 0 0 0 0 0 0 0 0
1381 19 0 0 0 0 0 0 0 0 0 0 0 0
1382 19 0 0 0 0 0 0 0 0 0 0 0 0
1383 19 1 1 0 0 0 0 0 0 0 0 0 0
1384 19 0 0 0 0 0 0 0 0 0 0 0 0
1385 19 0 0 0 0 0 0 0 0 0 0 0 0
1386 19 0 0 0 0 0 0 0 0 0 0 0 0
1387 19 0 0 0 0 0 0 0 0 19 4 0 0
1388 15 0 0 15 0 0 0 0 0 0 0 0 0
1392 15 0 0 0 0 0 0 0 0 0 0 0 0
1393 15 0 0 0 0 0 0 0 0 0 0 0 0
1394 15 0 0 0 0 0 0 0 0 0 0 0 0
1400 15 0 0 0 0 0 0 0 0 0 0 0 0
1401 15 0 0 0 0 0 0 0 0 0 0 0 0
1402 30 0 0 0 0 0 0 0 0 0 0 0 0
1406 15 1 1 0 0 0 0 0 0 0 0 0 0
1407 15 0 0 0 0 0 0 0 0 15 0 0 0
1410 15 0 0 15 1 1 0 0 0 0 0 0 0
1411 15 0 0 15 0 0 0 0 0 0 0 0 0
1412 15 0 0 0 0 0 0 0 0 0 0 0 0
1414 15 0 0 0 0 0 0 0 0 0 0 0 0
1415 15 0 0 0 0 0 0 0 0 0 0 0 0
1416 15 0 0 0 0 0 0 0 0 0 0 0 0
1420 15 0 0 0 0 0 0 0 0 0 0 0 0
1421 15 0 0 0 0 0 0 0 0 0 0 0 0
1422 15 0 0 0 0 0 0 0 0 0 0 0 0
1423 15 0 0 0 0 0 0 0 0 0 0 0 0
1424 15 0 0 0 0 0 0 0 0 0 0 0 0
1425 15 1 1 0 0 0 0 0 0 15 4 0 0
1494 13 1 1 0 0 0 0 0 0 0 0 0 0
1495 13 0 0 13 3 3 0 0 0 0 0 0 0
1496 13 0 0 13 3 3 0 0 0 0 0 0 0
1497 13 0 0 0 0 0 0 0 0 0 0 0 0
1498 13 0 0 0 0 0 0 0 0 0 0 0 0
1500 13 0 0 0 0 0 0 0 0 0 0 0 0
1501 13 0 0 0 0 0 0 0 0 0 0 0 0
1502 13 1 1 0 0 0 0 0 0 0 0 0 0
1503 13 0 0 0 0 0 0 0 0 0 0 0 0
1504 13 0 0 0 0 0 0 0 0 0 0 0 0
1505 13 0 0 0 0 0 0 0 0 0 0 0 0
1506 13 0 0 0 0 0 0 0 0 13 4 0 0
1507 8 0 0 8 0 0 0 0 0 0 0 0 0
1511 8 0 0 0 0 0 0 0 0 0 0 0 0
1512 8 0 0 0 0 0 0 0 0 0 0 0 0
1513 8 0 0 0 0 0 0 0 0 0 0 0 0
1519 8 0 0 0 0 0 0 0 0 0 0 0 0
1520 8 0 0 0 0 0 0 0 0 0 0 0 0
1521 16 0 0 0 0 0 0 0 0 0 0 0 0
1525 8 1 1 0 0 0 0 0 0 0 0 0 0
1526 8 0 0 0 0 0 0 0 0 8 0 0 0
1529 8 0 0 8 3 3 0 0 0 0 0 0 0
1530 8 0 0 8 1 1 0 0 0 0 0 0 0
1531 8 0 0 0 0 0 0 0 0 0 0 0 0
1533 8 0 0 0 0 0 0 0 0 0 0 0 0
1534 8 0 0 0 0 0 0 0 0 0 0 0 0
1535 8 0 0 0 0 0 0 0 0 0 0 0 0
1539 8 0 0 0 0 0 0 0 0 0 0 0 0
1540 8 0 0 0 0 0 0 0 0 0 0 0 0
1541 8 0 0 0 0 0 0 0 0 0 0 0 0
1542 8 0 0 0 0 0 0 0 0 0 0 0 0
1543 8 0 0 0 0 0 0 0 0 0 0 0 0
1544 8 1 1 0 0 0 0 0 0 8 3 0 0
1613 3 1 1 0 0 0 0 0 0 0 0 0 0
1614 3 0 0 3 0 0 0 0 0 0 0 0 0
1615 3 0 0 3 1 1 0 0 0 0 0 0 0
1616 3 0 0 0 0 0 0 0 0 0 0 0 0
1617 3 0 0 0 0 0 0 0 0 0 0 0 0
1619 3 0 0 0 0 0 0 0 0 0 0 0 0
1620 3 0 0 0 0 0 0 0 0 0 0 0 0
1621 3 1 1 0 0 0 0 0 0 0 0 0 0
1622 3 0 0 0 0 0 0 0 0 0 0 0 0
1623 3 0 0 0 0 0 0 0 0 0 0 0 0
1624 3 0 0 0 0 0 0 0 0 0 0 0 0
1625 3 0 0 0 0 0 0 0 0 3 1 0 0
1626 2 0 0 2 0 0 0 0 0 0 0 0 0
1630 2 0 0 0 0 0 0 0 0 0 0 0 0
1631 2 0 0 0 0 0 0 0 0 0 0 0 0
1632 2 0 0 0 0 0 0 0 0 0 0 0 0
1638 2 0 0 0 0 0 0 0 0 0 0 0 0
1639 2 0 0 0 0 0 0 0 0 0 0 0 0
1640 4 0 0 0 0 0 0 0 0 0 0 0 0
1644 2 1 1 0 0 0 0 0 0 0 0 0 0
1645 2 0 0 0 0 0 0 0 0 2 0 0 0
1648 2 0 0 2 0 0 0 0 0 0 0 0 0
1649 2 0 0 2 0 0 0 0 0 0 0 0 0
1650 2 0 0 0 0 0 0 0 0 0 0 0 0
1652 2 0 0 0 0 0 0 0 0 0 0 0 0
1653 2 0 0 0 0 0 0 0 0 0 0 0 0
1654 2 0 0 0 0 0 0 0 0 0 0 0 0
1658 2 0 0 0 0 0 0 0 0 0 0 0 0
1659 2 0 0 0 0 0 0 0 0 0 0 0 0
1660 2 0 0 0 0 0 0 0 0 0 0 0 0
1661 2 0 0 0 0 0 0 0 0 0 0 0 0
1662 2 0 0 0 0 0 0 0 0 0 0 0 0
1663 2 1 1 0 0 0 0 0 0 2 0 0 0
1670 1 0 0 0 0 0 0 0 0 0 0 0 0
1671 1 0 0 0 0 0 0 0 0 0 0 0 0
1673 1 0 0 0 0 0 0 0 0 0 0 0 0
1674 1 0 0 0 0 0 0 0 0 1 0 0 0
1676 1 0 0 1 0 0 0 0 0 0 0 0 0
1677 1 0 0 1 1 1 0 0 0 0 0 0 0
1678 1 0 0 0 0 0 0 0 0 0 0 0 0
1680 1 0 0 0 0 0 0 0 0 0 0 0 0
1681 1 0 0 0 0 0 0 0 0 0 0 0 0
1682 1 0 0 0 0 0 0 0 0 0 0 0 0
1686 1 0 0 0 0 0 0 0 0 0 0 0 0
1687 1 0 0 0 0 0 0 0 0 0 0 0 0
1688 1 0 0 0 0 0 0 0 0 0 0 0 0
1689 1 0 0 0 0 0 0 0 0 0 0 0 0
1690 1 1 1 0 0 0 0 0 0 0 0 0 0
1691 1 0 0 0 0 0 0 0 0 1 1 0 0
1732 6 1 1 0 0 0 0 0 0 0 0 0 0
1733 6 0 0 6 0 0 0 0 0 0 0 0 0
1734 6 0 0 6 2 2 0 0 0 0 0 0 0
1735 6 0 0 0 0 0 0 0 0 0 0 0 0
1736 6 0 0 0 0 0 0 0 0 0 0 0 0
1738 6 0 0 0 0 0 0 0 0 0 0 0 0
1739 6 0 0 0 0 0 0 0 0 0 0 0 0
1740 6 1 1 0 0 0 0 0 0 0 0 0 0
1741 6 0 0 0 0 0 0 0 0 0 0 0 0
1742 6 0 0 0 0 0 0 0 0 0 0 0 0
1743 6 0 0 0 0 0 0 0 0 0 0 0 0
1744 6 0 0 0 0 0 0 0 0 6 1 0 0
1745 5 0 0 5 0 0 0 0 0 0 0 0 0
1749 5 0 0 0 0 0 0 0 0 0 0 0 0
1750 5 0 0 0 0 0 0 0 0 0 0 0 0
1751 5 0 0 0 0 0 0 0 0 0 0 0 0
1757 5 0 0 0 0 0 0 0 0 0 0 0 0
1758 5 0 0 0 0 0 0 0 0 0 0 0 0
1759 10 0 0 0 0 0 0 0 0 0 0 0 0
1763 5 1 1 0 0 0 0 0 0 0 0 0 0
1764 5 0 0 0 0 0 0 0 0 5 0 0 0
1767 5 0 0 5 0 0 0 0 0 0 0 0 0
1768 5 0 0 5 1 1 0 0 0 0 0 0 0
1769 5 0 0 0 0 0 0 0 0 0 0 0 0
1771 5 0 0 0 0 0 0 0 0 0 0 0 0
1772 5 0 0 0 0 0 0 0 0 0 0 0 0
1773 5 0 0 0 0 0 0 0 0 0 0 0 0
1777 5 0 0 0 0 0 0 0 0 0 0 0 0
1778 5 0 0 0 0 0 0 0 0 0 0 0 0
1779 5 0 0 0 0 0 0 0 0 0 0 0 0
1780 5 0 0 0 0 0 0 0 0 0 0 0 0
1781 5 0 0 0 0 0 0 0 0 0 0 0 0
1782 5 1 1 0 0 0 0 0 0 5 2 0 0
1789 1 0 0 0 0 0 0 0 0 0 0 0 0
1790 1 0 0 0 0 0 0 0 0 0 0 0 0
1792 1 0 0 0 0 0 0 0 0 0 0 0 0
1793 1 0 0 0 0 0 0 0 0 1 0 0 0
1795 1 0 0 1 0 0 0 0 0 0 0 0 0
1796 1 0 0 1 0 0 0 0 0 0 0 0 0
1797 1 0 0 0 0 0 0 0 0 0 0 0 0
1799 1 0 0 0 0 0 0 0 0 0 0 0 0
1800 1 0 0 0 0 0 0 0 0 0 0 0 0
1801 1 0 0 0 0 0 0 0 0 0 0 0 0
1805 1 0 0 0 0 0 0 0 0 0 0 0 0
1806 1 0 0 0 0 0 0 0 0 0 0 0 0
1807 1 0 0 0 0 0 0 0 0 0 0 0 0
1808 1 0 0 0 0 0 0 0 0 0 0 0 0
1809 1 1 1 0 0 0 0 0 0 0 0 0 0
1810 1 0 0 0 0 0 0 0 0 1 1 0 0
1851 13 1 1 0 0 0 0 0 0 0 0 0 0
1852 13 0 0 13 0 0 0 0 0 0 0 0 0
1853 13 0 0 13 0 0 0 0 0 0 0 0 0
1854 13 0 0 0 0 0 0 0 0 0 0 0 0
1855 13 0 0 0 0 0 0 0 0 0 0 0 0
1857 13 0 0 0 0 0 0 0 0 0 0 0 0
1858 13 0 0 0 0 0 0 0 0 0 0 0 0
1859 13 1 1 0 0 0 0 0 0 0 0 0 0
1860 13 0 0 0 0 0 0 0 0 0 0 0 0
1861 13 0 0 0 0 0 0 0 0 0 0 0 0
1862 13 0 0 0 0 0 0 0 0 0 0 0 0
1863 13 0 0 0 0 0 0 0 0 13 11 0 0
1864 4 0 0 4 0 0 0 0 0 0 0 0 0
1868 4 0 0 0 0 0 0 0 0 0 0 0 0
1869 4 0 0 0 0 0 0 0 0 0 0 0 0
1870 4 0 0 0 0 0 0 0 0 0 0 0 0
1876 4 0 0 0 0 0 0 0 0 0 0 0 0
1877 4 0 0 0 0 0 0 0 0 0 0 0 0
1878 8 0 0 0 0 0 0 0 0 0 0 0 0
1882 4 1 1 0 0 0 0 0 0 0 0 0 0
1883 4 0 0 0 0 0 0 0 0 4 0 0 0
1886 4 0 0 4 0 0 0 0 0 0 0 0 0
1887 4 0 0 4 0 0 0 0 0 0 0 0 0
1888 4 0 0 0 0 0 0 0 0 0 0 0 0
1890 4 0 0 0 0 0 0 0 0 0 0 0 0
1891 4 0 0 0 0 0 0 0 0 0 0 0 0
1892 4 0 0 0 0 0 0 0 0 0 0 0 0
1896 4 0 0 0 0 0 0 0 0 0 0 0 0
1897 4 0 0 0 0 0 0 0 0 0 0 0 0
1898 4 0 0 0 0 0 0 0 0 0 0 0 0
1899 4 0 0 0 0 0 0 0 0 0 0 0 0
1900 4 0 0 0 0 0 0 0 0 0 0 0 0
1901 4 1 1 0 0 0 0 0 0 4 2 0 0
1970 1 1 1 0 0 0 0 0 0 0 0 0 0
1971 1 0 0 1 0 0 0 0 0 0 0 0 0
1972 1 0 0 1 0 0 0 0 0 0 0 0 0
1973 1 0 0 0 0 0 0 0 0 0 0 0 0
1974 1 0 0 0 0 0 0 0 0 0 0 0 0
1976 1 0 0 0 0 0 0 0 0 0 0 0 0
1977 1 0 0 0 0 0 0 0 0 0 0 0 0
1978 1 1 1 0 0 0 0 0 0 0 0 0 0
1979 1 0 0 0 0 0 0 0 0 0 0 0 0
1980 1 0 0 0 0 0 0 0 0 0 0 0 0
1981 1 0 0 0 0 0 0 0 0 0 0 0 0
1982 1 0 0 0 0 0 0 0 0 1 1 0 0
2093 43 0 0 0 0 0 0 0 0 0 0 0 0
2095 77 1 1 0 0 0 0 0 0 0 0 0 0
2096 77 0 0 0 0 0 0 0 0 0 0 0 0
2097 77 0 0 0 0 0 0 0 0 0 0 0 0
2098 77 0 0 0 0 0 0 0 0 77 18 0 0
2099 56 0 0 0 0 0 0 0 0 0 0 0 0
2104 201 1 1 0 0 0 0 0 0 0 0 0 0
2110 201 0 0 201 0 0 0 0 0 0 0 0 0
2111 201 0 0 201 0 0 0 0 0 0 0 0 0
2119 201 0 0 0 0 0 0 0 0 0 0 0 0
2120 201 0 0 201 0 0 0 0 0 0 0 0 0
fn=strncmp
98 1 1 1 0 0 0 0 0 0 0 0 0 0
125 1 0 0 0 0 0 0 0 0 0 0 0 0
126 1 0 0 0 0 0 0 0 0 1 0 0 0
127 1 0 0 0 0 0 0 0 0 0 0 0 0
128 1 0 0 0 0 0 0 0 0 1 0 0 0
129 1 0 0 0 0 0 0 0 0 0 0 0 0
131 1 0 0 0 0 0 0 0 0 0 0 0 0
132 1 0 0 0 0 0 0 0 0 0 0 0 0
134 1 1 1 0 0 0 0 0 0 0 0 0 0
135 1 0 0 0 0 0 0 0 0 0 0 0 0
156 1 0 0 0 0 0 0 0 0 0 0 0 0
157 1 0 0 0 0 0 0 0 0 0 0 0 0
158 1 0 0 0 0 0 0 0 0 0 0 0 0
159 1 0 0 0 0 0 0 0 0 1 0 0 0
160 1 0 0 1 0 0 0 0 0 0 0 0 0
161 1 0 0 1 1 1 0 0 0 0 0 0 0
162 1 0 0 1 0 0 0 0 0 0 0 0 0
163 1 0 0 1 0 0 0 0 0 0 0 0 0
180 1 0 0 0 0 0 0 0 0 0 0 0 0
181 1 0 0 0 0 0 0 0 0 0 0 0 0
182 1 0 0 0 0 0 0 0 0 0 0 0 0
183 1 0 0 0 0 0 0 0 0 0 0 0 0
184 1 0 0 0 0 0 0 0 0 0 0 0 0
185 1 0 0 0 0 0 0 0 0 0 0 0 0
186 1 1 1 0 0 0 0 0 0 1 1 0 0
2104 1 1 1 0 0 0 0 0 0 0 0 0 0
2107 1 0 0 0 0 0 0 0 0 0 0 0 0
2108 1 0 0 0 0 0 0 0 0 1 0 0 0
2110 1 0 0 1 0 0 0 0 0 0 0 0 0
2111 1 0 0 1 0 0 0 0 0 0 0 0 0
2119 1 0 0 0 0 0 0 0 0 0 0 0 0
2120 1 0 0 1 0 0 0 0 0 0 0 0 0
fl=./string/../sysdeps/x86_64/multiarch/../multiarch/strlen-sse2.S
fn=strlen
57 15 1 1 0 0 0 0 0 0 0 0 0 0
101 15 0 0 0 0 0 0 0 0 0 0 0 0
102 15 0 0 0 0 0 0 0 0 0 0 0 0
103 15 0 0 0 0 0 0 0 0 0 0 0 0
104 15 0 0 0 0 0 0 0 0 0 0 0 0
105 15 0 0 0 0 0 0 0 0 0 0 0 0
106 15 0 0 0 0 0 0 0 0 0 0 0 0
107 15 0 0 0 0 0 0 0 0 0 0 0 0
109 15 0 0 0 0 0 0 0 0 0 0 0 0
111 15 0 0 0 0 0 0 0 0 15 0 0 0
142 15 0 0 15 2 2 0 0 0 0 0 0 0
143 15 0 0 0 0 0 0 0 0 0 0 0 0
144 15 0 0 0 0 0 0 0 0 0 0 0 0
145 15 0 0 0 0 0 0 0 0 0 0 0 0
146 15 0 0 0 0 0 0 0 0 15 5 0 0
147 9 0 0 0 0 0 0 0 0 0 0 0 0
149 9 0 0 9 0 0 0 0 0 0 0 0 0
153 6 1 1 0 0 0 0 0 0 0 0 0 0
154 6 0 0 6 0 0 0 0 0 0 0 0 0
155 6 0 0 6 0 0 0 0 0 0 0 0 0
156 6 0 0 6 0 0 0 0 0 0 0 0 0
157 6 0 0 0 0 0 0 0 0 0 0 0 0
158 6 0 0 0 0 0 0 0 0 0 0 0 0
159 6 0 0 0 0 0 0 0 0 0 0 0 0
160 6 0 0 0 0 0 0 0 0 0 0 0 0
161 6 0 0 0 0 0 0 0 0 0 0 0 0
162 6 0 0 0 0 0 0 0 0 0 0 0 0
163 6 0 0 0 0 0 0 0 0 0 0 0 0
164 6 0 0 0 0 0 0 0 0 0 0 0 0
169 48 1 1 6 0 0 0 0 0 6 0 0 0
fl=./string/../sysdeps/x86_64/multiarch/ifunc-avx2.h
fn=memrchr
38 4 1 1 0 0 0 0 0 0 1 1 0 0
40 3 0 0 2 0 0 0 0 0 0 0 0 0
41 2 0 0 1 0 0 0 0 0 1 0 0 0
42 3 0 0 1 0 0 0 0 0 1 0 0 0
45 2 0 0 0 0 0 0 0 0 0 0 0 0
46 2 0 0 0 0 0 0 0 0 1 1 0 0
49 3 0 0 0 0 0 0 0 0 1 0 0 0
52 6 0 0 0 0 0 0 0 0 0 0 0 0
fn=rindex
38 4 0 0 0 0 0 0 0 0 1 1 0 0
40 3 1 1 2 0 0 0 0 0 0 0 0 0
41 2 0 0 1 0 0 0 0 0 1 0 0 0
42 3 0 0 1 0 0 0 0 0 1 0 0 0
45 2 0 0 0 0 0 0 0 0 0 0 0 0
46 2 0 0 0 0 0 0 0 0 1 1 0 0
49 3 0 0 0 0 0 0 0 0 1 0 0 0
52 6 1 1 0 0 0 0 0 0 0 0 0 0
fn=strchrnul
38 4 0 0 0 0 0 0 0 0 1 1 0 0
40 3 1 1 2 0 0 0 0 0 0 0 0 0
41 2 0 0 1 0 0 0 0 0 1 0 0 0
42 3 0 0 1 0 0 0 0 0 1 0 0 0
45 2 0 0 0 0 0 0 0 0 0 0 0 0
46 2 0 0 0 0 0 0 0 0 1 1 0 0
49 3 0 0 0 0 0 0 0 0 1 0 0 0
52 6 1 1 0 0 0 0 0 0 0 0 0 0
fn=strlen
38 8 1 1 0 0 0 0 0 0 2 2 0 0
40 6 0 0 4 0 0 0 0 0 0 0 0 0
41 4 0 0 2 0 0 0 0 0 2 0 0 0
42 6 0 0 2 0 0 0 0 0 2 0 0 0
45 4 0 0 0 0 0 0 0 0 0 0 0 0
46 4 0 0 0 0 0 0 0 0 2 1 0 0
49 6 0 0 0 0 0 0 0 0 2 0 0 0
52 12 1 1 0 0 0 0 0 0 0 0 0 0
fn=strnlen
38 8 0 0 0 0 0 0 0 0 2 2 0 0
40 6 1 1 4 0 0 0 0 0 0 0 0 0
41 4 0 0 2 0 0 0 0 0 2 0 0 0
42 6 0 0 2 0 0 0 0 0 2 0 0 0
45 4 0 0 0 0 0 0 0 0 0 0 0 0
46 4 0 0 0 0 0 0 0 0 2 2 0 0
49 6 0 0 0 0 0 0 0 0 2 0 0 0
52 12 1 1 0 0 0 0 0 0 0 0 0 0
fl=./string/../sysdeps/x86_64/multiarch/ifunc-evex.h
fn=memchr
37 4 0 0 0 0 0 0 0 0 1 1 0 0
38 3 0 0 2 0 0 0 0 0 0 0 0 0
39 3 1 1 1 0 0 0 0 0 1 0 0 0
42 2 0 0 0 0 0 0 0 0 0 0 0 0
43 2 0 0 0 0 0 0 0 0 1 1 0 0
45 2 0 0 0 0 0 0 0 0 0 0 0 0
51 3 0 0 0 0 0 0 0 0 1 0 0 0
54 4 0 0 0 0 0 0 0 0 0 0 0 0
fl=./string/../sysdeps/x86_64/multiarch/ifunc-memcmp.h
fn=bcmp
34 5 0 0 2 0 0 0 0 0 1 0 0 0
35 2 0 0 1 0 0 0 0 0 1 0 0 0
36 2 0 0 0 0 0 0 0 0 1 0 0 0
37 3 1 1 1 0 0 0 0 0 1 0 0 0
40 2 0 0 0 0 0 0 0 0 0 0 0 0
41 2 0 0 0 0 0 0 0 0 1 1 0 0
44 3 0 0 0 0 0 0 0 0 1 0 0 0
47 4 0 0 0 0 0 0 0 0 0 0 0 0
fl=./string/../sysdeps/x86_64/multiarch/ifunc-memmove.h
fn=memcpy@@GLIBC_2.14
56 2 0 0 0 0 0 0 0 0 1 0 0 0
57 3 0 0 2 0 0 0 0 0 0 0 0 0
60 3 0 0 1 0 0 0 0 0 0 0 0 0
61 2 1 1 0 0 0 0 0 0 1 1 0 0
74 2 0 0 0 0 0 0 0 0 1 0 0 0
77 2 0 0 0 0 0 0 0 0 1 0 0 0
85 2 0 0 0 0 0 0 0 0 1 1 0 0
93 2 1 1 0 0 0 0 0 0 1 1 0 0
96 5 2 2 1 0 0 0 0 0 0 0 0 0
fn=memmove
56 2 0 0 0 0 0 0 0 0 1 0 0 0
57 3 0 0 2 0 0 0 0 0 0 0 0 0
60 3 1 1 1 0 0 0 0 0 0 0 0 0
61 2 1 1 0 0 0 0 0 0 1 1 0 0
74 2 0 0 0 0 0 0 0 0 1 0 0 0
77 2 0 0 0 0 0 0 0 0 1 0 0 0
85 2 0 0 0 0 0 0 0 0 1 1 0 0
93 2 0 0 0 0 0 0 0 0 1 1 0 0
96 5 1 1 1 0 0 0 0 0 0 0 0 0
fn=mempcpy
56 2 0 0 0 0 0 0 0 0 1 0 0 0
57 3 0 0 2 0 0 0 0 0 0 0 0 0
60 3 0 0 1 0 0 0 0 0 0 0 0 0
61 2 1 1 0 0 0 0 0 0 1 1 0 0
74 2 0 0 0 0 0 0 0 0 1 0 0 0
77 2 0 0 0 0 0 0 0 0 1 0 0 0
85 2 0 0 0 0 0 0 0 0 1 1 0 0
93 2 1 1 0 0 0 0 0 0 1 1 0 0
96 5 1 1 1 0 0 0 0 0 0 0 0 0
fl=./string/../sysdeps/x86_64/multiarch/ifunc-memset.h
fn=memset
54 5 1 1 2 0 0 0 0 0 1 0 0 0
57 3 0 0 1 0 0 0 0 0 0 0 0 0
58 2 1 1 0 0 0 0 0 0 1 1 0 0
64 2 0 0 0 0 0 0 0 0 0 0 0 0
73 2 0 0 0 0 0 0 0 0 1 0 0 0
75 2 0 0 0 0 0 0 0 0 1 0 0 0
85 2 0 0 0 0 0 0 0 0 1 0 0 0
93 2 0 0 0 0 0 0 0 0 1 0 0 0
96 5 0 0 1 0 0 0 0 0 0 0 0 0
fl=./string/../sysdeps/x86_64/multiarch/ifunc-sse4_2.h
fn=strcspn
36 5 1 1 2 0 0 0 0 0 0 0 0 0
fn=strpbrk
36 5 0 0 2 1 0 0 0 0 0 0 0 0
fn=strspn
36 5 0 0 2 0 0 0 0 0 0 0 0 0
fl=./string/../sysdeps/x86_64/multiarch/ifunc-strcasecmp.h
fn=strcasecmp
36 4 0 0 0 0 0 0 0 0 1 1 0 0
37 2 1 1 2 0 0 0 0 0 0 0 0 0
38 3 1 1 1 0 0 0 0 0 1 0 0 0
41 2 0 0 0 0 0 0 0 0 0 0 0 0
42 2 0 0 0 0 0 0 0 0 1 1 0 0
45 3 0 0 0 0 0 0 0 0 1 0 0 0
48 5 0 0 0 0 0 0 0 0 1 0 0 0
fn=strcasecmp_l
36 4 0 0 0 0 0 0 0 0 1 1 0 0
37 2 0 0 2 0 0 0 0 0 0 0 0 0
38 3 1 1 1 0 0 0 0 0 1 0 0 0
41 2 0 0 0 0 0 0 0 0 0 0 0 0
42 2 0 0 0 0 0 0 0 0 1 1 0 0
45 3 0 0 0 0 0 0 0 0 1 0 0 0
48 5 1 1 0 0 0 0 0 0 1 0 0 0
fn=strncasecmp
36 4 0 0 0 0 0 0 0 0 1 1 0 0
37 2 1 1 2 0 0 0 0 0 0 0 0 0
38 3 1 1 1 0 0 0 0 0 1 0 0 0
41 2 0 0 0 0 0 0 0 0 0 0 0 0
42 2 0 0 0 0 0 0 0 0 1 1 0 0
45 3 0 0 0 0 0 0 0 0 1 0 0 0
48 5 0 0 0 0 0 0 0 0 1 0 0 0
fn=strncasecmp_l
36 4 0 0 0 0 0 0 0 0 1 1 0 0
37 2 0 0 2 0 0 0 0 0 0 0 0 0
38 3 1 1 1 0 0 0 0 0 1 0 0 0
41 2 0 0 0 0 0 0 0 0 0 0 0 0
42 2 0 0 0 0 0 0 0 0 1 0 0 0
45 3 0 0 0 0 0 0 0 0 1 0 0 0
48 5 1 1 0 0 0 0 0 0 1 0 0 0
fl=./string/../sysdeps/x86_64/multiarch/ifunc-strcpy.h
fn=stpcpy
38 4 0 0 2 0 0 0 0 0 0 0 0 0
39 3 1 1 1 0 0 0 0 0 1 0 0 0
42 2 0 0 0 0 0 0 0 0 0 0 0 0
43 2 0 0 0 0 0 0 0 0 1 1 0 0
46 3 0 0 0 0 0 0 0 0 1 0 0 0
49 3 0 0 0 0 0 0 0 0 1 1 0 0
fn=strcat
38 4 0 0 2 0 0 0 0 0 0 0 0 0
39 3 0 0 1 0 0 0 0 0 1 0 0 0
42 2 0 0 0 0 0 0 0 0 0 0 0 0
43 2 0 0 0 0 0 0 0 0 1 1 0 0
46 3 0 0 0 0 0 0 0 0 1 0 0 0
49 3 0 0 0 0 0 0 0 0 1 1 0 0
fn=strcpy
38 4 0 0 2 0 0 0 0 0 0 0 0 0
39 3 0 0 1 0 0 0 0 0 1 0 0 0
42 2 0 0 0 0 0 0 0 0 0 0 0 0
43 2 0 0 0 0 0 0 0 0 1 1 0 0
46 3 0 0 0 0 0 0 0 0 1 0 0 0
49 3 0 0 0 0 0 0 0 0 1 1 0 0
fl=./string/../sysdeps/x86_64/multiarch/ifunc-strncpy.h
fn=stpncpy
35 5 0 0 2 0 0 0 0 0 1 0 0 0
36 3 0 0 1 0 0 0 0 0 1 0 0 0
39 2 0 0 0 0 0 0 0 0 0 0 0 0
40 2 0 0 0 0 0 0 0 0 1 1 0 0
43 3 0 0 0 0 0 0 0 0 1 0 0 0
46 4 0 0 0 0 0 0 0 0 0 0 0 0
fn=strncpy
35 5 1 1 2 0 0 0 0 0 1 0 0 0
36 3 0 0 1 0 0 0 0 0 1 0 0 0
39 2 0 0 0 0 0 0 0 0 0 0 0 0
40 2 0 0 0 0 0 0 0 0 1 1 0 0
43 3 0 0 0 0 0 0 0 0 1 0 0 0
46 4 0 0 0 0 0 0 0 0 0 0 0 0
fl=./string/../sysdeps/x86_64/multiarch/memchr.c
fn=memchr
29 2 1 1 1 0 0 0 0 0 0 0 0 0
fl=./string/../sysdeps/x86_64/multiarch/memcmp.c
fn=bcmp
29 4 1 1 1 0 0 0 0 0 0 0 0 0
fl=./string/../sysdeps/x86_64/multiarch/memcmpeq.c
fn=memcpy@@GLIBC_2.14
29 1 1 1 0 0 0 0 0 0 0 0 0 0
fl=./string/../sysdeps/x86_64/multiarch/memmove-vec-unaligned-erms.S
fn=__memcpy_avx_unaligned_erms
255 1 1 1 0 0 0 0 0 0 0 0 0 0
256 1 0 0 0 0 0 0 0 0 0 0 0 0
262 1 0 0 0 0 0 0 0 0 0 0 0 0
263 1 0 0 0 0 0 0 0 0 1 0 0 0
265 1 0 0 1 0 0 0 0 0 0 0 0 0
266 1 0 0 0 0 0 0 0 0 0 0 0 0
267 1 0 0 0 0 0 0 0 0 1 1 0 0
386 1 1 1 1 0 0 0 0 0 0 0 0 0
387 1 0 0 0 0 0 0 0 0 1 0 0 0
392 1 0 0 0 0 0 0 0 0 0 0 0 0
393 1 0 0 0 0 0 0 0 0 1 1 0 0
417 1 1 1 0 0 0 0 0 0 0 0 0 0
418 1 0 0 0 0 0 0 0 0 0 0 0 0
422 1 0 0 0 0 0 0 0 0 0 0 0 0
424 1 1 1 0 0 0 0 0 0 1 0 0 0
428 1 0 0 1 1 0 0 0 0 0 0 0 0
429 1 0 0 0 0 0 0 0 0 1 0 0 0
440 1 0 0 0 0 0 0 0 0 0 0 0 0
443 1 0 0 0 0 0 0 0 0 0 0 0 0
445 1 0 0 0 0 0 0 0 0 0 0 0 0
447 1 0 0 0 0 0 0 0 0 0 0 0 0
451 1 0 0 0 0 0 0 0 0 0 0 0 0
452 1 0 0 0 0 0 0 0 0 1 0 0 0
461 1 0 0 1 1 1 0 0 0 0 0 0 0
462 1 0 0 1 0 0 0 0 0 0 0 0 0
464 1 0 0 0 0 0 0 0 0 0 0 0 0
466 1 0 0 0 0 0 0 0 0 0 0 0 0
467 1 1 1 1 1 1 0 0 0 0 0 0 0
468 1 0 0 1 0 0 0 0 0 0 0 0 0
471 1 0 0 0 0 0 0 0 0 0 0 0 0
473 1 0 0 0 0 0 0 0 0 0 0 0 0
475 1 0 0 0 0 0 0 0 0 0 0 0 0
477 2 0 0 0 0 0 0 0 0 0 0 0 0
483 29 0 0 29 29 29 0 0 0 0 0 0 0
484 29 0 0 29 0 0 0 0 0 0 0 0 0
485 29 0 0 29 28 28 0 0 0 0 0 0 0
486 29 0 0 29 0 0 0 0 0 0 0 0 0
487 29 0 0 0 0 0 0 0 0 0 0 0 0
488 29 0 0 0 0 0 29 0 0 0 0 0 0
489 29 0 0 0 0 0 29 0 0 0 0 0 0
490 29 1 1 0 0 0 29 0 0 0 0 0 0
491 29 0 0 0 0 0 29 0 0 0 0 0 0
492 29 0 0 0 0 0 0 0 0 0 0 0 0
493 29 0 0 0 0 0 0 0 0 0 0 0 0
494 29 0 0 0 0 0 0 0 0 29 10 0 0
496 1 0 0 0 0 0 1 0 0 0 0 0 0
497 1 0 0 0 0 0 1 0 0 0 0 0 0
498 1 0 0 0 0 0 1 0 0 0 0 0 0
499 1 0 0 0 0 0 1 0 0 0 0 0 0
501 1 0 0 0 0 0 1 0 0 0 0 0 0
505 2 0 0 1 0 0 0 0 0 0 0 0 0
fn=memcpy
210 17 2 1 0 0 0 0 0 0 0 0 0 0
211 17 0 0 0 0 0 0 0 0 0 0 0 0
217 30 0 0 0 0 0 0 0 0 0 0 0 0
218 30 0 0 0 0 0 0 0 0 30 15 0 0
220 15 0 0 15 1 0 0 0 0 0 0 0 0
221 15 0 0 0 0 0 0 0 0 0 0 0 0
222 15 0 0 0 0 0 0 0 0 15 4 0 0
224 11 0 0 11 0 0 0 0 0 0 0 0 0
225 11 0 0 0 0 0 11 2 2 0 0 0 0
226 11 0 0 0 0 0 11 0 0 0 0 0 0
228 11 0 0 11 0 0 0 0 0 0 0 0 0
308 15 2 1 0 0 0 0 0 0 0 0 0 0
309 15 0 0 0 0 0 0 0 0 15 12 0 0
311 2 0 0 0 0 0 0 0 0 0 0 0 0
315 2 0 0 0 0 0 0 0 0 2 0 0 0
316 2 0 0 0 0 0 0 0 0 0 0 0 0
317 2 0 0 0 0 0 0 0 0 2 1 0 0
318 1 0 0 1 1 1 0 0 0 0 0 0 0
319 1 0 0 0 0 0 0 0 0 1 1 0 0
323 1 0 0 0 0 0 1 1 1 0 0 0 0
325 2 0 0 2 0 0 0 0 0 0 0 0 0
364 13 1 1 13 0 0 0 0 0 0 0 0 0
365 13 0 0 13 0 0 0 0 0 0 0 0 0
366 13 0 0 0 0 0 13 4 4 0 0 0 0
367 13 0 0 0 0 0 13 0 0 0 0 0 0
368 13 0 0 13 0 0 0 0 0 0 0 0 0
375 4 0 0 4 0 0 0 0 0 0 0 0 0
376 4 0 0 4 0 0 0 0 0 0 0 0 0
377 4 0 0 0 0 0 4 1 1 0 0 0 0
378 4 0 0 0 0 0 4 1 1 0 0 0 0
379 4 0 0 0 0 0 4 3 3 0 0 0 0
380 4 0 0 0 0 0 4 0 0 0 0 0 0
381 4 0 0 4 0 0 0 0 0 0 0 0 0
392 4 0 0 0 0 0 0 0 0 0 0 0 0
393 4 0 0 0 0 0 0 0 0 4 0 0 0
395 4 0 0 4 0 0 0 0 0 0 0 0 0
396 4 1 1 0 0 0 0 0 0 0 0 0 0
397 4 0 0 0 0 0 0 0 0 4 4 0 0
fn=mempcpy
197 13 0 0 0 0 0 0 0 0 0 0 0 0
198 13 0 0 0 0 0 0 0 0 0 0 0 0
199 13 0 0 0 0 0 0 0 0 0 0 0 0
200 13 0 0 0 0 0 0 0 0 0 0 0 0
fl=./string/../sysdeps/x86_64/multiarch/memmove.c
fn=memmove
29 1 1 1 0 0 0 0 0 0 0 0 0 0
fl=./string/../sysdeps/x86_64/multiarch/mempcpy.c
fn=mempcpy
33 1 1 1 0 0 0 0 0 0 0 0 0 0
fl=./string/../sysdeps/x86_64/multiarch/memrchr.c
fn=memrchr
29 3 1 1 1 0 0 0 0 0 0 0 0 0
fl=./string/../sysdeps/x86_64/multiarch/memset-vec-unaligned-erms.S
fn=__memset_avx2_unaligned_erms
158 2 1 1 0 0 0 0 0 0 0 0 0 0
159 4 0 0 0 0 0 0 0 0 0 0 0 0
164 2 0 0 0 0 0 0 0 0 0 0 0 0
165 2 0 0 0 0 0 0 0 0 2 0 0 0
166 2 0 0 0 0 0 0 0 0 0 0 0 0
167 2 0 0 0 0 0 0 0 0 0 0 0 0
168 2 0 0 0 0 0 0 0 0 2 2 0 0
237 2 1 1 2 1 0 0 0 0 0 0 0 0
238 2 0 0 0 0 0 0 0 0 2 2 0 0
325 2 1 1 0 0 0 0 0 0 0 0 0 0
326 2 0 0 0 0 0 0 0 0 0 0 0 0
327 2 0 0 0 0 0 0 0 0 0 0 0 0
328 64514 0 0 0 0 0 64512 1006 1006 64514 10 0 0
329 2 0 0 0 0 0 0 0 0 0 0 0 0
330 4 0 0 2 0 0 0 0 0 0 0 0 0
fl=./string/../sysdeps/x86_64/multiarch/memset.c
fn=memset
29 1 1 1 0 0 0 0 0 0 0 0 0 0
fl=./string/../sysdeps/x86_64/multiarch/stpcpy.c
fn=stpcpy
33 3 1 1 1 0 0 0 0 0 0 0 0 0
fl=./string/../sysdeps/x86_64/multiarch/stpncpy.c
fn=stpncpy
31 3 2 2 1 0 0 0 0 0 0 0 0 0
fl=./string/../sysdeps/x86_64/multiarch/strcasecmp.c
fn=strcasecmp
31 3 0 0 1 0 0 0 0 0 0 0 0 0
fl=./string/../sysdeps/x86_64/multiarch/strcasecmp_l.c
fn=strcasecmp_l
31 3 1 1 1 0 0 0 0 0 0 0 0 0
fl=./string/../sysdeps/x86_64/multiarch/strcat.c
fn=strcat
29 3 1 1 1 0 0 0 0 0 0 0 0 0
fl=./string/../sysdeps/x86_64/multiarch/strchr-avx2.S
fn=__strchr_avx2
53 2 1 1 0 0 0 0 0 0 0 0 0 0
55 2 0 0 0 0 0 0 0 0 0 0 0 0
56 2 0 0 0 0 0 0 0 0 0 0 0 0
57 2 0 0 0 0 0 0 0 0 0 0 0 0
58 2 0 0 0 0 0 0 0 0 0 0 0 0
59 2 0 0 0 0 0 0 0 0 0 0 0 0
62 2 0 0 0 0 0 0 0 0 0 0 0 0
63 2 1 1 0 0 0 0 0 0 2 0 0 0
67 2 0 0 2 1 1 0 0 0 0 0 0 0
68 2 0 0 0 0 0 0 0 0 0 0 0 0
69 2 0 0 0 0 0 0 0 0 0 0 0 0
70 2 0 0 0 0 0 0 0 0 0 0 0 0
71 2 0 0 0 0 0 0 0 0 0 0 0 0
72 2 0 0 0 0 0 0 0 0 0 0 0 0
73 2 0 0 0 0 0 0 0 0 2 0 0 0
74 2 0 0 0 0 0 0 0 0 0 0 0 0
77 2 0 0 2 0 0 0 0 0 0 0 0 0
85 2 0 0 0 0 0 0 0 0 2 2 0 0
93 2 0 0 0 0 0 0 0 0 0 0 0 0
94 4 0 0 2 0 0 0 0 0 0 0 0 0
fl=./string/../sysdeps/x86_64/multiarch/strchr.c
fn=index
42 4 0 0 0 0 0 0 0 0 0 0 0 0
43 2 1 1 2 0 0 0 0 0 0 0 0 0
44 3 0 0 1 0 0 0 0 0 1 0 0 0
47 2 0 0 0 0 0 0 0 0 0 0 0 0
48 2 0 0 0 0 0 0 0 0 1 0 0 0
51 3 0 0 0 0 0 0 0 0 1 0 0 0
54 3 0 0 0 0 0 0 0 0 1 0 0 0
65 3 2 2 1 0 0 0 0 0 0 0 0 0
fl=./string/../sysdeps/x86_64/multiarch/strchrnul.c
fn=strchrnul
31 3 0 0 1 0 0 0 0 0 0 0 0 0
fl=./string/../sysdeps/x86_64/multiarch/strcmp-avx2.S
fn=__strcmp_avx2
206 1008852 1 1 0 0 0 0 0 0 0 0 0 0
249 1008852 0 0 0 0 0 0 0 0 0 0 0 0
274 1008852 0 0 0 0 0 0 0 0 0 0 0 0
275 1008852 0 0 0 0 0 0 0 0 0 0 0 0
276 1008852 0 0 0 0 0 0 0 0 0 0 0 0
278 1008852 0 0 0 0 0 0 0 0 0 0 0 0
279 1008852 0 0 0 0 0 0 0 0 0 0 0 0
283 1008409 0 0 1008409 0 0 0 0 0 0 0 0 0
287 1008409 0 0 1008409 937 0 0 0 0 0 0 0 0
289 1008409 0 0 0 0 0 0 0 0 0 0 0 0
291 1008409 0 0 0 0 0 0 0 0 0 0 0 0
294 1008409 0 0 0 0 0 0 0 0 0 0 0 0
303 1008409 1 1 0 0 0 0 0 0 0 0 0 0
304 1008409 0 0 0 0 0 0 0 0 1008409 0 0 0
308 1008409 0 0 0 0 0 0 0 0 0 0 0 0
318 1008409 0 0 1008409 0 0 0 0 0 0 0 0 0
319 1008409 0 0 1008409 0 0 0 0 0 0 0 0 0
322 1008409 0 0 0 0 0 0 0 0 0 0 0 0
326 2016818 0 0 1008409 0 0 0 0 0 0 0 0 0
524 3 1 1 0 0 0 0 0 0 0 0 0 0
525 3 1 1 0 0 0 0 0 0 0 0 0 0
526 6 0 0 0 0 0 0 0 0 0 0 0 0
538 3 0 0 0 0 0 0 0 0 0 0 0 0
539 3 0 0 0 0 0 0 0 0 0 0 0 0
542 3 0 0 0 0 0 0 0 0 0 0 0 0
543 3 0 0 0 0 0 0 0 0 3 0 0 0
547 3 0 0 3 0 0 0 0 0 0 0 0 0
548 3 0 0 3 0 0 0 0 0 0 0 0 0
549 3 0 0 3 3 0 0 0 0 0 0 0 0
550 3 0 0 3 0 0 0 0 0 0 0 0 0
553 3 0 0 3 0 0 0 0 0 0 0 0 0
554 3 0 0 3 0 0 0 0 0 0 0 0 0
555 3 1 1 3 0 0 0 0 0 0 0 0 0
556 3 0 0 3 1 0 0 0 0 0 0 0 0
560 3 0 0 0 0 0 0 0 0 0 0 0 0
563 3 0 0 0 0 0 0 0 0 0 0 0 0
564 3 0 0 0 0 0 0 0 0 0 0 0 0
565 3 0 0 0 0 0 0 0 0 0 0 0 0
567 3 0 0 0 0 0 0 0 0 0 0 0 0
568 3 0 0 0 0 0 0 0 0 0 0 0 0
571 3 0 0 0 0 0 0 0 0 0 0 0 0
574 3 0 0 0 0 0 0 0 0 0 0 0 0
575 3 0 0 0 0 0 0 0 0 0 0 0 0
576 3 0 0 0 0 0 0 0 0 0 0 0 0
577 3 0 0 0 0 0 0 0 0 3 0 0 0
580 3 0 0 0 0 0 0 0 0 0 0 0 0
581 3 0 0 0 0 0 0 0 0 0 0 0 0
582 3 0 0 0 0 0 0 0 0 0 0 0 0
583 3 0 0 0 0 0 0 0 0 3 3 0 0
652 3 1 1 0 0 0 0 0 0 0 0 0 0
668 3 0 0 3 0 0 0 0 0 0 0 0 0
669 3 0 0 3 0 0 0 0 0 0 0 0 0
672 3 0 0 0 0 0 0 0 0 0 0 0 0
673 3 1 1 0 0 0 0 0 0 0 0 0 0
674 3 0 0 0 0 0 0 0 0 0 0 0 0
677 6 0 0 3 0 0 0 0 0 0 0 0 0
953 1008852 1 1 0 0 0 0 0 0 0 0 0 0
954 1008852 0 0 0 0 0 0 0 0 1008852 1966 0 0
957 1908 0 0 0 0 0 0 0 0 0 0 0 0
958 1908 0 0 0 0 0 0 0 0 0 0 0 0
959 1908 0 0 0 0 0 0 0 0 0 0 0 0
960 1908 0 0 0 0 0 0 0 0 0 0 0 0
962 1908 0 0 0 0 0 0 0 0 0 0 0 0
965 1908 0 0 0 0 0 0 0 0 0 0 0 0
966 1908 0 0 0 0 0 0 0 0 1908 323 0 0
970 1127 0 0 0 0 0 0 0 0 0 0 0 0
971 1127 0 0 0 0 0 0 0 0 1127 48 0 0
980 249 1 1 0 0 0 0 0 0 0 0 0 0
984 249 0 0 0 0 0 0 0 0 0 0 0 0
985 442 0 0 0 0 0 0 0 0 249 41 0 0
993 327 0 0 327 34 0 0 0 0 0 0 0 0
994 327 0 0 327 12 0 0 0 0 0 0 0 0
995 327 0 0 0 0 0 0 0 0 0 0 0 0
996 327 0 0 0 0 0 0 0 0 0 0 0 0
997 327 0 0 0 0 0 0 0 0 0 0 0 0
998 327 0 0 0 0 0 0 0 0 0 0 0 0
1000 327 0 0 0 0 0 0 0 0 327 6 0 0
1035 435 1 1 0 0 0 0 0 0 0 0 0 0
1036 435 0 0 0 0 0 0 0 0 0 0 0 0
1047 435 0 0 435 0 0 0 0 0 0 0 0 0
1048 435 0 0 435 0 0 0 0 0 0 0 0 0
1051 435 0 0 0 0 0 0 0 0 0 0 0 0
1052 435 0 0 0 0 0 0 0 0 0 0 0 0
1053 435 0 0 0 0 0 0 0 0 0 0 0 0
1056 870 0 0 435 0 0 0 0 0 0 0 0 0
1076 781 0 0 0 0 0 0 0 0 0 0 0 0
1077 781 0 0 0 0 0 0 0 0 781 187 0 0
1080 194 0 0 0 0 0 0 0 0 0 0 0 0
1081 194 0 0 0 0 0 0 0 0 0 0 0 0
1082 194 0 0 0 0 0 0 0 0 0 0 0 0
1083 194 0 0 0 0 0 0 0 0 0 0 0 0
1089 194 0 0 0 0 0 0 0 0 0 0 0 0
1091 194 0 0 0 0 0 0 0 0 0 0 0 0
1094 194 0 0 0 0 0 0 0 0 0 0 0 0
1095 194 0 0 0 0 0 0 0 0 194 56 0 0
1100 116 1 1 0 0 0 0 0 0 0 0 0 0
1101 116 0 0 0 0 0 0 0 0 116 35 0 0
1103 31 0 0 31 0 0 0 0 0 0 0 0 0
1104 31 0 0 31 3 0 0 0 0 0 0 0 0
1105 31 0 0 0 0 0 0 0 0 0 0 0 0
1106 31 0 0 0 0 0 0 0 0 0 0 0 0
1107 31 0 0 0 0 0 0 0 0 0 0 0 0
1108 31 0 0 0 0 0 0 0 0 0 0 0 0
1109 31 0 0 0 0 0 0 0 0 31 4 0 0
1154 85 1 1 0 0 0 0 0 0 0 0 0 0
1155 85 0 0 0 0 0 0 0 0 85 10 0 0
1157 67 0 0 67 1 0 0 0 0 0 0 0 0
1158 67 0 0 67 0 0 0 0 0 0 0 0 0
1159 67 1 1 0 0 0 0 0 0 0 0 0 0
1160 67 0 0 0 0 0 0 0 0 0 0 0 0
1161 67 0 0 0 0 0 0 0 0 0 0 0 0
1162 67 0 0 0 0 0 0 0 0 0 0 0 0
1163 67 0 0 0 0 0 0 0 0 0 0 0 0
1164 67 0 0 0 0 0 0 0 0 67 3 0 0
1171 1 0 0 0 0 0 0 0 0 0 0 0 0
1173 1 0 0 0 0 0 0 0 0 0 0 0 0
1177 1 0 0 1 0 0 0 0 0 0 0 0 0
1178 1 0 0 1 0 0 0 0 0 0 0 0 0
1179 1 0 0 0 0 0 0 0 0 0 0 0 0
1180 1 0 0 0 0 0 0 0 0 0 0 0 0
1181 1 0 0 0 0 0 0 0 0 0 0 0 0
1182 1 0 0 0 0 0 0 0 0 0 0 0 0
1183 1 0 0 0 0 0 0 0 0 0 0 0 0
1184 1 0 0 0 0 0 0 0 0 1 0 0 0
1195 1 1 1 0 0 0 0 0 0 0 0 0 0
1196 1 0 0 0 0 0 0 0 0 0 0 0 0
1198 1 0 0 0 0 0 0 0 0 0 0 0 0
1230 18 0 0 0 0 0 0 0 0 0 0 0 0
1231 18 0 0 0 0 0 0 0 0 18 8 0 0
1233 11 0 0 11 0 0 0 0 0 0 0 0 0
1234 11 0 0 11 0 0 0 0 0 0 0 0 0
1235 11 0 0 0 0 0 0 0 0 0 0 0 0
1236 11 0 0 0 0 0 0 0 0 0 0 0 0
1237 11 0 0 0 0 0 0 0 0 0 0 0 0
1238 11 0 0 0 0 0 0 0 0 0 0 0 0
1239 11 0 0 0 0 0 0 0 0 0 0 0 0
1240 11 0 0 0 0 0 0 0 0 11 5 0 0
1246 2 0 0 0 0 0 0 0 0 0 0 0 0
1248 2 0 0 0 0 0 0 0 0 0 0 0 0
1252 2 1 1 2 0 0 0 0 0 0 0 0 0
1253 2 0 0 2 0 0 0 0 0 0 0 0 0
1254 2 0 0 0 0 0 0 0 0 0 0 0 0
1255 2 0 0 0 0 0 0 0 0 0 0 0 0
1256 2 0 0 0 0 0 0 0 0 0 0 0 0
1257 2 0 0 0 0 0 0 0 0 0 0 0 0
1258 2 0 0 0 0 0 0 0 0 0 0 0 0
1259 2 0 0 0 0 0 0 0 0 2 2 0 0
1284 7 0 0 0 0 0 0 0 0 0 0 0 0
1287 9 0 0 9 0 0 0 0 0 0 0 0 0
1288 9 0 0 9 0 0 0 0 0 0 0 0 0
1291 9 0 0 0 0 0 0 0 0 0 0 0 0
1292 9 0 0 0 0 0 0 0 0 9 4 0 0
1293 5 0 0 0 0 0 0 0 0 0 0 0 0
1294 5 0 0 0 0 0 0 0 0 5 1 0 0
1299 4 0 0 0 0 0 0 0 0 0 0 0 0
1301 4 0 0 0 0 0 0 0 0 0 0 0 0
1302 4 0 0 0 0 0 0 0 0 4 2 0 0
1303 2 0 0 0 0 0 0 0 0 0 0 0 0
1304 2 0 0 0 0 0 0 0 0 0 0 0 0
1308 2 0 0 0 0 0 0 0 0 0 0 0 0
1311 1 0 0 0 0 0 0 0 0 0 0 0 0
1312 1 0 0 1 0 0 0 0 0 0 0 0 0
1314 4 1 1 0 0 0 0 0 0 0 0 0 0
1315 4 0 0 0 0 0 0 0 0 0 0 0 0
1316 4 0 0 4 0 0 0 0 0 0 0 0 0
fl=./string/../sysdeps/x86_64/multiarch/strcmp.c
fn=strcmp
47 8 0 0 0 0 0 0 0 0 0 0 0 0
48 4 0 0 4 0 0 0 0 0 0 0 0 0
49 6 1 1 2 0 0 0 0 0 2 0 0 0
52 4 0 0 0 0 0 0 0 0 0 0 0 0
53 4 1 1 0 0 0 0 0 0 2 2 0 0
56 6 0 0 0 0 0 0 0 0 2 0 0 0
59 6 0 0 0 0 0 0 0 0 2 0 0 0
79 6 1 1 2 0 0 0 0 0 0 0 0 0
fl=./string/../sysdeps/x86_64/multiarch/strcpy.c
fn=strcpy
29 3 1 1 1 0 0 0 0 0 0 0 0 0
fl=./string/../sysdeps/x86_64/multiarch/strcspn.c
fn=strcspn
29 2 1 1 1 0 0 0 0 0 0 0 0 0
fl=./string/../sysdeps/x86_64/multiarch/strlen-avx2.S
fn=__strlen_avx2
52 1011514 1 1 0 0 0 0 0 0 0 0 0 0
65 1011514 0 0 0 0 0 0 0 0 0 0 0 0
66 1011514 0 0 0 0 0 0 0 0 0 0 0 0
67 1011514 0 0 0 0 0 0 0 0 0 0 0 0
70 1011514 0 0 0 0 0 0 0 0 0 0 0 0
72 1011514 0 0 0 0 0 0 0 0 0 0 0 0
73 1011514 0 0 0 0 0 0 0 0 1011514 39 0 0
76 1011434 0 0 1011434 455 0 0 0 0 0 0 0 0
77 1011434 0 0 0 0 0 0 0 0 0 0 0 0
85 1011434 0 0 0 0 0 0 0 0 0 0 0 0
86 1011434 0 0 0 0 0 0 0 0 1011434 2 0 0
87 1011434 0 0 0 0 0 0 0 0 0 0 0 0
92 2022868 0 0 1011434 0 0 0 0 0 0 0 0 0
118 12 1 1 0 0 0 0 0 0 0 0 0 0
131 12 0 0 0 0 0 0 0 0 0 0 0 0
132 12 0 0 0 0 0 0 0 0 0 0 0 0
133 12 0 0 0 0 0 0 0 0 0 0 0 0
139 24 0 0 12 0 0 0 0 0 0 0 0 0
236 12 1 1 12 6 0 0 0 0 0 0 0 0
242 12 0 0 0 0 0 0 0 0 0 0 0 0
243 12 0 0 0 0 0 0 0 0 0 0 0 0
244 12 0 0 0 0 0 0 0 0 12 5 0 0
511 80 1 1 0 0 0 0 0 0 0 0 0 0
512 80 0 0 80 0 0 0 0 0 0 0 0 0
513 80 0 0 0 0 0 0 0 0 0 0 0 0
516 80 0 0 0 0 0 0 0 0 0 0 0 0
531 80 0 0 0 0 0 0 0 0 0 0 0 0
532 80 0 0 0 0 0 0 0 0 80 12 0 0
533 68 0 0 0 0 0 0 0 0 0 0 0 0
540 136 0 0 68 0 0 0 0 0 0 0 0 0
fl=./string/../sysdeps/x86_64/multiarch/strlen.c
fn=strlen
29 6 1 1 2 0 0 0 0 0 0 0 0 0
fl=./string/../sysdeps/x86_64/multiarch/strncase.c
fn=strncasecmp
31 3 0 0 1 0 0 0 0 0 0 0 0 0
fl=./string/../sysdeps/x86_64/multiarch/strncase_l.c
fn=strncasecmp_l
31 3 1 1 1 0 0 0 0 0 0 0 0 0
fl=./string/../sysdeps/x86_64/multiarch/strncmp.c
fn=strncmp
43 4 0 0 0 0 0 0 0 0 1 1 0 0
44 2 0 0 2 0 0 0 0 0 0 0 0 0
45 3 1 1 1 0 0 0 0 0 1 0 0 0
48 2 0 0 0 0 0 0 0 0 0 0 0 0
49 2 0 0 0 0 0 0 0 0 1 1 0 0
52 3 0 0 0 0 0 0 0 0 1 0 0 0
55 5 1 1 0 0 0 0 0 0 1 0 0 0
67 3 1 1 1 0 0 0 0 0 0 0 0 0
fl=./string/../sysdeps/x86_64/multiarch/strncpy.c
fn=strncpy
29 3 1 1 1 0 0 0 0 0 0 0 0 0
fl=./string/../sysdeps/x86_64/multiarch/strnlen.c
fn=strnlen
31 6 1 1 2 0 0 0 0 0 0 0 0 0
fl=./string/../sysdeps/x86_64/multiarch/strpbrk.c
fn=strpbrk
29 2 1 1 1 0 0 0 0 0 0 0 0 0
fl=./string/../sysdeps/x86_64/multiarch/strrchr-avx2.S
fn=__strrchr_avx2
53 1 1 1 0 0 0 0 0 0 0 0 0 0
54 1 0 0 0 0 0 0 0 0 0 0 0 0
55 1 0 0 0 0 0 0 0 0 0 0 0 0
57 1 0 0 0 0 0 0 0 0 0 0 0 0
58 1 1 1 0 0 0 0 0 0 0 0 0 0
62 1 0 0 0 0 0 0 0 0 0 0 0 0
63 1 0 0 0 0 0 0 0 0 0 0 0 0
64 1 0 0 0 0 0 0 0 0 1 0 0 0
67 1 0 0 1 1 0 0 0 0 0 0 0 0
69 1 0 0 0 0 0 0 0 0 0 0 0 0
70 1 0 0 0 0 0 0 0 0 0 0 0 0
71 1 0 0 0 0 0 0 0 0 0 0 0 0
72 1 0 0 0 0 0 0 0 0 1 0 0 0
75 1 0 0 0 0 0 0 0 0 0 0 0 0
76 1 0 0 0 0 0 0 0 0 0 0 0 0
78 1 0 0 0 0 0 0 0 0 0 0 0 0
79 1 0 0 0 0 0 0 0 0 0 0 0 0
80 1 0 0 0 0 0 0 0 0 1 0 0 0
81 1 0 0 0 0 0 0 0 0 0 0 0 0
82 1 0 0 0 0 0 0 0 0 0 0 0 0
91 2 0 0 1 0 0 0 0 0 0 0 0 0
fl=./string/../sysdeps/x86_64/multiarch/strrchr.c
fn=rindex
28 3 0 0 1 0 0 0 0 0 0 0 0 0
fl=./string/../sysdeps/x86_64/multiarch/strspn.c
fn=strspn
29 2 1 1 1 0 0 0 0 0 0 0 0 0
fl=./string/./string/strdup.c
fn=strdup
40 18 1 1 0 0 0 9 0 0 0 0 0 0
41 6 0 0 0 0 0 3 0 0 0 0 0 0
44 6 1 1 0 0 0 0 0 0 3 0 0 0
47 12 0 0 0 0 0 0 0 0 0 0 0 0
48 9 0 0 9 0 0 0 0 0 0 0 0 0
fl=./wcsmbs/../sysdeps/x86_64/multiarch/ifunc-avx2.h
fn=wcschr
38 8 1 1 0 0 0 0 0 0 2 2 0 0
40 6 0 0 4 0 0 0 0 0 0 0 0 0
41 4 0 0 2 0 0 0 0 0 2 0 0 0
42 6 0 0 2 0 0 0 0 0 2 0 0 0
45 4 0 0 0 0 0 0 0 0 0 0 0 0
46 4 0 0 0 0 0 0 0 0 2 2 0 0
49 6 0 0 0 0 0 0 0 0 2 0 0 0
52 12 1 1 0 0 0 0 0 0 0 0 0 0
fn=wcscmp
38 4 0 0 0 0 0 0 0 0 1 1 0 0
40 3 0 0 2 0 0 0 0 0 0 0 0 0
41 2 1 1 1 0 0 0 0 0 1 0 0 0
42 3 0 0 1 0 0 0 0 0 1 0 0 0
45 2 0 0 0 0 0 0 0 0 0 0 0 0
46 2 0 0 0 0 0 0 0 0 1 1 0 0
49 3 0 0 0 0 0 0 0 0 1 0 0 0
52 6 1 1 0 0 0 0 0 0 0 0 0 0
fl=./wcsmbs/../sysdeps/x86_64/multiarch/ifunc-evex.h
fn=wmemchr
37 8 0 0 0 0 0 0 0 0 2 2 0 0
38 6 1 1 4 0 0 0 0 0 0 0 0 0
39 6 0 0 2 0 0 0 0 0 2 0 0 0
42 4 0 0 0 0 0 0 0 0 0 0 0 0
43 4 1 1 0 0 0 0 0 0 2 2 0 0
45 4 0 0 0 0 0 0 0 0 0 0 0 0
51 6 0 0 0 0 0 0 0 0 2 0 0 0
54 8 0 0 0 0 0 0 0 0 0 0 0 0
fl=./wcsmbs/../sysdeps/x86_64/multiarch/ifunc-memcmp.h
fn=wmemcmp
34 5 1 1 2 0 0 0 0 0 1 0 0 0
35 2 0 0 1 0 0 0 0 0 1 0 0 0
36 2 0 0 0 0 0 0 0 0 1 0 0 0
37 3 0 0 1 0 0 0 0 0 1 0 0 0
40 2 0 0 0 0 0 0 0 0 0 0 0 0
41 2 0 0 0 0 0 0 0 0 1 1 0 0
44 3 0 0 0 0 0 0 0 0 1 0 0 0
47 4 0 0 0 0 0 0 0 0 0 0 0 0
fl=./wcsmbs/../sysdeps/x86_64/multiarch/ifunc-wcs.h
fn=wcpncpy
39 4 1 1 0 0 0 0 0 0 1 1 0 0
40 3 0 0 2 0 0 0 0 0 0 0 0 0
41 3 0 0 1 0 0 0 0 0 1 0 0 0
44 2 0 0 0 0 0 0 0 0 0 0 0 0
45 3 0 0 0 0 0 0 0 0 1 1 0 0
48 4 0 0 0 0 0 0 0 0 0 0 0 0
fn=wcscat
39 4 0 0 0 0 0 0 0 0 1 1 0 0
40 3 0 0 2 0 0 0 0 0 0 0 0 0
41 3 0 0 1 0 0 0 0 0 1 0 0 0
44 2 0 0 0 0 0 0 0 0 0 0 0 0
45 3 0 0 0 0 0 0 0 0 1 1 0 0
48 4 0 0 0 0 0 0 0 0 0 0 0 0
fn=wcsncpy
39 4 0 0 0 0 0 0 0 0 1 1 0 0
40 3 0 0 2 0 0 0 0 0 0 0 0 0
41 3 0 0 1 0 0 0 0 0 1 0 0 0
44 2 0 0 0 0 0 0 0 0 0 0 0 0
45 3 0 0 0 0 0 0 0 0 1 1 0 0
48 4 0 0 0 0 0 0 0 0 0 0 0 0
fl=./wcsmbs/../sysdeps/x86_64/multiarch/ifunc-wcslen.h
fn=wcslen
40 4 0 0 0 0 0 0 0 0 1 1 0 0
41 2 0 0 2 0 0 0 0 0 0 0 0 0
42 3 1 1 1 0 0 0 0 0 1 0 0 0
45 2 0 0 0 0 0 0 0 0 0 0 0 0
46 2 0 0 0 0 0 0 0 0 1 1 0 0
49 3 0 0 0 0 0 0 0 0 1 0 0 0
52 3 0 0 0 0 0 0 0 0 1 0 0 0
fn=wcsnlen
40 4 0 0 0 0 0 0 0 0 1 1 0 0
41 2 1 1 2 0 0 0 0 0 0 0 0 0
42 3 0 0 1 0 0 0 0 0 1 0 0 0
45 2 1 1 0 0 0 0 0 0 0 0 0 0
46 2 0 0 0 0 0 0 0 0 1 1 0 0
49 3 0 0 0 0 0 0 0 0 1 0 0 0
52 3 0 0 0 0 0 0 0 0 1 0 0 0
fl=./wcsmbs/../sysdeps/x86_64/multiarch/ifunc-wmemset.h
fn=wmemset
36 10 0 0 4 0 0 0 0 0 2 0 0 0
37 6 1 1 2 0 0 0 0 0 2 2 0 0
fl=./wcsmbs/../sysdeps/x86_64/multiarch/wcpcpy.c
fn=wcpncpy
31 1 1 1 0 0 0 0 0 0 0 0 0 0
fl=./wcsmbs/../sysdeps/x86_64/multiarch/wcpncpy.c
fn=wcpncpy
31 1 0 0 1 0 0 0 0 0 0 0 0 0
fl=./wcsmbs/../sysdeps/x86_64/multiarch/wcscat.c
fn=wcscat
31 2 1 1 1 0 0 0 0 0 0 0 0 0
fn=wcschr
31 2 1 1 0 0 0 0 0 0 0 0 0 0
fl=./wcsmbs/../sysdeps/x86_64/multiarch/wcschr.c
fn=wcschr
31 4 0 0 2 0 0 0 0 0 0 0 0 0
fl=./wcsmbs/../sysdeps/x86_64/multiarch/wcscmp.c
fn=wcscmp
30 3 1 1 1 0 0 0 0 0 0 0 0 0
fl=./wcsmbs/../sysdeps/x86_64/multiarch/wcscpy.c
fn=wcscpy
42 4 0 0 0 0 0 0 0 0 1 1 0 0
43 2 1 1 2 0 0 0 0 0 0 0 0 0
44 3 0 0 1 0 0 0 0 0 1 0 0 0
46 2 1 1 0 0 0 0 0 0 0 0 0 0
47 3 0 0 0 0 0 0 0 0 1 1 0 0
50 3 0 0 0 0 0 0 0 0 1 0 0 0
60 2 1 1 1 0 0 0 0 0 0 0 0 0
fl=./wcsmbs/../sysdeps/x86_64/multiarch/wcslen.c
fn=wcslen
29 3 2 2 1 0 0 0 0 0 0 0 0 0
fl=./wcsmbs/../sysdeps/x86_64/multiarch/wcsncpy.c
fn=wcsncpy
31 2 1 1 1 0 0 0 0 0 0 0 0 0
fl=./wcsmbs/../sysdeps/x86_64/multiarch/wcsnlen.c
fn=wcsnlen
30 3 1 1 1 0 0 0 0 0 0 0 0 0
fl=./wcsmbs/../sysdeps/x86_64/multiarch/wmemchr.c
fn=wmemchr
31 4 1 1 2 0 0 0 0 0 0 0 0 0
fl=./wcsmbs/../sysdeps/x86_64/multiarch/wmemcmp.c
fn=wmemcmp
29 4 1 1 1 0 0 0 0 0 0 0 0 0
fl=./wcsmbs/../sysdeps/x86_64/multiarch/wmemset.c
fn=wmemset
31 4 1 1 2 0 0 0 0 0 0 0 0 0
fl=/mnt/c/Users/User/OneDrive/Workspace/additional course/HASH_TABLE/src/hash.cpp
fn=hash_word(char*)
110 2011514 1 1 0 0 0 1005757 0 0 0 0 0 0
111 3017271 0 0 0 0 0 0 0 0 1005757 0 0 0
113 522 0 0 0 0 0 0 0 0 0 0 0 0
115 1005235 0 0 0 0 0 0 0 0 0 0 0 0
116 1005757 0 0 0 0 0 1005757 0 0 0 0 0 0
117 19140839 0 0 3023771 0 0 0 0 0 4029528 6700 0 0
119 2011514 1 1 2011514 0 0 0 0 0 0 0 0 0
fn=make_table(table_t*, char*, unsigned long, unsigned long (*)(char*))
4 9 1 1 0 0 0 7 0 0 0 0 0 0
5 7 0 0 0 0 0 0 0 0 2 1 0 0
11 17275 0 0 5757 0 0 0 0 0 5758 47 0 0
13 17271 1 1 0 0 0 5757 0 0 0 0 5757 1
14 17271 0 0 5757 0 0 0 0 0 5757 69 0 0
15 120 0 0 0 0 0 0 0 0 0 0 0 0
18 66816 1 1 22272 1202 0 0 0 0 16515 2144 0 0
19 79235 0 0 14609 3797 0 8852 0 0 23461 3957 0 0
25 5718 0 0 0 0 0 1906 0 0 0 0 0 0
27 5757 0 0 0 0 0 0 0 0 0 0 0 0
29 1 0 0 0 0 0 0 0 0 0 0 0 0
30 8 1 1 7 1 0 0 0 0 0 0 0 0
fn=search(table_t*, char*, unsigned long (*)(char*))
32 6000000 0 0 0 0 0 4000000 0 0 0 0 0 0
33 6000000 1 1 0 0 0 0 0 0 2000000 0 0 0
38 3000000 0 0 0 0 0 1000000 0 0 0 0 1000000 1
39 3000000 0 0 1000000 0 0 0 0 0 1000000 0 0 0
42 1000000 0 0 0 0 0 0 0 0 0 0 0 0
43 10000000 1 1 3000000 0 0 0 0 0 2000000 0 0 0
44 7000000 0 0 1000000 0 0 1000000 0 0 2000000 0 0 0
45 1000000 0 0 0 0 0 0 0 0 0 0 0 0
48 1000000 0 0 0 0 0 0 0 0 0 0 0 0
51 6000000 0 0 5000000 0 0 0 0 0 0 0 0 0
fn=table_destroy(table_t*)
77 4 1 1 0 0 0 2 0 0 0 0 0 0
78 2 0 0 0 0 0 0 0 0 1 0 0 0
85 6005 0 0 2001 0 0 0 0 0 2001 3 0 0
86 8000 1 1 2000 0 0 2000 0 0 0 0 0 0
88 2 0 0 1 0 0 1 0 0 0 0 0 0
89 1 0 0 0 0 0 0 0 0 0 0 0 0
90 4 0 0 3 0 0 0 0 0 0 0 0 0
fn=table_init(table_t*, unsigned long)
64 4 1 1 0 0 0 2 0 0 0 0 0 0
65 3 0 0 0 0 0 0 0 0 1 0 0 0
69 6 0 0 0 0 0 2 0 0 0 0 0 0
70 1 0 0 0 0 0 1 0 0 0 0 0 0
71 6004 0 0 2000 0 0 0 0 0 2001 3 0 0
72 11999 1 1 1999 0 0 2000 0 0 0 0 0 0
74 1 0 0 0 0 0 0 0 0 0 0 0 0
75 4 0 0 3 0 0 0 0 0 0 0 0 0
fl=/mnt/c/Users/User/OneDrive/Workspace/additional course/HASH_TABLE/src/list_func.cpp
fn=list_destroy(list_t*)
16 4000 1 1 0 0 0 2000 0 0 0 0 0 0
17 4000 0 0 0 0 0 0 0 0 2000 0 0 0
18 8000 0 0 2000 483 0 0 0 0 2000 0 0 0
19 7812 0 0 0 0 0 0 0 0 3906 1200 0 0
20 7812 0 0 3906 2047 0 0 0 0 0 0 0 0
21 3906 1 1 0 0 0 3906 0 0 0 0 0 0
34 2000 0 0 0 0 0 0 0 0 0 0 0 0
35 4000 0 0 4000 0 0 0 0 0 0 0 0 0
fn=list_init(list_t*, char*)
3 8000 1 1 0 0 0 4000 0 0 0 0 0 0
4 8000 0 0 0 0 0 0 0 0 2000 0 0 0
5 8000 0 0 0 0 0 4000 363 0 0 0 0 0
6 2000 0 0 0 0 0 2000 0 0 0 0 0 0
7 2000 0 0 0 0 0 2000 0 0 0 0 0 0
13 2000 0 0 0 0 0 0 0 0 0 0 0 0
14 8000 0 0 6000 0 0 0 0 0 0 0 0 0
fn=list_insert(list_t*, char*)
37 7624 1 1 0 0 0 5718 0 0 0 0 0 0
40 3812 0 0 0 0 0 0 0 0 1906 12 0 0
41 1906 0 0 1906 0 0 0 0 0 0 0 0 0
42 3812 0 0 1906 0 0 0 0 0 0 0 0 0
43 1906 0 0 1906 0 0 0 0 0 0 0 0 0
45 7624 0 0 0 0 0 3812 0 0 0 0 0 0
46 1906 0 0 0 0 0 1906 0 0 0 0 0 0
47 3812 0 0 1906 0 0 1906 0 0 0 0 0 0
54 1906 0 0 0 0 0 0 0 0 0 0 0 0
55 7624 1 1 7624 0 0 0 0 0 0 0 0 0
fl=/mnt/c/Users/User/OneDrive/Workspace/additional course/HASH_TABLE/src/main.cpp
fn=main
3 10 1 1 1 0 0 6 0 0 0 0 0 0
4 1 0 0 0 0 0 1 0 0 0 0 0 0
5 4 0 0 0 0 0 1 1 0 0 0 0 0
6 3 1 1 0 0 0 1 0 0 0 0 0 0
7 2 0 0 0 0 0 0 0 0 1 0 0 0
8 2 0 0 0 0 0 0 0 0 1 0 0 0
9 4 0 0 0 0 0 1 0 0 0 0 0 0
10 3 0 0 0 0 0 2 0 0 0 0 0 0
11 4 1 1 0 0 0 1 0 0 0 0 0 0
12 7 0 0 1 0 0 1 0 0 0 0 0 0
13 2000001 0 0 0 0 0 0 0 0 1000000 2 0 0
15 4000000 1 1 0 0 0 1000000 0 0 0 0 0 0
17 2 0 0 0 0 0 1 0 0 0 0 0 0
18 2 0 0 0 0 0 1 0 0 0 0 0 0
20 11 1 1 8 1 0 0 0 0 1 0 0 0
fl=/mnt/c/Users/User/OneDrive/Workspace/additional course/HASH_TABLE/src/read_buffer.cpp
fn=read_buffer(_IO_FILE*, unsigned long*)
3 10 1 1 1 0 0 6 0 0 0 0 0 0
4 3 1 1 0 0 0 0 0 0 1 0 0 0
5 22 0 0 0 0 0 18 0 0 18 10 0 0
8 4 0 0 0 0 0 1 0 0 0 0 0 0
9 2 0 0 0 0 0 1 0 0 0 0 0 0
11 1 0 0 1 0 0 0 0 0 0 0 0 0
13 5 0 0 0 0 0 1 0 0 0 0 0 0
14 2 1 1 0 0 0 0 0 0 1 0 0 0
17 1 0 0 0 0 0 1 0 0 0 0 0 0
18 2 0 0 0 0 0 0 0 0 1 0 0 0
29 34549 1 1 5758 0 0 0 0 0 5758 6 0 0
30 12670 0 0 577 0 0 577 0 0 6335 589 0 0
31 190412 0 0 1159 0 0 580 0 0 59825 6952 0 0
32 579 0 0 0 0 0 579 0 0 0 0 0 0
33 1158 0 0 0 0 0 0 0 0 0 0 0 0
35 4 1 1 0 0 0 0 0 0 1 0 0 0
39 104664 0 0 26166 0 0 0 0 0 26166 8 0 0
40 26166 0 0 0 0 0 0 0 0 0 0 0 0
46 5757 0 0 0 0 0 5757 0 0 0 0 0 0
47 5757 1 1 0 0 0 0 0 0 0 0 0 0
51 1 0 0 0 0 0 1 0 0 0 0 0 0
54 1165 1 1 8 0 0 0 0 0 1 0 0 0
fl=/usr/include/string.h
fn=make_table(table_t*, char*, unsigned long, unsigned long (*)(char*))
235 11514 0 0 0 0 0 5757 0 0 0 0 0 0
fl=/usr/include/x86_64-linux-gnu/bits/stdio2.h
fn=read_buffer(_IO_FILE*, unsigned long*)
215 6 0 0 0 0 0 1 0 0 0 0 0 0
fl=???
fn=(below main)
0 12 1 1 2 0 0 3 0 0 0 0 1 1
fn=???
0 4056543 27 23 2028242 5 0 11 1 1 11 8 2028220 19
summary: 120858405 1396 1372 24564941 10884 1129 9291567 3725 3332 17540272 28145 3034315 204
