desc: I1 cache:         32768 B, 64 B, 8-way associative
desc: D1 cache:         49152 B, 64 B, 12-way associative
desc: LL cache:         18874368 B, 64 B, 18-way associative
cmd: ./bin/test
events: Ir I1mr ILmr Dr D1mr DLmr Dw D1mw DLmw Bc Bcm Bi Bim
fl=./csu/../csu/libc-start.c
fn=__libc_start_main@@GLIBC_2.34
128 2 1 1 2 0 0 0 0 0 0 0 0 0
134 3 0 0 1 1 0 0 0 0 1 0 0 0
135 7 0 0 3 1 0 2 0 0 0 0 1 1
138 1 0 0 1 0 0 0 0 0 0 0 0 0
139 2 1 1 0 0 0 0 0 0 1 0 0 0
142 3 0 0 2 1 0 0 0 0 0 0 0 0
143 2 0 0 2 0 0 0 0 0 0 0 0 0
144 11 0 0 1 0 0 1 0 0 2 0 0 0
145 4 1 1 1 1 1 2 0 0 0 0 1 1
242 13 1 1 0 0 0 7 0 0 0 0 0 0
311 3 0 0 0 0 0 0 0 0 1 0 0 0
312 3 0 0 0 0 0 1 0 0 0 0 0 0
337 6 1 1 2 0 0 1 0 0 1 1 0 0
340 2 0 0 0 0 0 0 0 0 1 1 0 0
343 2 0 0 2 0 0 0 0 0 0 0 0 0
350 2 0 0 1 0 0 1 0 0 0 0 0 0
352 2 0 0 0 0 0 0 0 0 1 0 0 0
360 4 0 0 1 0 0 1 0 0 0 0 0 0
fl=./csu/../sysdeps/nptl/libc_start_call_main.h
fn=(below main)
29 9 1 1 1 0 0 5 0 0 0 0 0 0
44 3 1 1 0 0 0 1 0 0 0 0 0 0
46 2 0 0 0 0 0 0 0 0 1 0 0 0
51 2 0 0 1 1 0 1 0 0 0 0 0 0
52 2 0 0 1 1 0 1 0 0 0 0 0 0
55 2 0 0 0 0 0 1 0 0 0 0 0 0
58 6 1 1 5 0 0 1 0 0 0 0 1 1
74 2 1 0 0 0 0 1 0 0 0 0 0 0
fl=./csu/./csu/init-first.c
fn=_init_first
46 6 1 1 0 0 0 2 0 0 0 0 0 0
51 2 0 0 1 0 0 0 0 0 1 0 0 0
55 5 1 1 4 1 1 0 0 0 1 0 0 0
61 1 0 0 0 0 0 1 1 0 0 0 0 0
62 1 0 0 0 0 0 1 0 0 0 0 0 0
63 2 0 0 1 0 0 1 1 1 0 0 0 0
71 2 0 0 0 0 0 0 0 0 0 0 0 0
72 3 0 0 2 0 0 0 0 0 0 0 0 0
fl=./ctype/./ctype/ctype-info.c
fn=__ctype_init
29 1 1 1 0 0 0 0 0 0 0 0 0 0
31 7 1 1 5 1 0 1 0 0 0 0 0 0
33 4 0 0 2 0 0 1 0 0 0 0 0 0
35 4 0 0 2 0 0 1 0 0 0 0 0 0
36 1 0 0 1 0 0 0 0 0 0 0 0 0
fl=./debug/../sysdeps/x86_64/multiarch/ifunc-memmove.h
fn=__memcpy_chk
56 2 0 0 0 0 0 0 0 0 1 0 0 0
57 3 1 1 2 0 0 0 0 0 0 0 0 0
60 3 0 0 1 0 0 0 0 0 0 0 0 0
61 2 1 1 0 0 0 0 0 0 1 1 0 0
74 2 0 0 0 0 0 0 0 0 1 0 0 0
77 2 0 0 0 0 0 0 0 0 1 0 0 0
85 2 0 0 0 0 0 0 0 0 1 1 0 0
93 2 1 1 0 0 0 0 0 0 1 1 0 0
96 5 2 2 1 0 0 0 0 0 0 0 0 0
fn=__memmove_chk
56 2 0 0 0 0 0 0 0 0 1 0 0 0
57 3 0 0 2 0 0 0 0 0 0 0 0 0
60 3 0 0 1 0 0 0 0 0 0 0 0 0
61 2 1 1 0 0 0 0 0 0 1 1 0 0
74 2 0 0 0 0 0 0 0 0 1 0 0 0
77 2 1 1 0 0 0 0 0 0 1 0 0 0
85 2 0 0 0 0 0 0 0 0 1 1 0 0
93 2 0 0 0 0 0 0 0 0 1 1 0 0
96 5 0 0 1 0 0 0 0 0 0 0 0 0
fn=__mempcpy_chk
56 2 0 0 0 0 0 0 0 0 1 0 0 0
57 3 1 1 2 0 0 0 0 0 0 0 0 0
60 3 0 0 1 0 0 0 0 0 0 0 0 0
61 2 1 1 0 0 0 0 0 0 1 1 0 0
74 2 0 0 0 0 0 0 0 0 1 0 0 0
77 2 0 0 0 0 0 0 0 0 1 0 0 0
85 2 0 0 0 0 0 0 0 0 1 1 0 0
93 2 1 1 0 0 0 0 0 0 1 1 0 0
96 5 2 2 1 0 0 0 0 0 0 0 0 0
fl=./debug/../sysdeps/x86_64/multiarch/ifunc-memset.h
fn=__memset_chk
54 5 0 0 2 0 0 0 0 0 1 0 0 0
57 3 0 0 1 0 0 0 0 0 0 0 0 0
58 2 1 1 0 0 0 0 0 0 1 1 0 0
64 2 1 1 0 0 0 0 0 0 0 0 0 0
73 2 0 0 0 0 0 0 0 0 1 0 0 0
75 2 0 0 0 0 0 0 0 0 1 0 0 0
85 2 0 0 0 0 0 0 0 0 1 0 0 0
93 2 0 0 0 0 0 0 0 0 1 0 0 0
96 5 0 0 1 0 0 0 0 0 0 0 0 0
fl=./debug/../sysdeps/x86_64/multiarch/memcpy_chk.c
fn=__memcpy_chk
29 1 1 1 0 0 0 0 0 0 0 0 0 0
fl=./debug/../sysdeps/x86_64/multiarch/memmove_chk.c
fn=__memmove_chk
29 1 0 0 0 0 0 0 0 0 0 0 0 0
fl=./debug/../sysdeps/x86_64/multiarch/mempcpy_chk.c
fn=__mempcpy_chk
29 1 1 1 0 0 0 0 0 0 0 0 0 0
fl=./debug/../sysdeps/x86_64/multiarch/memset_chk.c
fn=__memset_chk
29 1 0 0 0 0 0 0 0 0 0 0 0 0
fl=./elf/../bits/stdlib-bsearch.h
fn=intel_check_word.constprop.0
27 96 0 0 0 0 0 0 0 0 0 0 0 0
28 48 0 0 0 0 0 0 0 0 0 0 0 0
29 744 0 0 0 0 0 0 0 0 372 38 0 0
31 648 0 0 0 0 0 0 0 0 0 0 0 0
32 348 0 0 0 0 0 0 0 0 0 0 0 0
35 264 0 0 0 0 0 0 0 0 0 0 0 0
37 120 1 1 0 0 0 0 0 0 0 0 0 0
fl=./elf/../elf/dl-tls.c
fn=_dl_add_to_slotinfo
1017 9 1 1 0 0 0 5 0 0 0 0 0 0
1023 1 0 0 1 0 0 0 0 0 0 0 0 0
1026 1 0 0 1 0 0 0 0 0 0 0 0 0
1027 1 0 0 0 0 0 0 0 0 0 0 0 0
1031 3 1 1 1 0 0 0 0 0 1 0 0 0
1065 2 0 0 0 0 0 0 0 0 1 1 0 0
1068 2 0 0 0 0 0 1 1 0 0 0 0 0
1069 3 0 0 1 0 0 1 0 0 0 0 0 0
1072 6 1 1 6 0 0 0 0 0 0 0 0 0
fn=_dl_allocate_tls_init
523 11 1 1 0 0 0 8 0 0 0 0 0 0
524 2 0 0 0 0 0 0 0 0 1 0 0 0
528 2 0 0 1 1 0 1 0 0 0 0 0 0
531 1 0 0 0 0 0 0 0 0 0 0 0 0
534 2 1 1 1 1 0 1 0 0 0 0 1 1
537 3 0 0 2 1 0 0 0 0 1 0 0 0
549 1 0 0 1 0 0 0 0 0 0 0 0 0
554 17 1 1 2 0 0 1 0 0 2 0 0 0
560 5 1 1 0 0 0 0 0 0 2 1 0 0
563 3 0 0 1 0 0 0 0 0 0 0 0 0
564 2 0 0 0 0 0 0 0 0 1 0 0 0
570 3 1 1 2 0 0 0 0 0 1 0 0 0
571 2 0 0 0 0 0 0 0 0 0 0 0 0
573 10 0 0 3 1 0 1 0 0 0 0 0 0
576 2 0 0 0 0 0 0 0 0 1 0 0 0
577 2 0 0 1 0 0 0 0 0 0 0 0 0
580 2 1 1 0 0 0 0 0 0 1 0 0 0
581 4 0 0 2 0 0 0 0 0 1 0 0 0
583 2 0 0 0 0 0 0 0 0 1 0 0 0
584 2 0 0 1 0 0 0 0 0 0 0 0 0
593 1 0 0 0 0 0 1 0 0 0 0 0 0
601 2 0 0 1 0 0 0 0 0 1 1 0 0
603 10 0 0 2 0 0 3 0 0 0 0 0 0
609 1 0 0 1 0 0 0 0 0 0 0 0 0
615 2 0 0 1 0 0 1 0 0 0 0 1 1
618 2 0 0 1 0 0 1 0 0 0 0 0 0
621 9 0 0 8 0 0 0 0 0 0 0 0 0
fn=_dl_allocate_tls_storage
365 1 0 0 1 0 0 0 0 0 0 0 0 0
369 1 1 1 0 0 0 0 0 0 0 0 0 0
370 1 0 0 0 0 0 0 0 0 0 0 0 0
371 2 0 0 0 0 0 0 0 0 1 0 0 0
374 1 0 0 0 0 0 1 1 1 0 0 0 0
380 2 0 0 0 0 0 1 0 0 0 0 0 0
417 7 2 2 0 0 0 4 0 0 0 0 0 0
419 1 0 0 1 0 0 0 0 0 0 0 0 0
430 1 0 0 1 0 0 0 0 0 0 0 0 0
431 1 0 0 0 0 0 0 0 0 0 0 0 0
432 2 0 0 0 0 0 0 0 0 1 0 0 0
440 6 0 0 0 0 0 0 0 0 0 0 0 0
441 1 1 1 0 0 0 0 0 0 0 0 0 0
445 305 0 0 0 0 0 297 37 37 296 10 0 0
464 1 0 0 0 0 0 1 1 1 0 0 0 0
470 7 0 0 5 0 0 0 0 0 0 0 0 0
fn=_dl_assign_tls_modid
125 4 1 1 0 0 0 1 0 0 0 0 0 0
128 2 0 0 1 0 0 0 0 0 1 0 0 0
141 1 0 0 1 0 0 0 0 0 0 0 0 0
181 1 0 0 0 0 0 0 0 0 0 0 0 0
183 1 1 1 0 0 0 1 0 0 0 0 0 0
186 1 0 0 0 0 0 1 0 0 0 0 0 0
187 2 0 0 2 0 0 0 0 0 0 0 0 0
fn=_dl_count_modids
192 1 1 1 0 0 0 0 0 0 0 0 0 0
194 2 0 0 1 0 0 0 0 0 1 0 0 0
195 1 0 0 1 0 0 0 0 0 0 0 0 0
210 2 0 0 1 0 0 0 0 0 0 0 0 0
fn=_dl_determine_tlsoffset
216 9 1 1 0 0 0 6 0 0 0 0 0 0
217 1 0 0 0 0 0 0 0 0 0 0 0 0
218 1 0 0 0 0 0 0 0 0 0 0 0 0
219 1 0 0 0 0 0 0 0 0 0 0 0 0
222 4 0 0 1 0 0 1 0 0 1 0 0 0
225 2 0 0 1 0 0 0 0 0 1 0 0 0
259 1 0 0 0 0 0 0 0 0 0 0 0 0
261 11 1 1 3 0 0 0 0 0 2 2 0 0
263 5 1 1 2 0 0 1 0 0 1 0 0 0
265 3 1 1 1 0 0 0 0 0 0 0 0 0
266 2 0 0 1 0 0 0 0 0 0 0 0 0
268 2 0 0 0 0 0 0 0 0 0 0 0 0
270 5 0 0 1 0 0 0 0 0 1 1 0 0
281 1 0 0 0 0 0 1 0 0 0 0 0 0
286 8 0 0 0 0 0 0 0 0 0 0 0 0
288 2 0 0 0 0 0 0 0 0 1 1 0 0
289 1 0 0 0 0 0 0 0 0 0 0 0 0
294 1 0 0 0 0 0 0 0 0 0 0 0 0
301 1 0 0 0 0 0 1 0 0 0 0 0 0
302 7 2 2 1 0 0 0 0 0 0 0 0 0
304 2 0 0 0 0 0 1 0 0 0 0 0 0
354 1 0 0 0 0 0 1 0 0 0 0 0 0
355 8 0 0 7 0 0 0 0 0 0 0 0 0
fn=_dl_tls_static_surplus_init
83 3 0 0 0 0 0 0 0 0 0 0 0 0
97 8 1 1 0 0 0 4 0 0 0 0 0 0
100 6 0 0 1 0 0 1 0 0 0 0 0 0
101 5 0 0 1 0 0 1 0 0 0 0 0 0
102 3 0 0 0 0 0 0 0 0 0 0 0 0
104 4 1 1 0 0 0 0 0 0 1 0 0 0
107 1 0 0 0 0 0 0 0 0 0 0 0 0
109 1 0 0 0 0 0 1 0 0 0 0 0 0
111 3 0 0 0 0 0 1 0 0 0 0 0 0
112 6 0 0 5 0 0 0 0 0 0 0 0 0
fl=./elf/../include/list.h
fn=__tls_init_tp
43 2 1 1 1 1 0 1 0 0 0 0 0 0
44 2 0 0 0 0 0 1 0 0 0 0 0 0
45 1 0 0 0 0 0 1 0 0 0 0 0 0
47 1 0 0 0 0 0 1 0 0 0 0 0 0
fl=./elf/../include/rtld-malloc.h
fn=__minimal_calloc
56 8 0 0 8 0 0 0 0 0 0 0 8 1
fn=_dl_allocate_tls_storage
44 2 0 0 1 0 0 1 0 0 0 0 1 1
56 1 0 0 1 0 0 1 0 0 0 0 1 1
fn=_dl_check_map_versions
44 9 1 1 3 0 0 3 0 0 0 0 3 1
fn=_dl_find_object_init
56 2 0 0 1 0 0 1 0 0 0 0 1 1
fn=_dl_important_hwcaps
56 4 0 0 2 0 0 2 0 0 0 0 2 2
fn=_dl_init_paths
56 5 0 0 3 0 0 3 0 0 0 0 3 3
fn=_dl_map_object_deps
56 6 0 0 3 0 0 3 0 0 0 0 3 2
fn=_dl_new_object
44 9 0 0 3 0 0 3 0 0 0 0 3 1
56 6 1 1 2 0 0 2 0 0 0 0 2 1
fn=fillin_rpath.isra.0
50 2 1 1 2 0 0 1 0 0 0 0 1 1
51 1 0 0 0 0 0 0 0 0 0 0 0 0
56 2 0 0 1 0 0 1 0 0 0 0 1 1
fn=init_tls
44 2 0 0 1 0 0 1 0 0 0 0 1 1
fl=./elf/../include/scratch_buffer.h
fn=_dl_map_object_deps
77 2 0 0 0 0 0 1 1 1 0 0 0 0
78 1 0 0 0 0 0 1 0 0 0 0 0 0
85 3 1 1 1 0 0 0 0 0 1 1 0 0
131 8 1 1 0 0 0 4 0 0 0 0 0 0
fl=./elf/../misc/sbrk.c
fn=sbrk
37 6 1 1 0 0 0 3 0 0 0 0 0 0
40 1 0 0 1 0 0 0 0 0 0 0 0 0
58 2 0 0 0 0 0 0 0 0 1 0 0 0
62 2 0 0 0 0 0 0 0 0 1 1 0 0
78 5 1 1 4 0 0 0 0 0 0 0 0 0
fl=./elf/../nptl/nptl-stack.h
fn=__libc_early_init
61 8 1 1 2 1 0 0 0 0 0 0 0 0
fl=./elf/../sysdeps/generic/_itoa.h
fn=_dl_check_map_versions
76 6 0 0 2 0 0 4 0 0 0 0 0 0
fl=./elf/../sysdeps/generic/dl-cache.h
fn=_dl_load_cache_lookup
125 1 1 1 1 0 0 0 0 0 0 0 0 0
194 1 0 0 1 0 0 0 0 0 0 0 0 0
195 5 0 0 0 0 0 0 0 0 1 1 0 0
fl=./elf/../sysdeps/generic/dl-call_tls_init_tp.h
fn=init_tls
31 8 0 0 0 0 0 2 0 0 1 0 0 0
33 1 0 0 0 0 0 1 0 0 0 0 0 0
fl=./elf/../sysdeps/generic/dl-debug.h
fn=dl_main
29 4 0 0 2 0 0 0 0 0 1 0 0 0
30 1 0 0 0 0 0 1 0 0 0 0 0 0
fl=./elf/../sysdeps/generic/dl-hash.h
fn=__rtld_malloc_init_real
43 1 0 0 0 0 0 0 0 0 0 0 0 0
44 1 0 0 0 0 0 0 0 0 0 0 0 0
45 19 0 0 6 1 1 0 0 0 6 5 0 0
48 18 0 0 0 0 0 0 0 0 0 0 0 0
62 24 0 0 0 0 0 0 0 0 0 0 0 0
67 1 0 0 0 0 0 0 0 0 0 0 0 0
72 1 0 0 0 0 0 1 0 0 0 0 0 0
fl=./elf/../sysdeps/generic/dl-new-hash.h
fn=_dl_lookup_symbol_x
69 104 0 0 0 0 0 0 0 0 0 0 0 0
70 208 0 0 0 0 0 0 0 0 0 0 0 0
74 792 0 0 792 91 86 0 0 0 0 0 0 0
77 1584 0 0 0 0 0 0 0 0 792 80 0 0
80 736 0 0 736 12 12 0 0 0 0 0 0 0
81 1472 0 0 0 0 0 0 0 0 736 54 0 0
87 48 1 1 0 0 0 0 0 0 0 0 0 0
88 48 0 0 0 0 0 0 0 0 0 0 0 0
89 96 0 0 0 0 0 0 0 0 0 0 0 0
90 48 0 0 0 0 0 0 0 0 0 0 0 0
99 688 0 0 0 0 0 0 0 0 0 0 0 0
101 688 0 0 0 0 0 0 0 0 0 0 0 0
102 1376 0 0 0 0 0 0 0 0 0 0 0 0
104 688 1 1 0 0 0 0 0 0 0 0 0 0
105 688 0 0 0 0 0 0 0 0 0 0 0 0
fl=./elf/../sysdeps/generic/dl-protected.h
fn=do_lookup_x
29 396 0 0 0 0 0 0 0 0 99 0 0 0
fl=./elf/../sysdeps/generic/ldsodefs.h
fn=_dl_relocate_object
79 35 1 1 17 0 0 0 0 0 0 0 0 0
140 291 0 0 97 0 0 0 0 0 0 0 0 0
fn=_dl_start
79 6 1 1 3 0 0 0 0 0 0 0 0 0
fn=do_lookup_x
139 198 0 0 99 0 0 0 0 0 0 0 0 0
140 297 0 0 0 0 0 0 0 0 0 0 0 0
fl=./elf/../sysdeps/nptl/dl-mutex.c
fn=__rtld_mutex_init
30 7 1 1 0 0 0 4 0 0 0 0 0 0
37 1 0 0 1 0 0 0 0 0 0 0 0 0
40 7 0 0 0 0 0 1 0 0 0 0 0 0
44 2 1 1 0 0 0 0 0 0 1 0 0 0
45 9 0 0 3 0 0 1 0 0 1 0 0 0
47 6 0 0 0 0 0 1 0 0 0 0 0 0
51 2 1 1 0 0 0 0 0 0 1 0 0 0
52 7 0 0 3 0 0 1 0 0 1 0 0 0
53 6 0 0 5 0 0 0 0 0 0 0 0 0
fl=./elf/../sysdeps/nptl/dl-tls_init_tp.c
fn=__tls_init_tp
68 5 0 0 0 0 0 2 0 0 0 0 0 0
69 1 0 0 1 0 0 0 0 0 0 0 0 0
72 1 0 0 0 0 0 0 0 0 0 0 0 0
75 4 0 0 0 0 0 1 0 0 0 0 0 0
76 2 0 0 0 0 0 1 0 0 0 0 0 0
77 1 1 1 0 0 0 1 0 0 0 0 0 0
82 2 0 0 1 0 0 1 0 0 0 0 0 0
87 4 0 0 0 0 0 1 0 0 0 0 0 0
90 1 0 0 0 0 0 1 0 0 0 0 0 0
93 3 0 0 0 0 0 0 0 0 0 0 0 0
105 4 1 1 0 0 0 1 0 0 0 0 0 0
121 3 0 0 2 0 0 1 0 0 0 0 0 0
128 2 0 0 1 0 0 1 0 0 0 0 0 0
129 3 0 0 3 0 0 0 0 0 0 0 0 0
fn=__tls_pre_init_tp
53 3 1 1 0 0 0 0 0 0 0 0 0 0
56 10 1 1 0 0 0 3 1 1 0 0 0 0
61 2 0 0 0 0 0 1 0 0 0 0 0 0
62 1 1 1 0 0 0 1 0 0 0 0 0 0
64 1 0 0 1 0 0 0 0 0 0 0 0 0
fn=rtld_mutex_dummy
42 8 0 0 0 0 0 0 0 0 0 0 0 0
44 16 0 0 8 0 0 0 0 0 0 0 0 0
fl=./elf/../sysdeps/nptl/pthread_early_init.h
fn=__libc_early_init
33 6 1 1 0 0 0 1 0 0 1 0 0 0
34 1 0 0 1 0 0 0 0 0 0 0 0 0
38 5 0 0 0 0 0 0 0 0 0 0 0 0
45 2 0 0 2 0 0 0 0 0 0 0 0 0
46 1 0 0 0 0 0 0 0 0 0 0 0 0
48 2 0 0 0 0 0 0 0 0 0 0 0 0
52 5 1 1 0 0 0 1 0 0 0 0 0 0
53 1 0 0 0 0 0 1 1 1 0 0 0 0
54 1 0 0 0 0 0 1 1 1 0 0 0 0
56 1 0 0 0 0 0 1 0 0 0 0 0 0
fl=./elf/../sysdeps/posix/dl-fileid.h
fn=_dl_map_object_from_fd
37 8 0 0 0 0 0 2 1 1 2 0 0 0
40 8 0 0 6 0 0 2 0 0 0 0 0 0
49 12 0 0 6 1 1 0 0 0 6 5 0 0
fl=./elf/../sysdeps/unix/sysv/linux/brk.c
fn=brk
36 1 1 1 0 0 0 0 0 0 0 0 0 0
37 1 0 0 0 0 0 1 1 1 0 0 0 0
38 2 0 0 0 0 0 0 0 0 1 0 0 0
44 1 0 0 0 0 0 0 0 0 0 0 0 0
45 1 0 0 1 0 0 0 0 0 0 0 0 0
fl=./elf/../sysdeps/unix/sysv/linux/brk_call.h
fn=brk
24 2 0 0 0 0 0 0 0 0 0 0 0 0
fl=./elf/../sysdeps/unix/sysv/linux/dl-osinfo.h
fn=dl_main
39 2 0 0 1 0 0 0 0 0 0 0 0 0
52 1 0 0 1 0 0 0 0 0 0 0 0 0
fl=./elf/../sysdeps/unix/sysv/linux/dl-parse_auxv.h
fn=_dl_sysdep_parse_arguments
32 2 0 0 0 0 0 1 0 0 0 0 0 0
33 1 0 0 0 0 0 1 0 0 0 0 0 0
34 1 0 0 0 0 0 1 0 0 0 0 0 0
41 93 1 1 24 0 0 0 0 0 23 6 0 0
42 44 0 0 0 0 0 0 0 0 22 0 0 0
43 44 0 0 22 6 6 22 0 0 0 0 0 0
45 1 0 0 0 0 0 1 0 0 0 0 0 0
46 2 0 0 1 0 0 1 0 0 0 0 0 0
47 2 0 0 1 0 0 1 0 0 0 0 0 0
48 2 0 0 1 0 0 1 0 0 0 0 0 0
49 1 0 0 0 0 0 1 0 0 0 0 0 0
51 2 1 1 1 0 0 1 0 0 0 0 0 0
52 2 0 0 1 0 0 1 1 1 0 0 0 0
53 2 0 0 1 0 0 1 0 0 0 0 0 0
54 2 1 1 1 0 0 1 0 0 0 0 0 0
56 2 0 0 1 0 0 1 0 0 0 0 0 0
fl=./elf/../sysdeps/unix/sysv/linux/dl-sysdep.c
fn=_dl_sysdep_parse_arguments
78 7 1 1 0 0 0 4 0 0 0 0 0 0
79 2 0 0 1 1 1 1 1 1 0 0 0 0
80 2 0 0 0 0 0 1 0 0 0 0 0 0
81 3 0 0 0 0 0 1 1 1 0 0 0 0
82 35 0 0 0 0 0 0 0 0 0 0 0 0
83 73 1 1 36 4 4 0 0 0 36 10 0 0
86 2 1 1 0 0 0 1 1 1 0 0 0 0
90 56 0 0 0 0 0 52 7 7 52 10 0 0
93 5 0 0 3 0 0 1 0 0 0 0 0 0
94 2 0 0 1 0 0 1 0 0 0 0 0 0
95 3 1 1 2 0 0 1 0 0 0 0 0 0
96 6 0 0 5 0 0 0 0 0 0 0 0 0
fn=_dl_sysdep_start
102 6 1 1 0 0 0 2 0 0 0 0 0 0
103 1 0 0 0 0 0 1 0 0 0 0 0 0
106 2 0 0 0 0 0 1 1 1 0 0 0 0
110 2 0 0 1 0 0 1 0 0 0 0 0 0
113 1 0 0 0 0 0 1 0 0 0 0 0 0
115 2 0 0 0 0 0 1 0 0 0 0 0 0
122 3 1 1 1 0 0 0 0 0 1 0 0 0
123 2 0 0 0 0 0 2 0 0 0 0 0 0
125 5 0 0 0 0 0 1 0 0 1 0 0 0
137 3 0 0 1 0 0 0 0 0 1 0 0 0
140 5 1 1 3 0 0 1 0 0 0 0 1 1
143 4 1 0 4 1 0 0 0 0 0 0 0 0
fn=_dl_sysdep_start_cleanup
147 1 1 1 0 0 0 0 0 0 0 0 0 0
148 1 0 0 1 0 0 0 0 0 0 0 0 0
fl=./elf/../sysdeps/unix/sysv/linux/dl-vdso-setup.h
fn=dl_main
30 1 0 0 0 0 0 1 0 0 0 0 0 0
33 1 1 1 0 0 0 1 0 0 0 0 0 0
36 1 0 0 0 0 0 1 0 0 0 0 0 0
39 1 0 0 0 0 0 1 0 0 0 0 0 0
45 1 0 0 0 0 0 1 0 0 0 0 0 0
fl=./elf/../sysdeps/unix/sysv/linux/dl-vdso.h
fn=dl_main
40 2 1 1 1 0 0 0 0 0 0 0 0 0
41 5 0 0 0 0 0 2 0 0 1 0 0 0
55 2 0 0 0 0 0 0 0 0 0 0 0 0
fl=./elf/../sysdeps/unix/sysv/linux/rseq-internal.h
fn=__tls_init_tp
32 3 0 0 1 0 0 0 0 0 1 1 0 0
34 7 1 1 0 0 0 0 0 0 0 0 0 0
37 2 0 0 0 0 0 0 0 0 1 1 0 0
40 1 0 0 0 0 0 1 0 0 0 0 0 0
fl=./elf/../sysdeps/unix/sysv/linux/x86/dl-hwcap2.h
fn=update_active.constprop.0
25 2 0 0 1 0 0 0 0 0 1 1 0 0
fl=./elf/../sysdeps/unix/sysv/linux/x86/dl-minsigstacksize.h
fn=get_common_indices.constprop.0
24 2 2 2 1 0 0 0 0 0 1 0 0 0
27 2 0 0 1 0 0 0 0 0 1 0 0 0
28 2 0 0 1 0 0 0 0 0 1 0 0 0
65 3 0 0 0 0 0 0 0 0 0 0 0 0
72 1 0 0 0 0 0 0 0 0 0 0 0 0
74 1 0 0 0 0 0 1 0 0 0 0 0 0
fl=./elf/../sysdeps/x86/cpu-features.c
fn=get_common_indices.constprop.0
398 3 1 1 0 0 0 2 0 0 0 0 0 0
402 4 0 0 0 0 0 0 0 0 1 0 0 0
405 5 0 0 0 0 0 3 0 0 0 0 0 0
409 1 0 0 0 0 0 1 0 0 0 0 0 0
410 4 0 0 0 0 0 1 0 0 0 0 0 0
411 4 1 1 0 0 0 1 0 0 0 0 0 0
412 4 0 0 0 0 0 1 0 0 0 0 0 0
413 3 0 0 0 0 0 1 0 0 0 0 0 0
414 2 0 0 1 0 0 0 0 0 1 0 0 0
421 2 0 0 1 0 0 0 0 0 1 0 0 0
423 9 0 0 0 0 0 4 1 1 0 0 0 0
428 8 2 2 0 0 0 4 1 1 0 0 0 0
435 2 0 0 1 0 0 0 0 0 1 0 0 0
436 7 0 0 0 0 0 4 1 1 0 0 0 0
442 2 0 0 1 0 0 0 0 0 1 1 0 0
457 3 0 0 3 0 0 0 0 0 0 0 0 0
fn=init_cpu_features.constprop.0
376 3 0 0 0 0 0 0 0 0 0 0 0 0
377 2 0 0 0 0 0 0 0 0 1 0 0 0
378 6 0 0 0 0 0 4 0 0 0 0 0 0
383 2 1 1 0 0 0 0 0 0 1 1 0 0
384 6 1 1 0 0 0 4 0 0 0 0 0 0
389 2 0 0 0 0 0 0 0 0 1 0 0 0
390 7 1 1 0 0 0 4 0 0 0 0 0 0
682 8 1 1 0 0 0 6 0 0 0 0 0 0
685 1 0 0 0 0 0 1 0 0 0 0 0 0
686 1 1 1 0 0 0 1 0 0 0 0 0 0
687 1 0 0 0 0 0 1 0 0 0 0 0 0
690 1 0 0 0 0 0 1 1 1 0 0 0 0
699 3 0 0 0 0 0 1 0 0 0 0 0 0
702 6 1 1 0 0 0 0 0 0 3 1 0 0
703 1 0 0 0 0 0 0 0 0 0 0 0 0
706 2 0 0 0 0 0 1 0 0 0 0 0 0
708 6 2 2 0 0 0 1 0 0 0 0 0 0
713 1 0 0 0 0 0 1 0 0 0 0 0 0
715 3 0 0 1 0 0 0 0 0 1 1 0 0
717 9 2 2 3 1 1 1 0 0 1 0 0 0
721 7 0 0 1 1 1 0 0 0 1 0 1 1
774 3 0 0 2 0 0 0 0 0 1 1 0 0
781 2 1 1 0 0 0 1 0 0 0 0 0 0
799 1 1 1 0 0 0 1 0 0 0 0 0 0
832 2 0 0 0 0 0 0 0 0 1 1 0 0
866 4 1 1 0 0 0 0 0 0 1 1 0 0
869 2 0 0 0 0 0 1 0 0 0 0 0 0
870 1 1 1 0 0 0 0 0 0 0 0 0 0
878 2 1 1 1 0 0 0 0 0 1 0 0 0
885 2 0 0 1 0 0 0 0 0 1 0 0 0
887 2 0 0 0 0 0 1 0 0 0 0 0 0
891 2 0 0 0 0 0 0 0 0 1 0 0 0
897 2 0 0 1 0 0 0 0 0 1 1 0 0
899 1 1 1 0 0 0 0 0 0 0 0 0 0
1001 3 1 1 1 0 0 0 0 0 1 0 0 0
1002 2 0 0 0 0 0 1 0 0 0 0 0 0
1005 2 0 0 0 0 0 0 0 0 1 0 0 0
1006 2 0 0 0 0 0 1 0 0 0 0 0 0
1012 1 0 0 0 0 0 1 0 0 0 0 0 0
1013 1 0 0 0 0 0 1 0 0 0 0 0 0
1014 1 0 0 0 0 0 1 0 0 0 0 0 0
1015 2 1 1 1 0 0 1 0 0 0 0 0 0
1019 4 0 0 0 0 0 1 0 0 0 0 0 0
1022 4 0 0 0 0 0 1 0 0 0 0 0 0
1028 3 0 0 1 0 0 0 0 0 1 1 0 0
1041 2 0 0 0 0 0 0 0 0 0 0 0 0
1042 4 1 1 1 0 0 0 0 0 1 1 0 0
1081 1 0 0 0 0 0 1 0 0 0 0 0 0
1082 2 1 1 1 0 0 0 0 0 1 1 0 0
1086 3 0 0 1 0 0 0 0 0 1 1 0 0
1103 2 1 1 0 0 0 0 0 0 0 0 0 0
1104 2 0 0 0 0 0 0 0 0 1 0 0 0
1106 3 0 0 0 0 0 0 0 0 1 0 0 0
1107 2 0 0 1 0 0 0 0 0 0 0 0 0
1109 3 0 0 0 0 0 0 0 0 1 0 0 0
1110 2 0 0 0 0 0 0 0 0 0 0 0 0
1113 2 0 0 0 0 0 1 0 0 0 0 0 0
1127 4 0 0 0 0 0 1 0 0 0 0 0 0
1129 4 0 0 0 0 0 1 0 0 0 0 0 0
1135 4 0 0 0 0 0 1 0 0 0 0 0 0
1142 8 0 0 7 0 0 0 0 0 0 0 0 0
fn=update_active.constprop.0
72 8 2 2 0 0 0 6 0 0 0 0 0 0
76 1 0 0 1 0 0 0 0 0 0 0 0 0
84 3 1 1 1 0 0 0 0 0 0 0 0 0
85 3 0 0 0 0 0 0 0 0 0 0 0 0
86 1 0 0 1 0 0 0 0 0 0 0 0 0
94 4 0 0 1 0 0 1 0 0 0 0 0 0
95 1 0 0 1 0 0 0 0 0 0 0 0 0
103 4 0 0 1 0 0 1 0 0 0 0 0 0
104 1 0 0 1 0 0 0 0 0 0 0 0 0
109 4 0 0 0 0 0 1 0 0 0 0 0 0
112 4 0 0 1 0 0 1 0 0 0 0 0 0
113 1 0 0 1 0 0 0 0 0 0 0 0 0
116 5 1 1 1 0 0 2 1 1 0 0 0 0
117 2 1 1 1 0 0 1 0 0 0 0 0 0
121 5 0 0 1 0 0 2 0 0 0 0 0 0
122 3 0 0 2 0 0 0 0 0 0 0 0 0
123 3 1 1 2 0 0 0 0 0 0 0 0 0
124 2 0 0 1 0 0 1 0 0 0 0 0 0
128 5 0 0 1 0 0 1 0 0 0 0 0 0
129 5 1 1 2 0 0 1 0 0 0 0 0 0
130 3 0 0 2 1 1 0 0 0 0 0 0 0
132 2 0 0 0 0 0 0 0 0 1 0 0 0
133 4 0 0 0 0 0 1 0 0 0 0 0 0
147 2 0 0 0 0 0 0 0 0 1 1 0 0
151 7 2 2 0 0 0 4 0 0 0 0 0 0
152 4 0 0 0 0 0 1 0 0 0 0 0 0
154 3 0 0 0 0 0 0 0 0 1 1 0 0
158 4 1 1 0 0 0 1 0 0 1 0 0 0
161 1 0 0 0 0 0 0 0 0 0 0 0 0
164 2 0 0 0 0 0 0 0 0 1 1 0 0
166 2 0 0 0 0 0 1 0 0 0 0 0 0
170 1 0 0 0 0 0 0 0 0 0 0 0 0
171 1 1 1 1 1 1 0 0 0 0 0 0 0
178 4 1 1 1 0 0 1 0 0 0 0 0 0
180 5 0 0 1 0 0 1 0 0 0 0 0 0
186 4 0 0 0 0 0 1 0 0 0 0 0 0
188 5 1 1 2 0 0 1 0 0 0 0 0 0
190 4 0 0 0 0 0 2 0 0 0 0 0 0
195 5 0 0 0 0 0 1 0 0 1 1 0 0
244 3 0 0 1 0 0 0 0 0 0 0 0 0
245 3 0 0 1 0 0 0 0 0 1 1 0 0
261 4 1 1 0 0 0 0 0 0 1 0 0 0
277 2 0 0 0 0 0 0 0 0 1 1 0 0
281 2 0 0 0 0 0 1 0 0 0 0 0 0
282 1 1 1 1 0 0 0 0 0 0 0 0 0
285 4 0 0 1 0 0 1 0 0 0 0 0 0
289 2 0 0 0 0 0 0 0 0 1 0 0 0
293 3 1 1 0 0 0 0 0 0 0 0 0 0
294 2 0 0 0 0 0 0 0 0 1 0 0 0
296 1 0 0 0 0 0 0 0 0 0 0 0 0
297 1 0 0 0 0 0 0 0 0 0 0 0 0
300 2 0 0 0 0 0 1 0 0 0 0 0 0
302 1 0 0 0 0 0 1 0 0 0 0 0 0
305 2 0 0 0 0 0 0 0 0 1 1 0 0
356 5 1 1 0 0 0 0 0 0 1 1 0 0
360 3 1 1 1 0 0 0 0 0 1 1 0 0
369 1 0 0 0 0 0 1 0 0 0 0 0 0
370 8 0 0 7 0 0 0 0 0 0 0 0 0
fl=./elf/../sysdeps/x86/dl-cacheinfo.h
fn=get_common_cache_info.constprop.0
571 11 1 1 0 0 0 6 0 0 0 0 0 0
586 1 0 0 1 0 0 0 0 0 0 0 0 0
587 1 0 0 1 0 0 0 0 0 0 0 0 0
588 2 0 0 1 0 0 1 0 0 0 0 0 0
589 1 1 1 1 0 0 0 0 0 0 0 0 0
590 2 0 0 1 0 0 1 0 0 0 0 0 0
596 3 0 0 0 0 0 1 0 0 0 0 0 0
598 7 1 1 3 0 0 2 0 0 0 0 0 0
601 2 0 0 0 0 0 0 0 0 1 0 0 0
613 1 0 0 0 0 0 0 0 0 0 0 0 0
618 3 1 1 1 0 0 0 0 0 1 0 0 0
622 2 0 0 0 0 0 0 0 0 1 1 0 0
627 5 1 1 1 0 0 0 0 0 1 1 0 0
630 24 2 2 0 0 0 5 0 0 1 1 0 0
637 8 0 0 0 0 0 0 0 0 4 0 0 0
640 26 0 0 0 0 0 0 0 0 7 5 0 0
645 2 1 1 0 0 0 0 0 0 1 0 0 0
649 3 0 0 0 0 0 0 0 0 0 0 0 0
650 2 0 0 0 0 0 0 0 0 0 0 0 0
654 2 0 0 0 0 0 0 0 0 1 0 0 0
658 3 0 0 0 0 0 0 0 0 0 0 0 0
661 4 0 0 0 0 0 1 0 0 0 0 0 0
662 1 0 0 0 0 0 0 0 0 0 0 0 0
667 4 0 0 0 0 0 0 0 0 2 1 0 0
673 4 0 0 0 0 0 0 0 0 2 0 0 0
681 6 0 0 0 0 0 0 0 0 0 0 0 0
683 2 0 0 0 0 0 0 0 0 1 0 0 0
685 4 0 0 0 0 0 0 0 0 2 1 0 0
687 12 1 1 0 0 0 0 0 0 1 0 0 0
689 1 0 0 0 0 0 0 0 0 0 0 0 0
690 1 0 0 0 0 0 0 0 0 0 0 0 0
691 9 0 0 1 0 0 0 0 0 2 0 0 0
693 4 1 1 0 0 0 0 0 0 2 1 0 0
696 7 1 1 4 0 0 0 0 0 1 0 0 0
701 1 0 0 0 0 0 0 0 0 0 0 0 0
703 4 1 1 0 0 0 0 0 0 0 0 0 0
704 3 0 0 0 0 0 0 0 0 0 0 0 0
705 1 0 0 0 0 0 0 0 0 0 0 0 0
708 2 0 0 0 0 0 0 0 0 1 1 0 0
711 2 1 1 0 0 0 0 0 0 1 0 0 0
718 1 0 0 0 0 0 0 0 0 0 0 0 0
720 4 0 0 0 0 0 0 0 0 0 0 0 0
721 1 0 0 0 0 0 0 0 0 0 0 0 0
726 2 0 0 0 0 0 0 0 0 0 0 0 0
731 2 0 0 0 0 0 0 0 0 1 0 0 0
732 1 0 0 0 0 0 0 0 0 0 0 0 0
733 2 0 0 0 0 0 0 0 0 1 0 0 0
734 1 0 0 0 0 0 0 0 0 0 0 0 0
759 3 0 0 0 0 0 0 0 0 0 0 0 0
770 5 0 0 1 0 0 0 0 0 2 0 0 0
771 5 0 0 0 0 0 1 0 0 0 0 0 0
775 2 1 1 1 0 0 0 0 0 1 1 0 0
782 1 0 0 0 0 0 1 0 0 0 0 0 0
783 2 0 0 1 0 0 1 0 0 0 0 0 0
784 1 0 0 0 0 0 1 0 0 0 0 0 0
785 7 0 0 7 0 0 0 0 0 0 0 0 0
fn=handle_intel.constprop.0
250 108 0 0 0 0 0 72 0 0 0 0 0 0
255 24 1 1 12 0 0 0 0 0 12 0 0 0
261 12 0 0 0 0 0 12 0 0 0 0 0 0
262 12 0 0 0 0 0 12 0 0 0 0 0 0
267 48 0 0 0 0 0 12 0 0 0 0 0 0
271 24 0 0 0 0 0 0 0 0 12 11 0 0
276 24 1 1 0 0 0 0 0 0 0 0 0 0
279 60 0 0 0 0 0 12 0 0 0 0 0 0
281 24 0 0 0 0 0 0 0 0 12 0 0 0
284 60 1 1 0 0 0 12 0 0 0 0 0 0
286 24 0 0 0 0 0 0 0 0 12 12 0 0
305 96 0 0 84 0 0 0 0 0 0 0 0 0
fn=init_cpu_features.constprop.0
792 1 0 0 0 0 0 1 0 0 0 0 0 0
793 1 0 0 0 0 0 1 0 0 0 0 0 0
795 1 0 0 0 0 0 1 0 0 0 0 0 0
809 2 0 0 0 0 0 0 0 0 1 1 0 0
811 3 1 1 0 0 0 2 0 0 0 0 0 0
812 3 1 1 0 0 0 1 0 0 0 0 0 0
813 3 0 0 0 0 0 2 0 0 0 0 0 0
814 2 0 0 0 0 0 2 0 0 0 0 0 0
817 3 0 0 0 0 0 2 0 0 0 0 0 0
819 3 1 1 0 0 0 2 0 0 0 0 0 0
820 2 0 0 1 0 0 1 0 0 0 0 0 0
822 3 0 0 0 0 0 2 0 0 0 0 0 0
824 3 0 0 0 0 0 2 0 0 0 0 0 0
825 1 0 0 0 0 0 1 0 0 0 0 0 0
827 3 0 0 0 0 0 2 0 0 0 0 0 0
829 3 1 1 0 0 0 2 0 0 0 0 0 0
830 2 0 0 1 0 0 1 0 0 0 0 0 0
832 3 0 0 0 0 0 2 0 0 0 0 0 0
834 3 0 0 0 0 0 1 0 0 0 0 0 0
836 3 1 1 0 0 0 2 0 0 0 0 0 0
838 5 0 0 1 0 0 1 0 0 0 0 0 0
894 2 1 1 1 0 0 1 1 1 0 0 0 0
895 2 0 0 1 0 0 1 0 0 0 0 0 0
896 2 0 0 1 0 0 1 0 0 0 0 0 0
897 2 1 1 1 0 0 1 0 0 0 0 0 0
898 2 0 0 1 0 0 1 0 0 0 0 0 0
899 2 0 0 1 0 0 1 0 0 0 0 0 0
900 1 0 0 0 0 0 1 1 1 0 0 0 0
901 1 0 0 0 0 0 1 0 0 0 0 0 0
902 1 0 0 0 0 0 1 0 0 0 0 0 0
903 1 1 1 0 0 0 1 0 0 0 0 0 0
904 1 0 0 0 0 0 1 0 0 0 0 0 0
905 1 0 0 0 0 0 1 0 0 0 0 0 0
907 1 0 0 1 0 0 0 0 0 0 0 0 0
910 3 0 0 0 0 0 0 0 0 0 0 0 0
924 3 0 0 1 0 0 0 0 0 0 0 0 0
925 7 1 1 5 0 0 2 0 0 0 0 0 0
930 2 0 0 0 0 0 0 0 0 0 0 0 0
931 6 0 0 2 0 0 0 0 0 0 0 0 0
932 2 0 0 0 0 0 0 0 0 0 0 0 0
939 3 0 0 1 0 0 0 0 0 1 0 0 0
959 6 1 1 0 0 0 0 0 0 0 0 0 0
968 2 0 0 0 0 0 0 0 0 0 0 0 0
969 2 0 0 0 0 0 0 0 0 1 1 0 0
974 12 2 2 0 0 0 0 0 0 0 0 0 0
987 5 0 0 2 0 0 1 0 0 0 0 0 0
995 7 1 1 1 0 0 1 0 0 0 0 0 0
997 2 0 0 0 0 0 0 0 0 1 1 0 0
1000 5 0 0 1 0 0 1 0 0 0 0 0 0
1002 2 0 0 0 0 0 0 0 0 1 1 0 0
1005 5 1 1 1 0 0 1 0 0 0 0 0 0
1006 5 0 0 0 0 0 1 0 0 1 0 0 0
1010 6 0 0 1 0 0 2 0 0 0 0 0 0
1011 3 0 0 1 0 0 0 0 0 1 1 0 0
1017 7 0 0 1 0 0 3 0 0 0 0 0 0
1020 11 2 2 2 0 0 5 0 0 0 0 0 0
1021 10 1 1 2 0 0 5 0 0 0 0 0 0
1022 13 2 2 2 0 0 6 0 0 0 0 0 0
1025 10 0 0 1 0 0 5 0 0 0 0 0 0
1027 10 1 1 1 0 0 5 0 0 0 0 0 0
1040 4 0 0 3 0 0 0 0 0 0 0 0 0
1042 2 0 0 1 0 0 1 0 0 0 0 0 0
1043 2 1 1 1 0 0 1 0 0 0 0 0 0
1044 1 0 0 0 0 0 1 0 0 0 0 0 0
1045 1 0 0 0 0 0 1 0 0 0 0 0 0
1046 1 1 1 0 0 0 1 0 0 0 0 0 0
1047 1 0 0 0 0 0 1 0 0 0 0 0 0
fn=intel_check_word.constprop.0
110 648 1 1 324 6 6 0 0 0 324 6 0 0
113 324 0 0 0 0 0 0 0 0 324 41 0 0
119 216 0 0 0 0 0 96 0 0 0 0 0 0
123 48 1 1 0 0 0 0 0 0 24 0 0 0
125 12 0 0 0 0 0 0 0 0 0 0 0 0
129 120 1 1 0 0 0 0 0 0 0 0 0 0
131 144 0 0 0 0 0 0 0 0 72 2 0 0
133 60 0 0 0 0 0 0 0 0 0 0 0 0
135 120 0 0 0 0 0 0 0 0 60 0 0 0
143 120 1 1 0 0 0 0 0 0 60 2 0 0
152 12 0 0 0 0 0 0 0 0 0 0 0 0
155 138 1 1 0 0 0 0 0 0 12 5 0 0
158 99 0 0 0 0 0 0 0 0 33 1 0 0
162 58 0 0 0 0 0 0 0 0 0 0 0 0
164 189 1 1 0 0 0 0 0 0 35 6 0 0
167 120 0 0 0 0 0 0 0 0 20 3 0 0
168 72 0 0 0 0 0 0 0 0 18 4 0 0
169 60 0 0 0 0 0 0 0 0 15 3 0 0
170 48 0 0 0 0 0 0 0 0 12 4 0 0
172 11 1 1 0 0 0 0 0 0 0 0 0 0
174 22 0 0 0 0 0 0 0 0 11 4 0 0
176 12 1 1 0 0 0 0 0 0 0 0 0 0
177 16 0 0 0 0 0 0 0 0 0 0 0 0
178 12 0 0 0 0 0 0 0 0 0 0 0 0
179 20 0 0 0 0 0 0 0 0 0 0 0 0
180 14 1 1 0 0 0 0 0 0 7 3 0 0
181 12 0 0 0 0 0 0 0 0 0 0 0 0
183 8 0 0 0 0 0 0 0 0 4 0 0 0
184 12 0 0 0 0 0 0 0 0 0 0 0 0
187 21 0 0 0 0 0 0 0 0 0 0 0 0
190 2 0 0 0 0 0 0 0 0 0 0 0 0
194 192 0 0 0 0 0 0 0 0 48 6 0 0
202 168 1 1 48 0 0 0 0 0 0 0 0 0
216 48 0 0 0 0 0 0 0 0 0 0 0 0
246 144 0 0 120 0 0 0 0 0 0 0 0 0
fl=./elf/../sysdeps/x86/dl-get-cpu-features.c
fn=__x86_cpu_features
39 3 0 0 1 0 0 0 0 0 1 0 0 0
71 3 1 1 1 0 0 0 0 0 0 0 0 0
fn=_dl_x86_init_cpu_features
37 1 1 1 0 0 0 0 0 0 0 0 0 0
39 3 0 0 1 0 0 0 0 0 1 1 0 0
41 1 0 0 0 0 0 0 0 0 0 0 0 0
fl=./elf/../sysdeps/x86/dl-isa-level.h
fn=_dl_load_cache_lookup
28 6 0 0 2 0 0 2 0 0 0 0 0 0
fl=./elf/../sysdeps/x86/dl-procinfo.h
fn=_dl_load_cache_lookup
39 2 1 1 0 0 0 0 0 0 1 0 0 0
42 7 0 0 0 0 0 2 1 1 1 1 0 0
fl=./elf/../sysdeps/x86/dl-prop.h
fn=_dl_map_object_from_fd
149 8 0 0 4 0 0 0 0 0 4 4 0 0
fn=_dl_process_pt_gnu_property
95 16 2 1 0 0 0 0 0 0 4 0 0 0
102 8 0 0 0 0 0 0 0 0 4 0 0 0
115 8 0 0 0 0 0 0 0 0 4 3 0 0
118 4 0 0 4 1 1 0 0 0 0 0 0 0
252 4 1 1 0 0 0 0 0 0 2 0 0 0
253 2 0 0 0 0 0 2 0 0 0 0 0 0
254 4 0 0 0 0 0 0 0 0 2 0 0 0
255 2 0 0 0 0 0 2 0 0 0 0 0 0
257 16 0 0 4 0 0 4 0 0 0 0 0 0
258 1 0 0 1 0 0 0 0 0 0 0 0 0
260 4 0 0 2 0 0 0 0 0 0 0 0 0
fn=dl_main
36 2 0 0 2 0 0 0 0 0 0 0 0 0
37 15 1 1 0 0 0 0 0 0 5 3 0 0
40 7 0 0 7 0 0 0 0 0 0 0 0 0
49 22 1 1 7 0 0 0 0 0 8 1 0 0
53 18 0 0 4 0 0 0 0 0 3 0 0 0
71 2 0 0 1 0 0 1 0 0 0 0 0 0
149 4 0 0 2 0 0 0 0 0 2 2 0 0
235 4 1 1 4 0 0 0 0 0 0 0 0 0
236 2 0 0 2 0 0 0 0 0 0 0 0 0
fl=./elf/../sysdeps/x86/get-isa-level.h
fn=_dl_hwcaps_subdirs_active
30 4 0 0 0 0 0 0 0 0 1 1 0 0
31 1 0 0 1 0 0 0 0 0 0 0 0 0
32 3 0 0 1 0 0 0 0 0 1 0 0 0
36 3 0 0 0 0 0 0 0 0 1 0 0 0
39 4 1 1 1 0 0 0 0 0 1 0 0 0
40 4 0 0 1 0 0 0 0 0 1 0 0 0
45 4 0 0 0 0 0 0 0 0 1 0 0 0
48 2 0 0 0 0 0 0 0 0 1 0 0 0
51 5 0 0 1 0 0 0 0 0 1 0 0 0
53 4 1 1 0 0 0 0 0 0 1 0 0 0
54 2 0 0 0 0 0 0 0 0 1 0 0 0
55 2 0 0 0 0 0 0 0 0 1 0 0 0
58 4 0 0 0 0 0 0 0 0 1 1 0 0
fn=update_active.constprop.0
28 1 0 0 0 0 0 0 0 0 0 0 0 0
30 4 0 0 0 0 0 0 0 0 0 0 0 0
31 1 0 0 1 0 0 0 0 0 0 0 0 0
32 3 0 0 0 0 0 0 0 0 1 0 0 0
36 3 0 0 0 0 0 0 0 0 1 1 0 0
38 1 0 0 0 0 0 0 0 0 0 0 0 0
39 2 1 1 0 0 0 0 0 0 1 0 0 0
40 4 1 1 1 0 0 0 0 0 1 0 0 0
45 4 0 0 0 0 0 0 0 0 0 0 0 0
47 1 0 0 0 0 0 0 0 0 0 0 0 0
48 2 0 0 0 0 0 0 0 0 1 0 0 0
51 5 1 1 1 0 0 0 0 0 1 0 0 0
53 4 0 0 0 0 0 0 0 0 1 0 0 0
54 2 0 0 0 0 0 0 0 0 0 0 0 0
55 2 0 0 0 0 0 0 0 0 1 0 0 0
57 1 0 0 0 0 0 0 0 0 0 0 0 0
58 4 0 0 0 0 0 0 0 0 1 1 0 0
fl=./elf/../sysdeps/x86_64/dl-cet.c
fn=_dl_cet_check
275 2 0 0 0 0 0 0 0 0 1 0 0 0
276 1 0 0 0 0 0 1 0 0 0 0 0 0
277 2 0 0 1 0 0 0 0 0 0 0 0 0
282 4 0 0 1 0 0 1 0 0 0 0 0 0
283 3 0 0 0 0 0 1 0 0 0 0 0 0
285 2 0 0 1 0 0 1 0 0 0 0 0 0
293 5 1 1 1 0 0 0 0 0 1 1 0 0
361 8 1 1 0 0 0 4 0 0 0 0 0 0
363 6 1 1 5 0 0 0 0 0 0 0 0 0
fn=_dl_cet_setup_features
331 1 1 1 0 0 0 0 0 0 0 0 0 0
334 2 0 0 0 0 0 0 0 0 1 0 0 0
350 1 0 0 1 0 0 0 0 0 0 0 0 0
fl=./elf/../sysdeps/x86_64/dl-hwcaps-subdirs.c
fn=_dl_hwcaps_subdirs_active
29 1 1 1 0 0 0 0 0 0 0 0 0 0
38 3 0 0 0 0 0 0 0 0 0 0 0 0
43 1 0 0 0 0 0 0 0 0 0 0 0 0
48 1 0 0 0 0 0 0 0 0 0 0 0 0
52 1 0 0 1 0 0 0 0 0 0 0 0 0
fl=./elf/../sysdeps/x86_64/dl-irel.h
fn=_dl_fixup
32 3 1 1 0 0 0 3 0 0 0 0 3 3
fl=./elf/../sysdeps/x86_64/dl-machine.h
fn=_dl_fixup
234 10 0 0 0 0 0 10 0 0 0 0 0 0
fn=_dl_relocate_object
81 20 0 0 3 0 0 0 0 0 3 2 0 0
87 4 1 1 3 1 0 0 0 0 1 1 0 0
91 3 0 0 1 1 1 0 0 0 1 0 0 0
97 1 0 0 0 0 0 1 0 0 0 0 0 0
108 3 0 0 1 0 0 0 0 0 1 0 0 0
129 2 0 0 1 0 0 0 0 0 1 0 0 0
132 2 0 0 0 0 0 1 0 0 0 0 0 0
134 4 0 0 1 1 0 0 0 0 0 0 0 0
267 224 2 2 0 0 0 0 0 0 0 0 0 0
274 224 0 0 0 0 0 0 0 0 112 0 0 0
278 224 0 0 0 0 0 0 0 0 112 0 0 0
287 1185 3 3 462 0 0 0 0 0 251 25 0 0
290 246 1 1 92 0 0 0 0 0 0 0 0 0
291 94 0 0 0 0 0 0 0 0 47 14 0 0
292 428 0 0 0 0 0 0 0 0 107 1 0 0
317 672 1 1 112 3 3 0 0 0 112 0 112 18
320 16 0 0 0 0 0 16 0 0 0 0 0 0
323 16 0 0 0 0 0 0 0 0 0 0 0 0
393 20 1 1 0 0 0 12 0 0 0 0 0 0
400 48 1 1 16 0 0 0 0 0 16 0 0 0
402 64 0 0 16 0 0 0 0 0 16 0 0 0
406 48 1 1 32 3 3 0 0 0 0 0 0 0
415 32 0 0 16 0 0 16 5 5 0 0 0 0
423 192 1 1 97 0 0 95 18 17 0 0 0 0
436 7 0 0 0 0 0 4 0 0 1 0 0 0
460 3 1 1 1 0 0 0 0 0 1 0 0 0
464 4 0 0 1 0 0 2 0 0 0 0 0 0
465 4 1 1 2 0 0 0 0 0 0 0 0 0
466 5 0 0 3 0 0 0 0 0 1 0 0 0
467 2 1 1 0 0 0 0 0 0 1 1 0 0
476 94 1 1 94 0 0 0 0 0 0 0 0 0
478 47 0 0 0 0 0 47 0 0 0 0 47 47
479 47 0 0 0 0 0 47 1 0 0 0 0 0
498 9 0 0 3 0 0 0 0 0 0 0 0 0
499 3 0 0 0 0 0 3 2 0 0 0 0 0
503 6 0 0 0 0 0 0 0 0 3 0 0 0
504 6 0 0 3 0 0 0 0 0 0 0 0 0
514 34 0 0 17 0 0 0 0 0 0 0 0 0
518 34 0 0 0 0 0 0 0 0 17 0 0 0
521 51 0 0 17 0 0 0 0 0 17 0 0 0
522 17 0 0 17 2 2 0 0 0 0 0 0 0
730 8 0 0 0 0 0 0 0 0 4 2 0 0
734 4 1 1 2 0 0 0 0 0 2 0 0 0
fn=_dl_start
55 1 0 0 0 0 0 0 0 0 0 0 0 0
278 9 0 0 0 0 0 0 0 0 3 0 0 0
287 27 0 0 9 3 3 1 0 0 3 0 0 0
290 6 0 0 3 0 0 0 0 0 0 0 0 0
291 12 0 0 0 0 0 0 0 0 3 0 0 0
317 8 0 0 0 0 0 0 0 0 4 3 0 0
323 2 0 0 0 0 0 2 1 1 0 0 0 0
fn=_dl_sysdep_start
220 1 0 0 0 0 0 1 0 0 0 0 0 0
fl=./elf/../sysdeps/x86_64/dl-runtime.h
fn=_dl_fixup
28 10 0 0 0 0 0 0 0 0 0 0 0 0
fl=./elf/../sysdeps/x86_64/dl-trampoline.h
fn=_dl_runtime_resolve_xsave
71 10 1 1 0 0 0 0 0 0 0 0 0 0
76 10 0 0 0 0 0 10 0 0 0 0 0 0
79 10 0 0 0 0 0 0 0 0 0 0 0 0
81 10 0 0 0 0 0 0 0 0 0 0 0 0
91 10 0 0 10 3 0 0 0 0 0 0 0 0
97 10 0 0 0 0 0 10 3 0 0 0 0 0
98 10 0 0 0 0 0 10 0 0 0 0 0 0
99 10 1 1 0 0 0 10 0 0 0 0 0 0
100 10 0 0 0 0 0 10 0 0 0 0 0 0
101 10 0 0 0 0 0 10 0 0 0 0 0 0
102 10 0 0 0 0 0 10 0 0 0 0 0 0
103 10 0 0 0 0 0 10 0 0 0 0 0 0
107 10 0 0 0 0 0 0 0 0 0 0 0 0
108 10 0 0 0 0 0 0 0 0 0 0 0 0
111 10 0 0 0 0 0 10 3 0 0 0 0 0
112 10 0 0 0 0 0 10 0 0 0 0 0 0
114 10 0 0 0 0 0 10 0 0 0 0 0 0
115 10 0 0 0 0 0 10 0 0 0 0 0 0
116 10 1 1 0 0 0 10 0 0 0 0 0 0
117 10 0 0 0 0 0 10 0 0 0 0 0 0
118 10 0 0 0 0 0 10 0 0 0 0 0 0
119 10 0 0 0 0 0 10 0 0 0 0 0 0
121 10 0 0 10 0 0 330 22 0 0 0 0 0
128 10 0 0 10 0 0 0 0 0 0 0 0 0
129 10 0 0 10 0 0 0 0 0 0 0 0 0
130 10 0 0 0 0 0 10 3 0 0 0 0 0
131 10 0 0 0 0 0 0 0 0 0 0 0 0
136 10 0 0 0 0 0 0 0 0 0 0 0 0
137 10 0 0 0 0 0 0 0 0 0 0 0 0
138 10 0 0 360 0 0 0 0 0 0 0 0 0
140 10 1 1 10 0 0 0 0 0 0 0 0 0
141 10 0 0 10 0 0 0 0 0 0 0 0 0
142 10 0 0 10 0 0 0 0 0 0 0 0 0
143 10 0 0 10 0 0 0 0 0 0 0 0 0
144 10 0 0 10 0 0 0 0 0 0 0 0 0
145 10 0 0 10 0 0 0 0 0 0 0 0 0
146 10 0 0 10 0 0 0 0 0 0 0 0 0
148 10 0 0 0 0 0 0 0 0 0 0 0 0
150 10 0 0 10 0 0 0 0 0 0 0 0 0
154 10 0 0 0 0 0 0 0 0 0 0 0 0
156 10 0 0 0 0 0 0 0 0 0 0 10 10
fl=./elf/./dl-find_object.h
fn=_dl_find_object_from_map
95 8 1 1 4 1 0 4 3 2 0 0 0 0
96 8 1 1 4 0 0 4 0 0 0 0 0 0
97 4 0 0 0 0 0 4 0 0 0 0 0 0
103 20 0 0 8 3 0 0 0 0 0 0 0 0
104 119 0 0 0 0 0 0 0 0 41 4 0 0
105 82 1 1 41 34 8 0 0 0 41 18 0 0
107 12 0 0 8 1 0 4 0 0 0 0 0 0
112 4 0 0 4 0 0 0 0 0 0 0 0 0
fl=./elf/./dl-hwcaps.h
fn=_dl_important_hwcaps
43 9 1 1 0 0 0 6 0 0 0 0 0 0
45 7 0 0 0 0 0 6 0 0 0 0 0 0
46 1 0 0 0 0 0 0 0 0 0 0 0 0
77 8 0 0 3 0 0 5 0 0 0 0 0 0
78 8 1 1 3 0 0 5 0 0 0 0 0 0
79 7 2 2 0 0 0 2 0 0 0 0 0 0
fl=./elf/./dl-load.h
fn=_dl_map_object_from_fd
91 16 0 0 8 0 0 0 0 0 8 1 0 0
92 4 1 1 2 0 0 0 0 0 1 0 0 0
93 5 1 1 1 0 0 0 0 0 1 0 0 0
94 4 0 0 1 0 0 0 0 0 0 0 0 0
96 4 0 0 0 0 0 1 0 0 0 0 0 0
fl=./elf/./dl-main.h
fn=dl_main
109 5 1 1 4 0 0 1 0 0 0 0 0 0
fl=./elf/./dl-map-segments.h
fn=_dl_map_object_from_fd
28 6 0 0 2 0 0 0 0 0 2 0 0 0
29 18 1 1 6 0 0 4 0 0 0 0 0 0
81 2 0 0 2 0 0 0 0 0 0 0 0 0
101 2 0 0 0 0 0 2 0 0 0 0 0 0
102 6 0 0 2 0 0 0 0 0 2 0 0 0
105 6 0 0 2 0 0 2 0 0 0 0 0 0
106 4 0 0 0 0 0 2 0 0 0 0 0 0
108 4 1 1 2 0 0 0 0 0 2 2 0 0
125 2 1 1 2 0 0 0 0 0 0 0 0 0
135 48 1 1 8 0 0 0 0 0 8 2 0 0
137 24 0 0 12 0 0 0 0 0 6 0 0 0
139 60 0 0 24 0 0 6 0 0 6 2 0 0
149 32 0 0 16 0 0 0 0 0 8 7 0 0
155 4 1 1 2 0 0 0 0 0 0 0 0 0
156 2 0 0 0 0 0 0 0 0 0 0 0 0
157 6 0 0 2 0 0 0 0 0 0 0 0 0
158 4 0 0 0 0 0 0 0 0 0 0 0 0
160 4 0 0 0 0 0 0 0 0 0 0 0 0
165 4 0 0 0 0 0 0 0 0 2 0 0 0
168 6 0 0 2 0 0 0 0 0 2 0 0 0
176 14 0 0 2 0 0 4 0 0 0 0 0 0
182 4 0 0 0 0 0 0 0 0 2 1 0 0
186 8 2 2 1 0 0 1 0 0 0 0 0 0
189 2 0 0 0 0 0 0 0 0 1 1 0 0
194 8 1 1 0 0 0 0 0 0 0 0 0 0
fl=./elf/./dl-sym-post.h
fn=lookup_malloc_symbol
41 8 0 0 0 0 0 0 0 0 4 0 0 0
53 12 0 0 4 0 0 0 0 0 4 0 0 0
fl=./elf/./dl-tunable-types.h
fn=__GI___tunable_set_val
84 5 0 0 0 0 0 0 0 0 0 0 0 0
fl=./elf/./elf/dl-audit.c
fn=_dl_audit_activity_map
29 7 1 1 0 0 0 5 0 0 0 0 0 0
30 1 0 0 1 0 0 0 0 0 0 0 0 0
31 3 0 0 1 0 0 0 0 0 1 1 0 0
37 6 1 1 6 0 0 0 0 0 0 0 0 0
fn=_dl_audit_activity_nsid
41 3 1 1 0 0 0 0 0 0 0 0 0 0
45 12 0 0 3 0 0 0 0 0 0 0 0 0
46 3 0 0 3 1 0 0 0 0 0 0 0 0
47 15 1 1 3 0 0 0 0 0 6 1 0 0
fn=_dl_audit_objclose
97 4 1 1 0 0 0 0 0 0 0 0 0 0
98 16 0 0 8 0 0 0 0 0 4 2 0 0
fn=_dl_audit_objopen
77 2 1 1 0 0 0 0 0 0 0 0 0 0
78 8 0 0 4 0 0 0 0 0 2 0 0 0
fn=_dl_audit_preinit
118 1 1 1 0 0 0 0 0 0 0 0 0 0
119 4 0 0 2 0 0 0 0 0 1 0 0 0
fl=./elf/./elf/dl-cache.c
fn=_dl_cache_libcmp
357 18 1 1 0 0 0 0 0 0 0 0 0 0
358 99 1 1 9 0 0 0 0 0 45 8 0 0
360 132 0 0 0 0 0 0 0 0 44 1 0 0
362 46 1 1 0 0 0 0 0 0 1 0 0 0
368 4 0 0 0 0 0 0 0 0 0 0 0 0
369 3 0 0 0 0 0 0 0 0 0 0 0 0
370 39 0 0 36 0 0 0 0 0 1 1 0 0
372 39 0 0 36 0 0 0 0 0 1 1 0 0
374 2 0 0 0 0 0 0 0 0 1 1 0 0
380 86 0 0 0 0 0 0 0 0 43 0 0 0
382 86 0 0 0 0 0 0 0 0 43 8 0 0
383 24 1 1 8 0 0 0 0 0 0 0 0 0
386 35 0 0 0 0 0 0 0 0 0 0 0 0
387 35 0 0 0 0 0 0 0 0 0 0 0 0
390 12 0 0 10 9 9 0 0 0 0 0 0 0
fn=_dl_load_cache_lookup
191 16 0 0 0 0 0 0 0 0 0 0 0 0
205 1 0 0 1 0 0 0 0 0 0 0 0 0
208 8 2 2 1 0 0 3 0 0 0 0 0 0
210 10 0 0 3 0 0 3 0 0 0 0 0 0
211 2 1 1 0 0 0 0 0 0 0 0 0 0
213 5 0 0 0 0 0 1 0 0 0 0 0 0
220 19 0 0 1 0 0 0 0 0 8 3 0 0
222 50 1 1 2 0 0 3 0 0 0 0 0 0
223 16 0 0 8 7 7 0 0 0 0 0 0 0
227 24 1 1 8 0 0 0 0 0 8 0 0 0
231 24 0 0 8 0 0 8 0 0 0 0 0 0
232 16 0 0 0 0 0 0 0 0 8 1 0 0
240 4 0 0 0 0 0 0 0 0 2 1 0 0
242 2 0 0 1 0 0 0 0 0 0 0 0 0
245 2 0 0 0 0 0 0 0 0 1 0 0 0
247 6 0 0 0 0 0 1 0 0 0 0 0 0
249 1 0 0 0 0 0 0 0 0 0 0 0 0
259 2 0 0 1 0 0 0 0 0 1 1 0 0
269 3 1 1 2 0 0 0 0 0 1 0 0 0
270 4 0 0 1 0 0 0 0 0 1 0 0 0
286 7 1 1 0 0 0 0 0 0 1 0 0 0
295 2 0 0 1 0 0 0 0 0 1 0 0 0
298 2 0 0 1 0 0 0 0 0 1 0 0 0
301 1 0 0 0 0 0 0 0 0 0 0 0 0
302 3 1 1 1 0 0 0 0 0 1 1 0 0
330 2 0 0 0 0 0 1 0 0 0 0 0 0
346 7 0 0 0 0 0 0 0 0 7 5 0 0
347 4 1 1 0 0 0 0 0 0 0 0 0 0
349 3 0 0 0 0 0 0 0 0 0 0 0 0
403 10 1 1 0 0 0 7 0 0 0 0 0 0
405 2 0 0 1 0 0 0 0 0 1 0 0 0
408 3 1 1 1 0 0 0 0 0 1 1 0 0
411 5 1 1 0 0 0 1 0 0 0 0 0 0
419 5 1 1 1 0 0 0 0 0 2 0 0 0
420 8 1 1 3 1 1 0 0 0 2 1 0 0
423 6 1 1 0 0 0 0 0 0 1 0 0 0
424 1 0 0 1 0 0 0 0 0 0 0 0 0
431 1 1 1 0 0 0 1 0 0 0 0 0 0
432 2 0 0 0 0 0 1 0 0 0 0 0 0
482 3 0 0 1 0 0 0 0 0 1 0 0 0
485 3 0 0 1 0 0 1 0 0 0 0 0 0
500 2 0 0 1 0 0 0 0 0 1 0 0 0
512 3 0 0 1 0 0 1 0 0 0 0 0 0
513 15 1 1 1 0 0 0 0 0 2 1 0 0
514 4 1 1 1 0 0 1 0 0 0 0 0 0
515 1 0 0 0 0 0 1 0 0 0 0 0 0
516 8 0 0 7 0 0 0 0 0 0 0 0 0
fn=_dl_unload_cache
525 3 1 1 0 0 0 1 0 0 0 0 0 0
526 4 0 0 1 1 0 0 0 0 1 1 0 0
528 2 0 0 1 0 0 1 0 0 0 0 0 0
529 1 0 0 0 0 0 1 0 0 0 0 0 0
533 1 0 0 0 0 0 1 0 0 0 0 0 0
535 2 1 1 2 0 0 0 0 0 0 0 0 0
fl=./elf/./elf/dl-call-libc-early-init.c
fn=_dl_call_libc_early_init
27 7 1 1 0 0 0 3 0 0 0 0 0 0
29 2 0 0 0 0 0 0 0 0 1 0 0 0
33 5 0 0 0 0 0 1 0 0 0 0 0 0
37 2 0 0 0 0 0 0 0 0 1 0 0 0
39 4 1 1 3 0 0 0 0 0 1 0 0 0
40 2 0 0 0 0 0 0 0 0 0 0 1 1
41 3 0 0 3 0 0 0 0 0 0 0 0 0
fl=./elf/./elf/dl-call_fini.c
fn=_dl_call_fini
24 32 1 1 0 0 0 16 0 0 0 0 0 0
28 8 0 0 4 0 0 0 0 0 4 0 0 0
32 4 1 1 4 0 0 0 0 0 0 0 0 0
34 4 0 0 4 4 0 0 0 0 0 0 0 0
35 8 0 0 0 0 0 0 0 0 4 2 0 0
38 4 0 0 4 2 0 0 0 0 0 0 0 0
39 6 0 0 4 1 0 0 0 0 0 0 0 0
42 16 0 0 0 0 0 0 0 0 4 0 0 0
43 2 0 0 2 2 0 2 0 0 0 0 2 2
47 4 1 1 4 4 0 0 0 0 0 0 0 0
48 8 0 0 0 0 0 0 0 0 4 2 0 0
49 6 0 0 4 0 0 0 0 0 0 0 2 2
50 22 0 0 18 0 0 0 0 0 0 0 0 0
fl=./elf/./elf/dl-catch.c
fn=_dl_catch_error
254 12 1 1 0 0 0 4 0 0 0 0 0 0
256 2 0 0 0 0 0 1 0 0 0 0 0 0
257 2 0 0 1 0 0 1 0 0 0 0 0 0
258 2 0 0 1 0 0 1 0 0 0 0 0 0
259 2 0 0 1 0 0 1 0 0 0 0 0 0
261 6 1 1 5 0 0 0 0 0 0 0 0 0
fn=_dl_catch_exception
58 9 0 0 3 1 1 0 0 0 3 2 0 0
59 6 1 1 3 0 0 3 0 0 0 0 0 0
69 6 0 0 3 0 0 0 0 0 3 0 0 0
70 15 0 0 3 0 0 6 0 0 0 0 0 0
204 24 1 1 0 0 0 15 3 3 0 0 0 0
207 6 0 0 0 0 0 0 0 0 3 0 0 0
214 3 0 0 0 0 0 0 0 0 0 0 0 0
228 3 1 1 0 0 0 3 1 1 0 0 0 0
229 6 0 0 0 0 0 3 0 0 0 0 0 0
235 18 1 1 0 0 0 3 0 0 3 0 0 0
237 9 0 0 6 0 0 3 0 0 0 0 3 2
239 12 0 0 3 0 0 6 0 0 0 0 0 0
248 9 0 0 9 0 0 0 0 0 0 0 0 0
fn=_dl_receive_error
58 2 1 1 1 0 0 0 0 0 1 0 0 0
59 1 0 0 1 0 0 0 0 0 0 0 0 0
69 2 0 0 1 0 0 0 0 0 1 0 0 0
70 2 0 0 0 0 0 2 0 0 0 0 0 0
186 7 1 1 0 0 0 3 0 0 0 0 0 0
188 1 0 0 1 0 0 0 0 0 0 0 0 0
192 1 0 0 0 0 0 1 0 0 0 0 0 0
194 1 0 0 0 0 0 1 0 0 0 0 1 1
197 1 0 0 0 0 0 1 0 0 0 0 0 0
198 4 0 0 4 0 0 0 0 0 0 0 0 0
fl=./elf/./elf/dl-debug.c
fn=_dl_debug_initialize
56 3 1 1 0 0 0 0 0 0 0 0 0 0
57 1 1 1 0 0 0 0 0 0 0 0 0 0
59 2 0 0 0 0 0 0 0 0 1 0 0 0
61 2 0 0 0 0 0 0 0 0 0 0 0 0
63 3 0 0 1 1 1 0 0 0 1 0 0 0
64 1 0 0 0 0 0 1 0 0 0 0 0 0
85 3 0 0 1 0 0 0 0 0 1 1 0 0
90 3 1 1 1 1 1 1 0 0 0 0 0 0
91 2 0 0 0 0 0 1 0 0 0 0 0 0
92 1 0 0 0 0 0 1 0 0 0 0 0 0
95 3 0 0 2 0 0 0 0 0 1 1 0 0
96 6 1 1 1 0 0 1 0 0 0 0 0 0
99 2 0 0 0 0 0 0 0 0 1 1 0 0
107 2 0 0 1 0 0 0 0 0 0 0 0 0
fn=_dl_debug_state
116 2 1 1 0 0 0 0 0 0 0 0 0 0
117 2 0 0 2 0 0 0 0 0 0 0 0 0
fn=_dl_debug_update
38 3 0 0 0 0 0 0 0 0 0 0 0 0
40 6 0 0 0 0 0 0 0 0 3 3 0 0
41 3 0 0 0 0 0 0 0 0 0 0 0 0
44 6 1 1 3 1 0 0 0 0 3 0 0 0
48 3 0 0 3 0 0 0 0 0 0 0 0 0
fl=./elf/./elf/dl-deps.c
fn=_dl_map_object_deps
128 3 0 0 0 0 0 2 1 1 0 0 0 0
129 5 1 1 0 0 0 2 0 0 0 0 0 0
130 6 0 0 0 0 0 1 0 0 0 0 0 0
132 3 0 0 0 0 0 1 0 0 0 0 0 0
136 8 1 1 2 0 0 2 0 0 0 0 0 0
143 13 1 1 0 0 0 8 1 1 0 0 0 0
144 20 2 2 1 1 1 0 0 0 2 2 0 0
160 9 1 1 0 0 0 0 0 0 2 0 0 0
161 1 0 0 1 0 0 0 0 0 0 0 0 0
164 1 1 1 0 0 0 1 0 0 0 0 0 0
182 1 0 0 1 0 0 0 0 0 0 0 0 0
183 6 0 0 4 0 0 0 0 0 0 0 0 0
184 1 0 0 0 0 0 1 0 0 0 0 0 0
188 9 0 0 4 0 0 1 0 0 0 0 0 0
190 12 1 1 0 0 0 6 0 0 0 0 0 0
193 4 0 0 0 0 0 4 0 0 0 0 0 0
197 12 1 1 4 0 0 0 0 0 4 4 0 0
198 25 1 1 11 0 0 0 0 0 11 2 0 0
201 8 0 0 2 0 0 0 0 0 2 0 0 0
205 4 0 0 2 0 0 0 0 0 0 0 0 0
208 16 0 0 8 1 1 0 0 0 8 3 0 0
210 8 1 1 6 0 0 0 0 0 2 2 0 0
215 2 1 1 0 0 0 2 0 0 0 0 0 0
216 2 0 0 0 0 0 2 1 1 0 0 0 0
217 4 0 0 2 0 0 2 0 0 0 0 0 0
218 4 0 0 2 0 0 2 0 0 0 0 0 0
219 2 0 0 0 0 0 2 0 0 0 0 0 0
221 226 0 0 61 0 0 0 0 0 55 9 0 0
222 106 0 0 0 0 0 0 0 0 53 6 0 0
228 23 1 1 4 0 0 6 0 0 2 2 0 0
230 2 0 0 0 0 0 2 0 0 0 0 0 0
232 8 1 1 0 0 0 2 0 0 0 0 0 0
233 4 0 0 2 0 0 0 0 0 2 0 0 0
242 2 0 0 2 0 0 0 0 0 0 0 0 0
244 4 1 1 2 0 0 0 0 0 2 0 0 0
249 14 1 1 2 0 0 0 0 0 2 2 0 0
252 2 0 0 0 0 0 2 0 0 0 0 0 0
253 2 0 0 0 0 0 2 0 0 0 0 0 0
254 2 0 0 0 0 0 2 0 0 0 0 0 0
255 4 0 0 2 0 0 2 0 0 0 0 0 0
256 2 0 0 0 0 0 2 0 0 0 0 0 0
257 2 0 0 2 0 0 0 0 0 0 0 0 0
259 8 0 0 2 0 0 2 0 0 0 0 0 0
263 6 0 0 2 0 0 0 0 0 2 1 0 0
264 3 0 0 0 0 0 1 0 0 0 0 0 0
266 153 1 1 0 0 0 0 0 0 51 5 0 0
417 8 1 1 0 0 0 0 0 0 4 2 0 0
419 10 0 0 0 0 0 6 0 0 0 0 0 0
422 4 0 0 0 0 0 0 0 0 0 0 0 0
423 8 1 1 4 0 0 0 0 0 2 0 0 0
429 2 0 0 0 0 0 2 1 1 0 0 0 0
430 10 0 0 0 0 0 4 0 0 0 0 0 0
431 10 0 0 0 0 0 2 0 0 0 0 0 0
434 2 0 0 0 0 0 2 0 0 0 0 0 0
435 4 0 0 4 0 0 0 0 0 0 0 0 0
439 12 1 1 4 0 0 0 0 0 4 4 0 0
441 4 0 0 4 0 0 0 0 0 0 0 0 0
442 17 0 0 3 0 0 0 0 0 7 6 0 0
448 5 1 1 1 0 0 0 0 0 1 0 0 0
449 1 0 0 0 0 0 1 0 0 0 0 0 0
452 4 0 0 1 0 0 1 0 0 1 1 0 0
463 5 1 1 1 0 0 2 0 0 0 0 0 0
465 4 0 0 2 0 0 0 0 0 1 0 0 0
470 5 1 1 2 0 0 1 0 0 0 0 0 0
471 1 0 0 0 0 0 1 0 0 0 0 0 0
472 2 0 0 0 0 0 0 0 0 0 0 0 0
474 16 0 0 4 0 0 0 0 0 5 2 0 0
478 4 1 1 4 0 0 0 0 0 0 0 0 0
483 8 0 0 0 0 0 0 0 0 4 3 0 0
485 12 0 0 0 0 0 4 1 1 0 0 0 0
490 4 0 0 4 0 0 0 0 0 0 0 0 0
494 2 1 1 0 0 0 0 0 0 0 0 0 0
495 3 0 0 1 0 0 0 0 0 1 1 0 0
532 2 1 1 0 0 0 0 0 0 1 0 0 0
533 2 0 0 0 0 0 0 0 0 1 1 0 0
547 9 1 1 2 0 0 3 0 0 0 0 0 0
552 9 1 1 1 0 0 2 0 0 0 0 0 0
553 5 1 1 2 0 0 1 0 0 0 0 0 0
557 1 0 0 0 0 0 1 0 0 0 0 0 0
559 2 0 0 1 0 0 1 0 0 0 0 0 0
560 1 0 0 1 0 0 0 0 0 0 0 0 0
561 3 0 0 1 0 0 0 0 0 1 1 0 0
568 3 1 1 1 0 0 0 0 0 1 1 0 0
571 2 0 0 0 0 0 0 0 0 1 0 0 0
574 8 0 0 7 0 0 0 0 0 0 0 0 0
fn=openaux
61 12 0 0 0 0 0 4 0 0 0 0 0 0
64 22 0 0 8 0 0 4 1 1 0 0 0 0
65 2 0 0 2 0 0 0 0 0 0 0 0 0
68 2 1 1 2 0 0 0 0 0 0 0 0 0
69 6 0 0 6 0 0 0 0 0 0 0 0 0
fl=./elf/./elf/dl-environ.c
fn=_dl_next_ld_env_entry
28 3 1 1 0 0 0 0 0 0 0 0 0 0
29 3 0 0 3 0 0 0 0 0 0 0 0 0
32 109 0 0 37 0 0 0 0 0 36 2 0 0
34 70 0 0 35 0 0 0 0 0 35 18 0 0
35 18 0 0 9 0 0 0 0 0 9 5 0 0
37 2 0 0 0 0 0 0 0 0 0 0 0 0
40 4 0 0 0 0 0 2 0 0 0 0 0 0
42 2 0 0 2 0 0 0 0 0 0 0 0 0
45 33 0 0 0 0 0 0 0 0 0 0 0 0
fl=./elf/./elf/dl-find_object.c
fn=_dl_find_object_init
561 5 1 1 0 0 0 3 0 0 0 0 0 0
564 1 0 0 1 1 0 0 0 0 0 0 0 0
566 2 0 0 1 0 0 0 0 0 1 1 0 0
567 3 1 1 0 0 0 1 0 0 0 0 0 0
579 2 1 1 0 0 0 1 0 0 0 0 0 0
580 3 0 0 1 0 0 1 0 0 0 0 0 0
582 2 0 0 0 0 0 0 0 0 1 0 0 0
585 2 0 0 0 0 0 0 0 0 1 0 0 0
590 1 1 1 0 0 0 1 0 0 0 0 0 0
591 1 0 0 0 0 0 1 0 0 0 0 0 0
594 3 0 0 1 0 0 0 0 0 1 1 0 0
596 2 1 1 0 0 0 1 0 0 0 0 0 0
599 6 1 1 3 0 0 1 0 0 0 0 0 0
601 1 0 0 0 0 0 0 0 0 0 0 0 0
604 4 0 0 4 0 0 0 0 0 0 0 0 0
fn=_dlfo_process_initial
474 8 0 0 0 0 0 4 0 0 0 0 0 0
475 2 0 0 2 0 0 0 0 0 0 0 0 0
477 2 0 0 0 0 0 0 0 0 0 0 0 0
478 4 1 1 2 0 0 0 0 0 2 0 0 0
504 24 1 1 4 1 0 0 0 0 4 0 0 0
505 22 0 0 2 0 0 0 0 0 10 4 0 0
506 8 0 0 8 0 0 0 0 0 0 0 0 0
508 28 1 1 6 0 0 0 0 0 14 2 0 0
511 24 0 0 6 0 0 0 0 0 6 4 0 0
513 18 1 1 6 1 1 0 0 0 6 3 0 0
515 6 0 0 0 0 0 3 0 0 0 0 0 0
516 6 0 0 0 0 0 0 0 0 0 0 0 0
517 12 0 0 0 0 0 0 0 0 0 0 0 0
529 2 0 0 0 0 0 2 0 0 0 0 0 0
531 8 0 0 6 0 0 0 0 0 0 0 0 0
fn=_dlfo_sort_mappings
536 1 1 1 0 0 0 0 0 0 0 0 0 0
537 2 0 0 0 0 0 0 0 0 1 0 0 0
540 12 1 1 2 0 0 0 0 0 2 1 0 0
544 4 0 0 2 0 0 0 0 0 0 0 0 0
545 19 1 1 0 0 0 0 0 0 5 1 0 0
546 15 0 0 3 0 0 0 0 0 3 1 0 0
548 2 0 0 0 0 0 0 0 0 0 0 0 0
549 2 0 0 0 0 0 0 0 0 0 0 0 0
553 8 0 0 4 0 0 0 0 0 0 0 0 0
554 10 0 0 4 0 0 4 0 0 0 0 0 0
555 4 0 0 0 0 0 4 0 0 0 0 0 0
557 1 0 0 1 0 0 0 0 0 0 0 0 0
fl=./elf/./elf/dl-fini.c
fn=_dl_fini
26 11 1 1 0 0 0 7 0 0 0 0 0 0
43 1 0 0 0 0 0 0 0 0 0 0 0 0
46 13 1 1 1 1 0 0 0 0 2 1 0 0
49 2 0 0 1 1 0 1 0 0 0 0 1 1
51 1 1 1 1 1 0 0 0 0 0 0 0 0
54 2 0 0 0 0 0 0 0 0 1 0 0 0
56 5 0 0 2 1 0 0 0 0 1 0 0 0
61 1 0 0 0 0 0 1 0 0 0 0 0 0
63 4 0 0 0 0 0 2 0 0 0 0 0 0
68 18 3 3 2 0 0 0 0 0 2 2 0 0
73 16 0 0 5 1 0 0 0 0 5 4 0 0
75 8 0 0 4 4 0 0 0 0 4 0 0 0
77 8 0 0 0 0 0 0 0 0 4 0 0 0
79 8 0 0 0 0 0 4 0 0 0 0 0 0
80 4 0 0 0 0 0 4 4 0 0 0 0 0
81 4 0 0 0 0 0 0 0 0 0 0 0 0
85 4 1 1 4 3 0 0 0 0 0 0 0 0
87 6 0 0 0 0 0 0 0 0 1 0 0 0
88 6 0 0 0 0 0 0 0 0 1 1 0 0
94 6 1 1 0 0 0 2 0 0 0 0 0 0
103 2 0 0 1 0 0 1 0 0 0 0 1 1
108 26 1 1 9 0 0 0 0 0 5 3 0 0
110 4 0 0 4 0 0 0 0 0 0 0 0 0
112 8 0 0 4 0 0 0 0 0 4 4 0 0
114 16 1 1 0 0 0 12 0 0 0 0 0 0
117 8 0 0 0 0 0 4 0 0 0 0 0 0
122 4 0 0 4 0 0 0 0 0 0 0 0 0
126 5 0 0 1 0 0 1 0 0 0 0 0 0
132 6 0 0 2 0 0 1 0 0 2 1 0 0
134 1 0 0 0 0 0 0 0 0 0 0 0 0
138 2 0 0 1 0 0 0 0 0 1 0 0 0
145 8 0 0 7 0 0 0 0 0 0 0 0 0
fl=./elf/./elf/dl-hwcaps.c
fn=_dl_important_hwcaps
52 16 1 1 0 0 0 4 0 0 4 2 0 0
54 2 0 0 0 0 0 0 0 0 0 0 0 0
55 4 0 0 2 0 0 0 0 0 0 0 0 0
56 2 0 0 0 0 0 0 0 0 0 0 0 0
57 2 0 0 0 0 0 0 0 0 0 0 0 0
77 16 2 2 0 0 0 4 0 0 4 2 0 0
80 16 0 0 4 0 0 6 1 1 0 0 0 0
84 2 0 0 0 0 0 2 0 0 0 0 0 0
86 6 0 0 2 0 0 2 0 0 0 0 0 0
87 2 0 0 0 0 0 0 0 0 0 0 0 0
88 2 0 0 0 0 0 0 0 0 0 0 0 0
100 5 0 0 0 0 0 3 1 1 0 0 0 0
102 3 1 1 1 0 0 0 0 0 1 0 0 0
105 1 0 0 0 0 0 1 0 0 0 0 0 0
108 1 0 0 0 0 0 0 0 0 0 0 0 0
112 5 1 1 0 0 0 2 0 0 1 0 0 0
125 12 0 0 0 0 0 3 0 0 3 2 0 0
127 10 0 0 4 0 0 2 1 1 0 0 0 0
128 4 0 0 2 0 0 2 0 0 0 0 0 0
129 4 0 0 0 0 0 2 0 0 0 0 0 0
130 2 0 0 0 0 0 0 0 0 0 0 0 0
133 3 1 1 1 0 0 0 0 0 1 0 0 0
142 13 0 0 7 0 0 1 0 0 2 0 0 0
143 11 0 0 0 0 0 1 0 0 1 1 0 0
145 8 1 1 1 0 0 5 0 0 0 0 0 0
151 5 1 1 2 0 0 0 0 0 0 0 0 0
155 4 1 1 2 0 0 1 0 0 0 0 0 0
156 3 0 0 1 0 0 0 0 0 1 1 0 0
157 3 0 0 0 0 0 0 0 0 1 0 0 0
161 1 0 0 1 0 0 0 0 0 0 0 0 0
162 2 0 0 1 0 0 1 0 0 0 0 0 0
163 2 0 0 0 0 0 2 0 0 0 0 0 0
172 14 2 2 0 0 0 9 2 2 0 0 0 0
174 2 0 0 0 0 0 2 0 0 0 0 0 0
175 3 0 0 0 0 0 0 0 0 0 0 0 0
185 2 1 1 0 0 0 1 0 0 0 0 0 0
186 3 0 0 0 0 0 0 0 0 0 0 0 0
189 3 0 0 1 0 0 1 1 1 0 0 0 0
193 2 0 0 1 0 0 0 0 0 0 0 0 0
194 2 0 0 0 0 0 0 0 0 1 0 0 0
201 1 0 0 0 0 0 0 0 0 0 0 0 0
202 5 0 0 2 0 0 1 0 0 0 0 0 0
208 2 0 0 1 0 0 1 0 0 0 0 0 0
209 1 0 0 0 0 0 1 0 0 0 0 0 0
213 3 1 1 2 0 0 1 0 0 0 0 0 0
216 9 0 0 7 0 0 0 0 0 0 0 0 0
fl=./elf/./elf/dl-hwcaps_split.c
fn=_dl_hwcaps_split
25 5 1 1 0 0 0 3 0 0 0 0 0 0
26 3 0 0 1 0 0 0 0 0 1 1 0 0
27 1 0 0 0 0 0 0 0 0 0 0 0 0
47 4 1 1 4 0 0 0 0 0 0 0 0 0
fn=_dl_hwcaps_split_masked
26 44 1 1 11 0 0 0 0 0 11 9 0 0
30 24 1 1 12 0 0 12 0 0 0 0 0 0
34 78 1 1 18 1 1 0 0 0 18 6 0 0
35 12 0 0 0 0 0 6 0 0 0 0 0 0
36 24 0 0 0 0 0 0 0 0 12 3 0 0
41 36 0 0 0 0 0 9 0 0 0 0 0 0
42 18 0 0 0 0 0 0 0 0 9 2 0 0
43 12 1 1 0 0 0 3 0 0 0 0 0 0
45 6 0 0 0 0 0 0 0 0 0 0 0 0
51 110 1 1 0 0 0 66 1 1 0 0 0 0
55 5 0 0 0 0 0 0 0 0 0 0 0 0
56 18 0 0 9 0 0 9 0 0 0 0 0 0
57 27 0 0 0 0 0 9 0 0 0 0 0 0
58 24 0 0 6 0 0 0 0 0 9 3 0 0
60 6 0 0 0 0 0 0 0 0 0 0 0 0
62 88 1 1 77 0 0 0 0 0 0 0 0 0
67 12 0 0 0 0 0 0 0 0 6 4 0 0
fl=./elf/./elf/dl-init.c
fn=_dl_init
29 10 1 1 5 0 0 0 0 0 5 1 0 0
35 25 1 1 5 0 0 0 0 0 5 0 0 0
37 26 1 1 1 0 0 2 1 0 5 2 0 0
81 13 1 1 0 0 0 6 0 0 0 0 0 0
82 1 0 0 1 1 0 0 0 0 0 0 0 0
83 1 0 0 1 0 0 0 0 0 0 0 0 0
86 3 0 0 1 0 0 0 0 0 1 1 0 0
89 2 0 0 0 0 0 1 0 0 0 0 0 0
94 4 1 1 0 0 0 0 0 0 1 0 0 0
119 1 0 0 1 0 0 0 0 0 0 0 0 0
120 20 0 0 0 0 0 3 0 0 5 2 0 0
121 8 0 0 8 0 0 0 0 0 0 0 0 0
127 8 0 0 7 0 0 0 0 0 0 0 0 0
fn=call_init.part.0
26 48 2 2 0 0 0 24 1 0 0 0 0 0
43 12 0 0 4 0 0 4 0 0 0 0 0 0
46 12 0 0 8 1 0 0 0 0 4 1 0 0
47 2 1 1 0 0 0 0 0 0 1 1 0 0
51 6 0 0 3 0 0 0 0 0 3 0 0 0
59 9 1 1 3 3 0 0 0 0 3 2 0 0
60 6 0 0 2 0 0 1 0 0 0 0 1 1
63 3 0 0 3 1 0 0 0 0 0 0 0 0
64 6 0 0 0 0 0 0 0 0 3 1 0 0
70 6 0 0 4 3 0 0 0 0 0 0 0 0
72 4 0 0 4 0 0 0 0 0 0 0 0 0
73 22 1 1 0 0 0 0 0 0 5 1 0 0
74 12 0 0 3 0 0 3 0 0 0 0 3 3
76 32 0 0 28 0 0 0 0 0 0 0 0 0
fl=./elf/./elf/dl-load.c
fn=_dl_dst_count
238 18 1 1 0 0 0 12 2 2 0 0 0 0
241 4 0 0 0 0 0 2 0 0 0 0 0 0
244 4 0 0 0 0 0 0 0 0 2 0 0 0
245 2 0 0 0 0 0 0 0 0 0 0 0 0
264 18 1 1 14 0 0 0 0 0 0 0 0 0
fn=_dl_init_paths
706 13 2 2 0 0 0 8 0 0 0 0 0 0
720 4 0 0 0 0 0 2 1 1 0 0 0 0
725 1 0 0 0 0 0 1 0 0 0 0 0 0
727 3 1 1 0 0 0 0 0 0 1 0 0 0
734 3 0 0 0 0 0 0 0 0 0 0 0 0
735 2 0 0 1 0 0 0 0 0 0 0 0 0
739 4 0 0 0 0 0 1 1 1 0 0 0 0
741 4 1 1 2 0 0 0 0 0 1 0 0 0
747 1 0 0 0 0 0 1 0 0 0 0 0 0
748 1 0 0 0 0 0 1 0 0 0 0 0 0
756 8 1 1 0 0 0 4 0 0 0 0 0 0
758 8 0 0 0 0 0 4 2 2 0 0 0 0
759 4 0 0 0 0 0 4 0 0 0 0 0 0
761 5 0 0 0 0 0 4 1 1 0 0 0 0
762 7 0 0 3 1 1 4 1 1 0 0 0 0
763 4 0 0 0 0 0 0 0 0 0 0 0 0
766 13 0 0 3 1 1 0 0 0 3 0 0 0
767 10 1 1 1 0 0 1 0 0 4 3 0 0
768 18 0 0 4 0 0 5 0 0 0 0 0 0
770 32 2 2 6 0 0 5 0 0 4 1 0 0
776 1 0 0 0 0 0 1 0 0 0 0 0 0
777 1 0 0 0 0 0 1 0 0 0 0 0 0
782 1 0 0 1 0 0 0 0 0 0 0 0 0
785 3 0 0 0 0 0 0 0 0 0 0 0 0
787 4 1 1 1 0 0 0 0 0 1 0 0 0
789 3 0 0 1 0 0 0 0 0 1 1 0 0
806 1 0 0 0 0 0 1 0 0 0 0 0 0
808 3 1 1 1 0 0 0 0 0 1 1 0 0
822 2 1 1 0 0 0 1 0 0 0 0 0 0
825 5 1 1 2 0 0 0 0 0 2 1 0 0
827 23 4 4 2 0 0 2 0 0 2 2 0 0
831 2 0 0 0 0 0 0 0 0 0 0 0 0
832 60 1 1 15 0 0 0 0 0 15 10 0 0
833 14 0 0 0 0 0 0 0 0 0 0 0 0
834 28 0 0 0 0 0 0 0 0 0 0 0 0
836 1 0 0 0 0 0 1 0 0 0 0 0 0
837 1 0 0 0 0 0 0 0 0 0 0 0 0
838 2 0 0 0 0 0 0 0 0 1 0 0 0
844 6 0 0 1 0 0 1 0 0 0 0 0 0
847 3 0 0 2 0 0 0 0 0 1 0 0 0
853 1 0 0 0 0 0 1 0 0 0 0 0 0
857 8 0 0 7 0 0 0 0 0 0 0 0 0
fn=_dl_map_object
682 10 3 3 3 0 0 0 0 0 3 3 0 0
696 5 1 1 0 0 0 3 0 0 0 0 0 0
1967 36 2 2 0 0 0 27 5 5 0 0 0 0
1969 2 0 0 0 0 0 2 0 0 0 0 0 0
1975 6 0 0 0 0 0 0 0 0 3 0 0 0
1976 12 0 0 3 1 1 0 0 0 3 0 0 0
1979 51 1 1 9 0 0 6 0 0 9 2 0 0
1984 49 1 1 14 0 0 0 0 0 7 0 0 0
1986 35 0 0 0 0 0 7 2 2 7 1 0 0
1990 12 0 0 6 0 0 0 0 0 6 0 0 0
1991 18 0 0 6 0 0 0 0 0 6 3 0 0
1994 10 0 0 6 0 0 0 0 0 2 2 0 0
1995 6 1 1 2 0 0 0 0 0 0 0 0 0
1996 10 0 0 0 0 0 2 0 0 2 2 0 0
2010 8 1 1 2 0 0 0 0 0 2 0 0 0
2011 6 0 0 2 0 0 2 0 0 0 0 0 0
2019 6 0 0 2 0 0 0 0 0 2 0 0 0
2034 2 0 0 0 0 0 2 0 0 0 0 0 0
2036 10 0 0 0 0 0 2 0 0 2 1 0 0
2040 4 2 2 0 0 0 2 0 0 0 0 0 0
2042 2 0 0 1 0 0 0 0 0 1 0 0 0
2049 4 0 0 1 0 0 0 0 0 2 1 0 0
2053 1 1 1 1 0 0 0 0 0 0 0 0 0
2054 1 0 0 0 0 0 1 0 0 0 0 0 0
2058 3 1 1 1 0 0 0 0 0 1 1 0 0
2059 1 0 0 0 0 0 0 0 0 0 0 0 0
2073 5 2 2 4 0 0 0 0 0 1 0 0 0
2074 7 2 2 2 0 0 0 0 0 2 1 0 0
2075 1 0 0 0 0 0 0 0 0 0 0 0 0
2084 2 1 1 0 0 0 0 0 0 1 1 0 0
2099 2 1 1 1 0 0 0 0 0 1 0 0 0
2100 16 1 1 2 0 0 4 0 0 1 1 0 0
2106 3 1 1 0 0 0 0 0 0 1 1 0 0
2107 1 0 0 0 0 0 0 0 0 0 0 0 0
2115 1 1 1 0 0 0 1 0 0 0 0 0 0
2129 2 0 0 1 0 0 0 0 0 1 0 0 0
2131 3 0 0 1 0 0 0 0 0 1 1 0 0
2135 3 1 1 0 0 0 1 0 0 0 0 0 0
2137 2 0 0 0 0 0 0 0 0 1 0 0 0
2141 2 0 0 0 0 0 0 0 0 1 0 0 0
2149 2 0 0 1 0 0 0 0 0 1 0 0 0
2172 9 1 1 0 0 0 2 0 0 0 0 0 0
2176 3 0 0 1 0 0 0 0 0 1 0 0 0
2177 1 0 0 0 0 0 1 0 0 0 0 0 0
2194 2 0 0 1 0 0 0 0 0 1 1 0 0
2200 1 0 0 0 0 0 1 0 0 0 0 0 0
2201 4 0 0 0 0 0 1 0 0 0 0 0 0
2202 2 1 1 0 0 0 0 0 0 1 0 0 0
2203 2 0 0 0 0 0 0 0 0 1 0 0 0
2207 9 1 1 0 0 0 2 0 0 0 0 0 0
2210 3 0 0 1 0 0 0 0 0 1 0 0 0
2222 8 0 0 2 0 0 0 0 0 0 0 0 0
2267 4 0 0 2 0 0 2 0 0 0 0 0 0
2268 34 1 1 7 0 0 10 0 0 0 0 0 0
2270 29 1 1 23 0 0 0 0 0 0 0 0 0
fn=_dl_map_object_from_fd
944 28 2 2 0 0 0 20 2 2 0 0 0 0
959 8 0 0 2 0 0 2 0 0 2 2 0 0
989 29 1 1 9 0 0 0 0 0 7 4 0 0
990 10 1 1 5 0 0 0 0 0 5 0 0 0
1008 4 1 1 2 0 0 0 0 0 2 2 0 0
1036 8 1 1 2 0 0 2 0 0 2 0 0 0
1046 4 0 0 2 0 0 0 0 0 2 0 0 0
1053 16 1 1 10 0 0 2 0 0 0 0 0 0
1054 4 0 0 0 0 0 0 0 0 2 0 0 0
1065 4 0 0 2 0 0 2 1 1 0 0 0 0
1066 6 0 0 2 0 0 2 0 0 0 0 0 0
1067 4 0 0 2 0 0 2 0 0 0 0 0 0
1069 6 0 0 0 0 0 0 0 0 0 0 0 0
1070 8 1 1 4 0 0 0 0 0 2 1 0 0
1071 2 0 0 0 0 0 1 0 0 0 0 0 0
1074 17 2 2 1 0 0 1 0 0 2 2 0 0
1075 6 0 0 1 0 0 1 1 1 1 1 0 0
1086 2 0 0 0 0 0 2 0 0 0 0 0 0
1088 2 0 0 0 0 0 2 0 0 0 0 0 0
1090 44 2 2 4 0 0 2 0 0 4 2 0 0
1091 2 0 0 0 0 0 0 0 0 0 0 0 0
1092 2 0 0 0 0 0 2 0 0 0 0 0 0
1093 2 0 0 0 0 0 2 0 0 0 0 0 0
1094 2 0 0 0 0 0 0 0 0 0 0 0 0
1100 87 0 0 4 0 0 0 0 0 27 0 0 0
1101 213 3 3 25 9 9 0 0 0 106 30 0 0
1107 4 1 1 2 2 2 0 0 0 2 0 0 0
1114 5 0 0 3 0 0 2 0 0 0 0 0 0
1115 6 0 0 2 0 0 2 0 0 0 0 0 0
1116 20 1 1 4 0 0 2 0 0 0 0 0 0
1121 2 0 0 1 0 0 1 0 0 0 0 0 0
1122 1 0 0 0 0 0 0 0 0 0 0 0 0
1127 62 0 0 26 2 2 2 0 0 8 0 0 0
1135 40 1 1 8 0 0 0 0 0 0 0 0 0
1136 52 1 1 0 0 0 8 1 1 0 0 0 0
1137 40 1 1 8 0 0 8 0 0 0 0 0 0
1138 8 0 0 0 0 0 8 0 0 0 0 0 0
1139 16 0 0 8 0 0 8 0 0 0 0 0 0
1141 56 0 0 8 1 1 0 0 0 0 0 0 0
1143 16 0 0 0 0 0 8 2 2 0 0 0 0
1156 16 0 0 0 0 0 0 0 0 8 2 0 0
1157 30 0 0 12 0 0 6 0 0 0 0 0 0
1162 8 0 0 0 0 0 0 0 0 0 0 0 0
1163 82 0 0 16 0 0 16 1 1 0 0 0 0
1176 3 1 1 1 1 1 0 0 0 1 0 0 0
1180 4 0 0 0 0 0 1 1 1 0 0 0 0
1181 1 0 0 1 0 0 0 0 0 0 0 0 0
1185 5 0 0 0 0 0 1 0 0 0 0 0 0
1186 2 1 1 1 0 0 1 0 0 0 0 0 0
1189 1 0 0 0 0 0 1 0 0 0 0 0 0
1194 4 0 0 1 0 0 0 0 0 1 1 0 0
1209 4 1 1 2 0 0 2 0 0 0 0 0 0
1210 2 0 0 0 0 0 0 0 0 0 0 0 0
1213 6 0 0 4 1 1 2 1 1 0 0 0 0
1218 14 1 1 10 0 0 0 0 0 2 0 0 0
1228 38 1 1 0 0 0 0 0 0 8 6 0 0
1229 16 0 0 0 0 0 8 0 0 0 0 0 0
1235 4 0 0 0 0 0 0 0 0 2 0 0 0
1245 8 0 0 4 0 0 0 0 0 4 0 0 0
1252 14 1 1 6 0 0 2 0 0 0 0 0 0
1264 2 1 1 0 0 0 0 0 0 0 0 0 0
1268 8 1 1 4 0 0 0 0 0 2 0 0 0
1269 6 0 0 2 0 0 2 0 0 0 0 0 0
1275 4 0 0 0 0 0 0 0 0 0 0 0 0
1276 4 1 1 0 0 0 0 0 0 2 2 0 0
1278 4 0 0 0 0 0 0 0 0 2 2 0 0
1288 6 0 0 2 0 0 0 0 0 2 0 0 0
1307 6 0 0 2 0 0 2 0 0 0 0 0 0
1309 12 1 1 4 0 0 0 0 0 2 0 0 0
1361 6 0 0 2 1 1 0 0 0 2 1 0 0
1362 2 0 0 1 0 0 1 0 0 0 0 0 0
1368 70 1 1 6 0 0 0 0 0 27 2 0 0
1369 117 1 1 25 21 21 0 0 0 46 21 0 0
1375 33 0 0 0 0 0 2 0 0 0 0 0 0
1380 8 1 1 2 0 0 2 0 0 2 0 0 0
1393 4 1 1 2 0 0 0 0 0 2 0 0 0
1395 8 0 0 4 0 0 2 0 0 0 0 0 0
1397 4 0 0 2 0 0 0 0 0 2 0 0 0
1413 4 0 0 0 0 0 2 0 0 0 0 0 0
1417 4 0 0 2 0 0 0 0 0 2 0 0 0
1418 4 1 1 2 0 0 0 0 0 2 2 0 0
1435 4 0 0 2 0 0 0 0 0 2 1 0 0
1436 1 0 0 0 0 0 1 0 0 0 0 0 0
1439 4 0 0 2 0 0 2 0 0 0 0 0 0
1444 4 0 0 2 0 0 0 0 0 2 0 0 0
1449 4 0 0 2 0 0 0 0 0 2 0 0 0
1461 16 1 1 6 0 0 0 0 0 2 2 0 0
1462 6 1 1 2 0 0 0 0 0 2 1 0 0
1463 9 1 1 3 0 0 1 0 0 2 1 0 0
1464 3 0 0 1 0 0 0 0 0 0 0 0 0
1465 5 0 0 1 0 0 1 0 0 0 0 0 0
1471 4 0 0 2 0 0 0 0 0 2 1 0 0
1472 4 0 0 1 0 0 0 0 0 1 1 0 0
1477 2 0 0 0 0 0 1 0 0 0 0 0 0
1484 6 1 1 2 0 0 2 0 0 0 0 0 0
1487 4 0 0 2 0 0 0 0 0 2 0 0 0
1491 6 0 0 2 0 0 2 0 0 0 0 0 0
1492 6 0 0 2 0 0 0 0 0 2 2 0 0
1510 4 1 1 0 0 0 0 0 0 2 2 0 0
1514 14 1 1 6 0 0 0 0 0 2 0 0 0
1515 8 1 1 2 0 0 2 0 0 0 0 0 0
1519 18 1 1 14 0 0 0 0 0 0 0 0 0
fn=_dl_process_pt_gnu_property
868 9 1 1 0 0 0 0 0 0 0 0 0 0
869 6 0 0 6 0 0 0 0 0 0 0 0 0
870 3 0 0 3 0 0 0 0 0 0 0 0 0
876 6 0 0 3 0 0 0 0 0 3 0 0 0
882 15 0 0 0 0 0 0 0 0 3 0 0 0
885 9 1 1 3 2 2 0 0 0 3 0 0 0
886 6 0 0 3 1 1 0 0 0 3 0 0 0
887 6 0 0 3 0 0 0 0 0 3 0 0 0
890 9 0 0 3 0 0 0 0 0 3 0 0 0
891 9 1 1 0 0 0 0 0 0 3 0 0 0
895 3 0 0 0 0 0 0 0 0 0 0 0 0
896 6 0 0 0 0 0 0 0 0 0 0 0 0
900 8 1 1 4 0 0 0 0 0 0 0 0 0
901 4 0 0 4 0 0 0 0 0 0 0 0 0
904 8 0 0 0 0 0 0 0 0 4 0 0 0
907 4 0 0 0 0 0 0 0 0 0 0 0 0
908 16 0 0 0 0 0 0 0 0 4 0 0 0
918 6 0 0 0 0 0 0 0 0 0 0 0 0
920 8 0 0 0 0 0 0 0 0 2 1 0 0
fn=expand_dynamic_string_token
241 6 0 0 0 0 0 2 0 0 0 0 0 0
244 4 0 0 0 0 0 0 0 0 2 1 0 0
385 20 1 1 0 0 0 12 0 0 0 0 0 0
399 4 0 0 0 0 0 0 0 0 0 0 0 0
410 14 1 1 12 0 0 0 0 0 0 0 0 0
fn=fillin_rpath.isra.0
468 17 2 2 0 0 0 12 0 0 0 0 0 0
472 1 0 0 0 0 0 0 0 0 0 0 0 0
474 12 1 1 4 0 0 2 0 0 2 1 0 0
481 2 0 0 1 0 0 0 0 0 1 0 0 0
483 6 0 0 1 0 0 2 0 0 0 0 0 0
487 2 0 0 0 0 0 0 0 0 1 0 0 0
492 3 0 0 0 0 0 1 0 0 0 0 0 0
493 2 0 0 0 0 0 0 0 0 1 1 0 0
500 5 1 1 1 0 0 0 0 0 2 2 0 0
505 2 1 1 0 0 0 1 0 0 0 0 0 0
509 15 0 0 5 0 0 0 0 0 5 2 0 0
510 8 1 1 4 0 0 0 0 0 4 4 0 0
528 4 1 1 1 0 0 1 0 0 1 1 0 0
532 4 0 0 2 0 0 0 0 0 0 0 0 0
534 2 1 1 0 0 0 0 0 0 1 0 0 0
538 1 0 0 0 0 0 1 0 0 0 0 0 0
539 2 0 0 1 0 0 0 0 0 0 0 0 0
540 4 0 0 0 0 0 2 0 0 0 0 0 0
541 1 0 0 0 0 0 1 0 0 0 0 0 0
543 2 0 0 1 0 0 0 0 0 1 1 0 0
549 4 0 0 1 0 0 0 0 0 0 0 0 0
550 14 1 1 1 0 0 0 0 0 4 1 0 0
551 4 1 1 0 0 0 3 0 0 0 0 0 0
553 2 0 0 1 0 0 1 0 0 0 0 0 0
554 3 1 1 1 0 0 0 0 0 1 1 0 0
555 1 0 0 0 0 0 1 0 0 0 0 0 0
561 2 0 0 1 0 0 1 0 0 0 0 0 0
562 1 0 0 0 0 0 1 0 0 0 0 0 0
565 3 0 0 0 0 0 1 0 0 0 0 0 0
571 1 0 0 0 0 0 1 0 0 0 0 0 0
574 8 0 0 7 0 0 0 0 0 0 0 0 0
fn=open_path
1812 11 2 2 0 0 0 9 3 3 0 0 0 0
1813 2 0 0 1 0 0 1 0 0 0 0 0 0
1816 1 0 0 0 0 0 1 0 0 0 0 0 0
1817 1 0 0 0 0 0 1 0 0 0 0 0 0
1819 2 0 0 0 0 0 0 0 0 1 0 0 0
1822 2 0 0 0 0 0 0 0 0 0 0 0 0
1824 22 2 2 3 1 1 2 0 0 2 2 0 0
1827 2 0 0 2 0 0 0 0 0 0 0 0 0
1831 1 0 0 0 0 0 0 0 0 0 0 0 0
1835 6 0 0 1 0 0 1 0 0 1 0 0 0
1842 6 1 1 3 0 0 2 1 1 0 0 0 0
1843 22 1 1 6 0 0 2 0 0 5 1 0 0
1846 6 0 0 3 0 0 0 0 0 3 0 0 0
1851 33 1 1 18 0 0 6 0 0 0 0 0 0
1854 6 0 0 0 0 0 0 0 0 0 0 0 0
1860 9 0 0 3 0 0 0 0 0 3 0 0 0
1863 24 1 1 9 0 0 3 0 0 0 0 0 0
1865 9 0 0 3 0 0 0 0 0 3 0 0 0
1867 6 0 0 0 0 0 0 0 0 3 2 0 0
1872 6 1 1 0 0 0 0 0 0 3 0 0 0
1873 21 0 0 9 0 0 0 0 0 3 2 0 0
1879 9 1 1 3 0 0 3 0 0 0 0 0 0
1881 20 0 0 3 0 0 4 0 0 3 2 0 0
1882 2 0 0 1 0 0 0 0 0 0 0 0 0
1884 3 0 0 0 0 0 0 0 0 0 0 0 0
1891 14 3 3 2 0 0 6 0 0 0 0 0 0
1893 4 0 0 1 0 0 0 0 0 0 0 0 0
1937 8 1 1 2 0 0 1 1 1 3 0 0 0
1941 1 0 0 1 0 0 0 0 0 0 0 0 0
1943 4 0 0 3 0 0 0 0 0 1 0 0 0
1946 3 0 0 2 0 0 0 0 0 1 0 0 0
1960 9 1 1 7 0 0 0 0 0 0 0 0 0
fn=open_verify.constprop.0
1572 60 1 1 0 0 0 40 1 1 0 0 0 0
1604 15 0 0 5 0 0 0 0 0 5 0 0 0
1609 6 1 1 0 0 0 0 0 0 0 0 0 0
1623 25 0 0 0 0 0 5 2 2 0 0 0 0
1625 10 1 1 0 0 0 0 0 0 5 2 0 0
1633 2 0 0 0 0 0 2 0 0 0 0 0 0
1634 6 0 0 0 0 0 2 1 1 0 0 0 0
1639 12 0 0 0 0 0 2 0 0 0 0 0 0
1641 4 1 1 0 0 0 0 0 0 2 1 0 0
1643 4 0 0 2 0 0 2 0 0 0 0 0 0
1645 4 0 0 0 0 0 0 0 0 2 0 0 0
1651 4 0 0 0 0 0 0 0 0 2 0 0 0
1668 29 4 4 9 1 1 0 0 0 9 4 0 0
1749 4 0 0 2 0 0 0 0 0 2 0 0 0
1754 4 1 1 2 0 0 0 0 0 2 0 0 0
1760 8 0 0 2 0 0 0 0 0 2 1 0 0
1766 4 0 0 2 0 0 0 0 0 2 0 0 0
1772 8 0 0 2 1 1 0 0 0 0 0 0 0
1773 8 1 1 2 0 0 0 0 0 2 1 0 0
1777 16 3 3 1 0 0 0 0 0 2 2 0 0
1778 5 0 0 0 0 0 1 1 1 1 1 0 0
1799 45 0 0 35 0 0 0 0 0 0 0 0 0
fl=./elf/./elf/dl-lookup-direct.c
fn=_dl_lookup_direct
32 15 0 0 9 0 0 0 0 0 3 3 0 0
33 9 1 1 0 0 0 0 0 0 0 0 0 0
35 6 0 0 3 3 3 0 0 0 0 0 0 0
36 6 0 0 3 0 0 0 0 0 3 0 0 0
48 9 0 0 3 0 0 3 0 0 3 0 0 0
51 6 0 0 6 0 0 0 0 0 0 0 0 0
53 21 1 1 6 0 0 6 0 0 3 0 0 0
57 9 0 0 9 1 1 0 0 0 0 0 0 0
58 21 0 0 9 0 0 0 0 0 3 0 0 0
59 15 0 0 6 0 0 3 0 0 3 0 0 0
74 39 2 2 0 0 0 27 0 0 0 0 0 0
76 6 0 0 3 0 0 0 0 0 3 1 0 0
78 21 0 0 9 0 0 0 0 0 0 0 0 0
79 6 0 0 0 0 0 0 0 0 3 1 0 0
81 12 1 1 3 0 0 3 0 0 0 0 0 0
84 25 0 0 5 2 1 0 0 0 5 2 0 0
86 12 0 0 3 0 0 0 0 0 0 0 0 0
93 6 2 2 0 0 0 0 0 0 2 2 0 0
115 3 0 0 0 0 0 0 0 0 0 0 0 0
116 27 0 0 21 0 0 0 0 0 0 0 0 0
fl=./elf/./elf/dl-lookup.c
fn=_dl_lookup_symbol_x
772 1352 2 2 0 0 0 936 10 1 0 0 0 0
774 208 0 0 0 0 0 104 0 0 0 0 0 0
775 416 0 0 0 0 0 104 0 0 0 0 0 0
778 104 0 0 104 3 0 0 0 0 0 0 0 0
782 402 0 0 97 0 0 0 0 0 201 6 0 0
785 208 1 1 104 0 0 0 0 0 104 0 0 0
787 208 0 0 208 1 0 0 0 0 0 0 0 0
791 1481 0 0 5 0 0 312 0 0 109 2 0 0
792 1768 2 2 728 0 0 728 5 2 104 2 0 0
797 520 0 0 208 0 0 0 0 0 104 2 0 0
799 30 1 1 5 0 0 0 0 0 10 2 0 0
816 104 0 0 0 0 0 104 0 0 0 0 0 0
817 15 1 1 0 0 0 0 0 0 0 0 0 0
820 208 0 0 104 0 0 0 0 0 0 0 0 0
821 677 0 0 95 0 0 0 0 0 194 68 0 0
828 119 1 1 99 0 0 0 0 0 0 0 0 0
856 396 1 1 99 0 0 0 0 0 99 0 0 0
870 297 0 0 99 4 1 0 0 0 99 1 0 0
871 2 1 1 0 0 0 1 0 0 0 0 0 0
873 198 0 0 99 0 0 0 0 0 99 0 0 0
890 396 0 0 99 0 0 0 0 0 0 0 0 0
892 936 1 1 728 0 0 0 0 0 0 0 0 0
fn=check_match
70 1485 1 1 198 25 21 594 4 1 0 0 0 0
73 792 1 1 198 12 10 0 0 0 99 2 0 0
86 495 0 0 0 0 0 0 0 0 99 0 0 0
89 426 0 0 76 0 0 38 0 0 137 14 0 0
93 99 1 1 99 0 0 0 0 0 0 0 0 0
94 198 0 0 0 0 0 0 0 0 99 2 0 0
96 194 0 0 0 0 0 0 0 0 97 0 0 0
115 194 0 0 194 8 4 0 0 0 0 0 0 0
116 776 1 1 291 5 0 0 0 0 97 8 0 0
117 485 2 2 194 0 0 97 1 1 97 8 0 0
144 4 0 0 0 0 0 0 0 0 2 0 0 0
146 12 0 0 4 2 2 0 0 0 2 2 0 0
147 8 0 0 0 0 0 0 0 0 0 0 0 0
161 99 0 0 0 0 0 0 0 0 0 0 0 0
162 792 0 0 693 0 0 0 0 0 0 0 0 0
fn=do_lookup_x
347 1456 2 2 208 0 0 1040 8 2 0 0 0 0
348 104 0 0 104 3 0 0 0 0 0 0 0 0
353 104 0 0 0 0 0 0 0 0 0 0 0 0
354 104 0 0 104 0 0 0 0 0 0 0 0 0
358 672 1 1 672 15 0 0 0 0 0 0 0 0
361 672 0 0 0 0 0 0 0 0 336 0 0 0
365 886 0 0 107 0 0 0 0 0 339 60 0 0
386 670 1 1 335 6 0 0 0 0 335 12 0 0
390 670 0 0 335 3 0 0 0 0 335 10 0 0
396 1005 0 0 335 6 0 0 0 0 335 0 0 0
400 335 0 0 0 0 0 335 0 0 0 0 0 0
401 335 0 0 0 0 0 335 0 0 0 0 0 0
404 1675 0 0 1005 12 0 0 0 0 335 4 0 0
405 1005 1 1 670 0 0 0 0 0 0 0 0 0
408 335 0 0 335 0 0 0 0 0 0 0 0 0
409 670 0 0 0 0 0 0 0 0 335 0 0 0
411 335 0 0 335 62 51 0 0 0 0 0 0 0
412 312 0 0 0 0 0 104 0 0 0 0 0 0
413 670 0 0 670 0 0 0 0 0 0 0 0 0
415 728 1 1 104 0 0 208 0 0 0 0 0 0
416 1340 0 0 670 0 0 0 0 0 0 0 0 0
419 2345 0 0 335 0 0 0 0 0 335 100 0 0
422 198 0 0 198 47 44 0 0 0 0 0 0 0
423 297 1 1 99 0 0 0 0 0 0 0 0 0
424 198 0 0 0 0 0 0 0 0 99 0 0 0
426 198 0 0 99 0 0 0 0 0 0 0 0 0
429 1090 1 1 218 72 67 0 0 0 218 91 0 0
431 297 0 0 99 0 0 0 0 0 0 0 0 0
432 2475 2 2 693 0 0 1287 10 3 0 0 0 0
433 198 0 0 0 0 0 0 0 0 0 0 0 0
436 297 0 0 0 0 0 0 0 0 99 8 0 0
439 357 0 0 0 0 0 0 0 0 119 0 0 0
461 792 1 1 594 0 0 0 0 0 0 0 0 0
476 198 1 1 0 0 0 0 0 0 99 0 0 0
483 756 0 0 99 0 0 0 0 0 279 10 0 0
487 27 1 1 9 0 0 0 0 0 9 4 0 0
499 198 0 0 99 0 0 99 0 0 0 0 0 0
500 99 0 0 0 0 0 99 0 0 0 0 0 0
501 99 0 0 0 0 0 0 0 0 0 0 0 0
518 711 0 0 0 0 0 0 0 0 237 5 0 0
521 5 0 0 0 0 0 0 0 0 0 0 0 0
522 832 2 2 728 0 0 0 0 0 0 0 0 0
fl=./elf/./elf/dl-minimal-malloc.c
fn=__minimal_calloc
80 40 1 1 0 0 0 0 0 0 0 0 0 0
84 8 0 0 0 0 0 0 0 0 0 0 0 0
87 8 0 0 0 0 0 0 0 0 0 0 0 0
88 24 0 0 0 0 0 0 0 0 8 8 0 0
fn=__minimal_free
97 1 1 1 0 0 0 0 0 0 0 0 0 0
99 4 0 0 2 0 0 0 0 0 1 0 0 0
fn=__minimal_malloc
36 192 2 2 0 0 0 96 2 2 0 0 0 0
37 72 0 0 24 1 1 0 0 0 24 1 0 0
42 3 1 1 0 0 0 1 0 0 0 0 0 0
43 2 1 1 1 0 0 0 0 0 0 0 0 0
44 2 0 0 0 0 0 0 0 0 0 0 0 0
48 95 0 0 23 0 0 24 0 0 0 0 0 0
51 160 0 0 0 0 0 0 0 0 46 3 0 0
56 8 0 0 2 0 0 0 0 0 0 0 0 0
57 8 0 0 0 0 0 0 0 0 2 0 0 0
59 2 1 1 0 0 0 0 0 0 0 0 0 0
60 16 0 0 0 0 0 2 0 0 0 0 0 0
62 4 0 0 0 0 0 0 0 0 2 0 0 0
64 8 0 0 0 0 0 2 0 0 0 0 0 0
65 6 0 0 2 0 0 0 0 0 2 0 0 0
67 6 0 0 0 0 0 2 0 0 0 0 0 0
70 24 1 1 0 0 0 24 0 0 0 0 0 0
71 26 0 0 0 0 0 24 0 0 0 0 0 0
73 144 0 0 120 0 0 0 0 0 0 0 0 0
fl=./elf/./elf/dl-minimal.c
fn=__rtld_malloc_init_real
76 10 1 1 0 0 0 6 0 0 0 0 0 0
86 2 1 1 0 0 0 1 0 0 0 0 0 0
87 1 0 0 0 0 0 1 0 0 0 0 0 0
89 1 0 0 0 0 0 1 0 0 0 0 0 0
91 6 1 1 0 0 0 1 0 0 0 0 0 0
92 5 0 0 0 0 0 1 0 0 0 0 0 0
93 5 0 0 0 0 0 1 0 0 0 0 0 0
94 4 1 1 0 0 0 1 0 0 0 0 0 0
99 1 0 0 0 0 0 1 0 0 0 0 0 0
100 1 0 0 0 0 0 1 0 0 0 0 0 0
101 1 0 0 0 0 0 1 0 0 0 0 0 0
102 1 0 0 0 0 0 1 0 0 0 0 0 0
103 8 0 0 7 0 0 0 0 0 0 0 0 0
fn=__rtld_malloc_init_stubs
42 1 1 1 0 0 0 0 0 0 0 0 0 0
43 2 1 1 0 0 0 1 1 1 0 0 0 0
44 2 0 0 0 0 0 1 0 0 0 0 0 0
45 2 0 0 0 0 0 1 0 0 0 0 0 0
46 2 0 0 0 0 0 1 0 0 0 0 0 0
47 1 0 0 1 0 0 0 0 0 0 0 0 0
fn=lookup_malloc_symbol
61 36 1 1 0 0 0 16 0 0 0 0 0 0
63 4 0 0 0 0 0 4 0 0 0 0 0 0
64 28 0 0 4 0 0 12 0 0 0 0 0 0
68 28 1 1 16 0 0 0 0 0 4 0 0 0
69 28 0 0 12 0 0 0 0 0 4 0 0 0
71 4 0 0 0 0 0 4 0 0 0 0 0 0
72 24 0 0 20 0 0 0 0 0 0 0 0 0
fn=strsep
239 2 1 1 0 0 0 0 0 0 0 0 0 0
242 4 0 0 2 1 1 0 0 0 2 0 0 0
244 2 0 0 2 0 0 0 0 0 0 0 0 0
245 4 0 0 0 0 0 0 0 0 2 1 0 0
247 2 0 0 0 0 0 0 0 0 0 0 0 0
249 47 1 1 15 0 0 0 0 0 15 4 0 0
251 28 0 0 0 0 0 0 0 0 0 0 0 0
254 56 0 0 28 0 0 0 0 0 28 6 0 0
256 84 0 0 28 0 0 0 0 0 28 3 0 0
264 14 0 0 0 0 0 0 0 0 0 0 0 0
267 1 0 0 0 0 0 1 0 0 0 0 0 0
271 4 0 0 2 0 0 0 0 0 0 0 0 0
fl=./elf/./elf/dl-misc.c
fn=_dl_name_match_p
68 98 1 1 0 0 0 42 1 1 0 0 0 0
69 56 0 0 14 0 0 14 1 1 14 0 0 0
70 3 0 0 0 0 0 0 0 0 0 0 0 0
72 14 0 0 14 0 0 0 0 0 0 0 0 0
74 58 0 0 0 0 0 0 0 0 29 17 0 0
75 90 1 1 18 0 0 18 0 0 18 7 0 0
80 15 0 0 15 0 0 0 0 0 0 0 0 0
82 11 0 0 0 0 0 0 0 0 0 0 0 0
83 56 0 0 56 0 0 0 0 0 0 0 0 0
fn=_dl_sysdep_read_whole_file
36 11 1 1 0 0 0 5 0 0 0 0 0 0
39 3 0 0 0 0 0 1 0 0 0 0 0 0
40 2 1 1 0 0 0 0 0 0 1 1 0 0
42 6 0 0 0 0 0 1 0 0 1 0 0 0
44 2 0 0 1 0 0 1 0 0 0 0 0 0
47 2 1 1 0 0 0 0 0 0 1 1 0 0
49 8 0 0 0 0 0 1 0 0 0 0 0 0
60 3 0 0 0 0 0 1 0 0 0 0 0 0
63 8 0 0 6 0 0 0 0 0 0 0 0 0
fl=./elf/./elf/dl-object.c
fn=_dl_add_to_namespace_list
31 27 1 1 0 0 0 12 1 1 0 0 0 0
33 9 0 0 3 0 0 3 0 0 0 0 3 1
35 26 1 1 3 0 0 0 0 0 3 1 0 0
38 20 0 0 5 0 0 0 0 0 5 3 0 0
40 2 0 0 0 0 0 2 0 0 0 0 0 0
42 2 0 0 0 0 0 2 0 0 0 0 0 0
45 2 1 1 0 0 0 1 0 0 0 0 0 0
46 9 0 0 3 0 0 0 0 0 0 0 0 0
47 6 0 0 3 0 0 3 0 0 0 0 0 0
48 6 0 0 0 0 0 3 0 0 0 0 0 0
50 6 0 0 3 0 0 0 0 0 0 0 3 1
51 15 0 0 12 0 0 0 0 0 0 0 0 0
fn=_dl_new_object
59 45 1 1 0 0 0 30 3 3 0 0 0 0
62 6 0 0 0 0 0 0 0 0 3 1 0 0
64 2 1 1 0 0 0 0 0 0 1 1 0 0
66 3 1 1 1 0 0 0 0 0 1 0 0 0
67 2 0 0 0 0 0 0 0 0 1 0 0 0
71 6 0 0 0 0 0 2 0 0 0 0 0 0
77 2 1 1 0 0 0 0 0 0 0 0 0 0
80 4 0 0 2 0 0 0 0 0 0 0 0 0
83 11 1 1 0 0 0 7 0 0 0 0 0 0
87 4 0 0 0 0 0 0 0 0 0 0 0 0
92 2 0 0 0 0 0 0 0 0 0 0 0 0
95 6 0 0 0 0 0 0 0 0 3 0 0 0
98 3 0 0 0 0 0 3 3 3 0 0 0 0
99 3 0 0 0 0 0 3 3 3 0 0 0 0
100 6 0 0 3 0 0 0 0 0 0 0 0 0
103 6 0 0 0 0 0 3 0 0 0 0 0 0
104 21 1 1 9 0 0 9 1 1 0 0 0 0
106 3 1 1 0 0 0 3 0 0 0 0 0 0
119 13 0 0 8 0 0 0 0 0 5 4 0 0
123 2 0 0 0 0 0 0 0 0 0 0 0 0
125 1 0 0 0 0 0 0 0 0 0 0 0 0
127 21 0 0 6 3 3 6 0 0 0 0 0 0
130 6 0 0 3 0 0 0 0 0 3 2 0 0
131 6 1 1 0 0 0 3 3 3 0 0 0 0
132 3 1 1 0 0 0 3 1 1 0 0 0 0
136 3 0 0 0 0 0 3 0 0 0 0 0 0
139 34 0 0 0 0 0 0 0 0 12 9 0 0
141 20 1 1 0 0 0 16 4 4 1 1 0 0
149 6 1 1 0 0 0 3 0 0 0 0 0 0
150 3 0 0 0 0 0 3 3 3 0 0 0 0
153 1 0 0 0 0 0 0 0 0 0 0 0 0
155 18 0 0 3 1 1 0 0 0 3 1 0 0
157 8 0 0 0 0 0 2 1 1 0 0 0 0
160 8 1 1 0 0 0 0 0 0 3 0 0 0
164 8 0 0 2 0 0 0 0 0 2 0 0 0
168 14 1 1 2 0 0 0 0 0 4 3 0 0
176 1 1 1 0 0 0 1 0 0 0 0 0 0
179 6 0 0 0 0 0 3 1 1 0 0 0 0
189 12 0 0 6 0 0 0 0 0 3 1 0 0
191 8 0 0 0 0 0 4 0 0 0 0 0 0
195 6 0 0 0 0 0 0 0 0 2 0 0 0
199 4 0 0 0 0 0 0 0 0 0 0 0 0
200 4 0 0 0 0 0 0 0 0 2 0 0 0
208 2 0 0 0 0 0 0 0 0 0 0 0 0
212 2 1 1 0 0 0 0 0 0 0 0 0 0
245 8 1 0 4 0 0 2 0 0 0 0 0 0
250 84 0 0 0 0 0 0 0 0 0 0 0 0
251 84 0 0 42 0 0 0 0 0 42 14 0 0
255 4 0 0 0 0 0 0 0 0 0 0 0 0
256 2 0 0 0 0 0 2 0 0 0 0 0 0
259 2 0 0 0 0 0 2 0 0 0 0 0 0
263 27 1 1 21 0 0 0 0 0 0 0 0 0
fl=./elf/./elf/dl-reloc.c
fn=_dl_relocate_object
170 636 1 1 159 69 69 0 0 0 159 25 0 0
171 194 1 1 0 0 0 0 0 0 97 2 0 0
174 998 1 1 97 2 1 0 0 0 187 14 0 0
175 84 2 2 7 0 0 0 0 0 35 2 0 0
177 7 0 0 7 0 0 0 0 0 0 0 0 0
178 28 1 1 7 0 0 7 0 0 0 0 0 0
182 180 0 0 0 0 0 0 0 0 90 0 0 0
183 90 0 0 0 0 0 90 0 0 0 0 0 0
184 90 0 0 0 0 0 90 0 0 0 0 0 0
186 726 2 2 360 0 0 6 0 0 90 61 0 0
187 420 1 1 84 0 0 84 0 0 0 0 0 0
188 168 0 0 0 0 0 0 0 0 84 0 0 0
190 685 2 2 180 0 0 294 0 0 3 0 0 0
193 90 0 0 90 0 0 0 0 0 0 0 0 0
194 630 1 1 270 0 0 90 0 0 0 0 0 0
196 7 1 1 7 0 0 0 0 0 0 0 0 0
207 55 1 1 0 0 0 40 0 0 0 0 0 0
208 10 0 0 5 0 0 0 0 0 5 1 0 0
220 8 0 0 0 0 0 0 0 0 0 0 0 0
221 12 0 0 0 0 0 4 0 0 0 0 0 0
224 16 1 1 0 0 0 4 0 0 0 0 0 0
226 12 0 0 0 0 0 0 0 0 4 0 0 0
228 4 0 0 4 0 0 0 0 0 0 0 0 0
229 12 0 0 4 0 0 0 0 0 4 4 0 0
251 20 2 2 8 0 0 0 0 0 4 4 0 0
252 8 1 1 4 3 0 0 0 0 4 3 0 0
253 1 0 0 0 0 0 0 0 0 0 0 0 0
255 8 0 0 0 0 0 0 0 0 4 0 0 0
262 12 1 1 4 1 0 0 0 0 4 0 0 0
301 10030 9 9 1159 210 200 26 0 0 3488 416 0 0
304 20 0 0 8 0 0 0 0 0 8 0 0 0
328 4 0 0 4 0 0 0 0 0 0 0 0 0
331 8 0 0 0 0 0 0 0 0 4 0 0 0
348 12 0 0 4 4 0 0 0 0 4 4 0 0
350 40 0 0 35 1 0 0 0 0 0 0 0 0
356 24 1 1 12 0 0 0 0 0 0 0 0 0
359 8 0 0 0 0 0 0 0 0 0 0 0 0
363 8 1 1 0 0 0 0 0 0 4 0 0 0
364 24 0 0 0 0 0 4 0 0 4 4 0 0
fl=./elf/./elf/dl-runtime.c
fn=_dl_fixup
46 110 2 2 0 0 0 60 0 0 0 0 0 0
48 50 0 0 40 12 0 0 0 0 10 9 0 0
49 30 1 1 20 0 0 0 0 0 0 0 0 0
54 10 0 0 10 3 0 0 0 0 0 0 0 0
55 40 0 0 10 3 0 0 0 0 0 0 0 0
56 70 0 0 10 6 0 10 3 0 0 0 0 0
58 20 0 0 10 0 0 0 0 0 0 0 0 0
63 20 0 0 0 0 0 0 0 0 10 1 0 0
67 20 0 0 10 8 4 0 0 0 10 0 0 0
69 10 0 0 0 0 0 0 0 0 0 0 0 0
71 30 1 1 10 3 0 0 0 0 10 0 0 0
75 30 0 0 20 6 0 0 0 0 0 0 0 0
76 40 0 0 10 0 0 0 0 0 0 0 0 0
77 30 0 0 10 4 0 0 0 0 10 10 0 0
84 10 1 1 0 0 0 0 0 0 0 0 0 0
85 30 0 0 10 0 0 0 0 0 10 8 0 0
95 110 0 0 20 3 0 30 0 0 0 0 0 0
99 50 1 1 30 0 0 0 0 0 10 0 0 0
109 100 0 0 40 3 0 10 0 0 20 0 0 0
124 40 1 1 10 0 0 0 0 0 10 4 0 0
125 6 0 0 0 0 0 3 0 0 0 0 0 0
133 30 0 0 10 3 0 0 0 0 10 6 0 0
159 30 0 0 10 3 0 0 0 0 10 0 0 0
163 80 1 1 70 0 0 0 0 0 0 0 0 0
fl=./elf/./elf/dl-setup_hash.c
fn=_dl_setup_hash
25 8 1 1 0 0 0 0 0 0 0 0 0 0
28 12 1 1 4 0 0 0 0 0 4 0 0 0
31 12 0 0 8 0 0 0 0 0 4 0 0 0
32 8 0 0 4 3 3 4 1 1 0 0 0 0
33 4 0 0 4 0 0 0 0 0 0 0 0 0
34 4 0 0 4 0 0 0 0 0 0 0 0 0
36 12 0 0 0 0 0 0 0 0 4 0 0 0
37 4 0 0 0 0 0 4 0 0 0 0 0 0
38 12 1 1 4 0 0 4 0 0 0 0 0 0
40 4 0 0 0 0 0 4 0 0 0 0 0 0
41 8 0 0 0 0 0 0 0 0 0 0 0 0
43 4 0 0 0 0 0 4 0 0 0 0 0 0
45 12 0 0 0 0 0 4 0 0 0 0 0 0
50 4 0 0 4 0 0 0 0 0 0 0 0 0
fl=./elf/./elf/dl-sort-maps.c
fn=_dl_sort_maps
140 40 0 0 8 0 0 8 1 0 8 0 0 0
181 2 0 0 0 0 0 2 0 0 0 0 0 0
182 4 0 0 2 0 0 0 0 0 0 0 0 0
183 34 0 0 0 0 0 0 0 0 10 7 0 0
184 16 2 1 16 0 0 0 0 0 0 0 0 0
211 34 4 2 2 1 0 0 0 0 4 2 0 0
216 4 0 0 0 0 0 2 0 0 0 0 0 0
218 2 0 0 0 0 0 2 0 0 0 0 0 0
219 10 0 0 0 0 0 0 0 0 0 0 0 0
221 26 2 1 0 0 0 0 0 0 6 0 0 0
223 8 0 0 8 0 0 0 0 0 0 0 0 0
226 24 0 0 8 0 0 0 0 0 8 5 0 0
244 8 2 1 2 0 0 0 0 0 2 2 0 0
263 8 2 1 0 0 0 2 0 0 0 0 0 0
276 8 2 1 2 0 0 0 0 0 4 2 0 0
283 2 2 1 0 0 0 0 0 0 0 0 0 0
298 26 1 0 0 0 0 14 1 0 0 0 0 0
306 6 2 1 2 1 0 0 0 0 2 2 0 0
310 18 4 2 14 0 0 0 0 0 0 0 0 0
fn=_dl_sort_maps_init
289 4 2 2 0 0 0 1 0 0 0 0 0 0
290 4 0 0 0 0 0 1 0 0 0 0 0 0
291 1 0 0 0 0 0 1 0 0 0 0 0 0
292 3 0 0 1 0 0 0 0 0 0 0 0 0
293 2 0 0 2 0 0 0 0 0 0 0 0 0
fn=dfs_traversal.part.0
135 72 2 1 0 0 0 40 0 0 0 0 0 0
140 20 0 0 10 0 0 0 0 0 10 1 0 0
143 8 0 0 8 0 0 0 0 0 0 0 0 0
145 24 0 0 8 3 0 0 0 0 8 3 0 0
147 60 0 0 15 2 0 0 0 0 15 5 0 0
156 28 3 2 4 0 0 0 0 0 12 8 0 0
171 24 0 0 8 0 0 8 0 0 0 0 0 0
172 8 0 0 0 0 0 8 0 0 0 0 0 0
173 48 0 0 48 0 0 0 0 0 0 0 0 0
fl=./elf/./elf/dl-tunables.c
fn=__GI___tunable_set_val
72 50 1 1 5 0 0 0 0 0 10 0 0 0
82 5 0 0 5 0 0 0 0 0 0 0 0 0
93 40 1 1 10 0 0 0 0 0 5 0 0 0
94 25 0 0 10 0 0 0 0 0 5 0 0 0
97 10 0 0 0 0 0 0 0 0 5 2 0 0
100 35 0 0 0 0 0 0 0 0 0 0 0 0
104 10 0 0 0 0 0 0 0 0 5 2 0 0
111 10 0 0 0 0 0 0 0 0 5 0 0 0
112 10 0 0 0 0 0 0 0 0 5 2 0 0
115 25 1 1 0 0 0 5 0 0 0 0 0 0
116 5 0 0 0 0 0 5 0 0 0 0 0 0
117 5 0 0 0 0 0 5 0 0 0 0 0 0
118 5 0 0 0 0 0 5 0 0 0 0 0 0
153 30 1 1 0 0 0 10 0 0 0 0 0 0
157 15 0 0 15 0 0 0 0 0 0 0 0 0
fn=__GI___tunables_init
42 180 1 1 36 0 0 0 0 0 72 1 0 0
45 35 0 0 0 0 0 0 0 0 0 0 0 0
48 2625 0 0 375 14 14 0 0 0 750 50 0 0
52 70 0 0 0 0 0 0 0 0 35 0 0 0
56 140 1 1 0 0 0 0 0 0 0 0 0 0
128 1 0 0 0 0 0 0 0 0 0 0 0 0
261 10 2 2 0 0 0 6 0 0 0 0 0 0
267 4 0 0 1 0 0 0 0 0 1 0 0 0
281 5740 0 0 0 0 0 0 0 0 1435 35 0 0
283 2 0 0 0 0 0 0 0 0 0 0 0 0
287 10395 1 1 2870 41 41 0 0 0 2870 388 0 0
304 8 1 1 7 0 0 0 0 0 0 0 0 0
fn=__tunable_get_val
387 74 1 1 0 0 0 0 0 0 0 0 0 0
390 438 1 1 37 36 31 0 0 0 71 18 0 0
399 49 0 0 34 12 0 15 0 0 0 0 0 0
400 15 0 0 0 0 0 0 0 0 0 0 0 0
409 28 1 1 0 0 0 22 0 0 0 0 0 0
416 222 0 0 37 4 0 0 0 0 37 32 0 0
418 37 0 0 37 0 0 0 0 0 0 0 0 0
fl=./elf/./elf/dl-tunables.h
fn=__GI___tunable_set_val
141 10 0 0 0 0 0 0 0 0 5 3 0 0
142 10 1 1 0 0 0 0 0 0 0 0 0 0
151 5 0 0 0 0 0 0 0 0 0 0 0 0
fn=__GI___tunables_init
160 1132 1 1 599 1 1 0 0 0 107 8 0 0
161 1937 0 0 0 0 0 0 0 0 494 92 0 0
fl=./elf/./elf/dl-version.c
fn=_dl_check_all_versions
392 7 1 1 0 0 0 5 0 0 0 0 0 0
394 1 0 0 0 0 0 0 0 0 0 0 0 0
396 17 0 0 4 0 0 0 0 0 5 3 0 0
397 4 0 0 0 0 0 0 0 0 0 0 0 0
398 36 1 1 4 0 0 4 0 0 4 4 0 0
401 7 0 0 6 0 0 0 0 0 0 0 0 0
fn=_dl_check_map_versions
36 26 0 0 4 0 0 0 0 0 7 2 0 0
37 5 0 0 5 0 0 0 0 0 0 0 0 0
38 37 1 1 0 0 0 7 0 0 7 4 0 0
56 28 0 0 21 0 0 0 0 0 7 7 0 0
64 21 0 0 7 0 0 0 0 0 7 0 0 0
70 21 1 1 7 0 0 0 0 0 7 0 0 0
86 7 0 0 7 0 0 0 0 0 0 0 0 0
87 14 0 0 0 0 0 0 0 0 7 0 0 0
89 7 0 0 7 0 0 0 0 0 0 0 0 0
94 217 0 0 91 12 12 21 0 0 91 5 0 0
108 182 0 0 91 4 4 0 0 0 91 8 0 0
110 7 1 1 7 0 0 0 0 0 0 0 0 0
113 56 1 1 21 1 1 14 0 0 7 0 0 0
120 252 1 1 84 7 7 0 0 0 84 0 0 0
124 84 0 0 0 0 0 0 0 0 0 0 0 0
155 40 0 0 0 0 0 24 0 0 0 0 0 0
156 4 0 0 0 0 0 4 0 0 0 0 0 0
164 6 1 1 0 0 0 4 0 0 0 0 0 0
170 12 0 0 4 0 0 0 0 0 4 0 0 0
172 20 1 1 8 0 0 0 0 0 4 0 0 0
174 4 0 0 4 0 0 0 0 0 0 0 0 0
175 4 0 0 4 0 0 0 0 0 0 0 0 0
177 8 0 0 0 0 0 0 0 0 4 2 0 0
180 6 1 1 4 0 0 0 0 0 0 0 0 0
184 16 0 0 2 2 2 10 0 0 2 0 0 0
200 6 1 1 4 0 0 0 0 0 0 0 0 0
208 6 0 0 2 0 0 0 0 0 2 0 0 0
213 6 0 0 2 0 0 0 0 0 0 0 0 0
215 5 0 0 0 0 0 0 0 0 0 0 0 0
217 28 1 1 14 2 2 7 0 0 0 0 0 0
218 62 1 1 43 0 0 0 0 0 7 3 0 0
221 14 0 0 7 0 0 7 0 0 0 0 0 0
224 21 0 0 14 0 0 0 0 0 7 5 0 0
228 4 1 1 2 0 0 2 0 0 0 0 0 0
231 28 0 0 7 0 0 0 0 0 0 0 0 0
234 21 0 0 7 0 0 0 0 0 7 2 0 0
239 5 0 0 0 0 0 0 0 0 0 0 0 0
243 6 0 0 2 0 0 0 0 0 2 2 0 0
257 15 2 2 6 0 0 0 0 0 4 2 0 0
260 4 0 0 4 0 0 0 0 0 0 0 0 0
263 198 0 0 50 2 2 2 0 0 0 0 0 0
266 148 0 0 48 1 1 2 0 0 48 15 0 0
270 46 0 0 0 0 0 0 0 0 0 0 0 0
274 9 1 1 3 0 0 0 0 0 3 1 0 0
279 3 0 0 0 0 0 3 0 0 0 0 0 0
280 12 1 1 3 0 0 3 0 0 0 0 0 0
281 9 0 0 3 0 0 0 0 0 3 0 0 0
291 3 0 0 0 0 0 3 0 0 0 0 0 0
294 17 0 0 10 0 0 3 0 0 3 0 0 0
296 6 0 0 0 0 0 0 0 0 3 1 0 0
299 8 1 1 4 0 0 0 0 0 0 0 0 0
303 6 0 0 2 0 0 0 0 0 0 0 0 0
306 21 1 1 7 0 0 0 0 0 0 0 0 0
308 28 0 0 0 0 0 0 0 0 7 7 0 0
310 35 0 0 7 0 0 7 0 0 0 0 0 0
311 14 0 0 0 0 0 7 3 3 0 0 0 0
312 21 0 0 7 0 0 7 1 1 0 0 0 0
313 21 0 0 7 0 0 7 0 0 0 0 0 0
316 21 0 0 7 0 0 0 0 0 7 3 0 0
321 5 0 0 0 0 0 0 0 0 0 0 0 0
324 6 0 0 2 0 0 0 0 0 2 2 0 0
334 6 1 1 0 0 0 0 0 0 3 1 0 0
337 4 0 0 2 0 0 0 0 0 0 0 0 0
341 46 0 0 46 0 0 0 0 0 0 0 0 0
343 96 0 0 48 0 0 0 0 0 48 10 0 0
347 46 0 0 46 0 0 0 0 0 0 0 0 0
348 230 0 0 46 0 0 46 14 14 0 0 0 0
349 138 0 0 46 0 0 46 0 0 0 0 0 0
350 46 0 0 0 0 0 46 4 4 0 0 0 0
353 144 0 0 48 0 0 0 0 0 48 4 0 0
357 46 0 0 0 0 0 0 0 0 0 0 0 0
365 4 0 0 0 0 0 0 0 0 2 1 0 0
366 4 1 1 2 0 0 0 0 0 2 0 0 0
367 4 0 0 2 0 0 0 0 0 2 1 0 0
368 2 0 0 1 0 0 0 0 0 1 1 0 0
370 4 1 1 3 0 0 0 0 0 1 1 0 0
372 124 0 0 32 0 0 0 0 0 31 1 0 0
373 60 1 1 0 0 0 0 0 0 30 3 0 0
375 2 0 0 1 0 0 0 0 0 0 0 0 0
376 7 0 0 0 0 0 1 0 0 1 1 0 0
387 36 1 1 32 0 0 0 0 0 0 0 0 0
fl=./elf/./elf/do-rel.h
fn=_dl_relocate_object
49 24 1 1 8 0 0 0 0 0 0 0 0 0
50 24 0 0 8 0 0 8 0 0 0 0 0 0
51 4 0 0 4 0 0 0 0 0 0 0 0 0
53 40 0 0 16 0 0 0 0 0 0 0 0 0
72 4 0 0 0 0 0 0 0 0 0 0 0 0
73 5 1 1 0 0 0 4 0 0 0 0 0 0
80 24 0 0 8 0 0 0 0 0 8 7 0 0
83 59 1 1 0 0 0 1 0 0 18 1 0 0
85 68 1 1 17 6 6 0 0 0 17 3 0 0
96 6 0 0 1 0 0 0 0 0 0 0 0 0
97 2 0 0 0 0 0 0 0 0 1 1 0 0
114 21 1 1 0 0 0 0 0 0 0 0 0 0
123 24 0 0 0 0 0 0 0 0 10 8 0 0
124 6 0 0 3 2 2 0 0 0 0 0 0 0
126 21 1 1 7 3 0 0 0 0 7 2 0 0
129 20 0 0 10 2 0 5 0 0 5 0 0 0
131 639 1 1 167 0 0 0 0 0 158 16 0 0
133 765 0 0 459 95 93 0 0 0 0 0 0 0
134 612 0 0 153 0 0 153 0 0 0 0 0 0
135 459 0 0 306 0 0 153 0 0 0 0 0 0
136 612 0 0 153 0 0 0 0 0 0 0 0 0
138 459 1 1 0 0 0 0 0 0 153 6 0 0
141 188 0 0 47 0 0 47 0 0 0 0 0 0
142 47 1 1 0 0 0 47 0 0 0 0 0 0
143 47 0 0 0 0 0 0 0 0 0 0 0 0
147 106 0 0 0 0 0 106 0 0 0 0 0 0
150 334 1 1 106 0 0 0 0 0 106 4 0 0
151 48 2 2 16 1 0 0 0 0 16 2 0 0
164 12 1 1 6 0 0 0 0 0 3 1 0 0
165 211 0 0 6 0 0 4 0 0 65 22 0 0
166 189 1 1 63 0 0 0 0 0 63 7 0 0
169 141 0 0 94 0 0 0 0 0 0 0 0 0
171 188 0 0 47 0 0 47 0 0 0 0 0 0
172 47 0 0 47 0 0 0 0 0 0 0 0 0
173 94 0 0 47 0 0 0 0 0 0 0 0 0
180 31 1 1 9 0 0 0 0 0 8 6 0 0
182 42 1 1 12 2 2 6 0 0 0 0 0 0
183 12 0 0 12 0 0 0 0 0 0 0 0 0
185 18 0 0 0 0 0 0 0 0 6 0 0 0
193 6 0 0 0 0 0 6 0 0 0 0 0 0
196 18 0 0 6 0 0 0 0 0 6 0 0 0
211 7 1 1 4 0 0 0 0 0 1 1 0 0
fn=_dl_start
49 6 0 0 2 0 0 0 0 0 0 0 0 0
50 4 0 0 2 0 0 0 0 0 0 0 0 0
51 1 0 0 1 0 0 0 0 0 0 0 0 0
53 10 1 1 4 0 0 0 0 0 0 0 0 0
56 4 0 0 0 0 0 0 0 0 2 2 0 0
61 13 1 1 0 0 0 0 0 0 5 3 0 0
63 9 1 1 3 1 1 0 0 0 0 0 0 0
64 6 0 0 0 0 0 0 0 0 0 0 0 0
65 3 0 0 3 0 0 0 0 0 0 0 0 0
fl=./elf/./elf/get-dynamic-info.h
fn=_dl_map_object_from_fd
39 4 0 0 0 0 0 0 0 0 2 0 0 0
43 2 0 0 0 0 0 0 0 0 0 0 0 0
45 194 0 0 49 13 13 0 0 0 49 4 0 0
49 94 0 0 0 0 0 0 0 0 47 23 0 0
51 26 1 1 0 0 0 0 0 0 13 3 0 0
52 13 0 0 0 0 0 0 0 0 0 0 0 0
53 3 0 0 0 0 0 0 0 0 0 0 0 0
54 42 1 1 0 0 0 0 0 0 10 2 0 0
55 34 0 0 0 0 0 0 0 0 0 0 0 0
56 10 1 1 0 0 0 0 0 0 2 2 0 0
59 8 1 1 0 0 0 0 0 0 2 0 0 0
62 8 0 0 0 0 0 0 0 0 2 0 0 0
64 8 0 0 0 0 0 0 0 0 0 0 0 0
68 47 0 0 0 0 0 47 12 12 0 0 0 0
72 8 0 0 2 0 0 0 0 0 4 0 0 0
84 7 1 1 3 0 0 0 0 0 2 1 0 0
85 8 0 0 4 0 0 0 0 0 2 0 0 0
86 8 0 0 4 0 0 0 0 0 2 0 0 0
87 8 0 0 4 0 0 0 0 0 2 0 0 0
88 7 0 0 3 1 1 0 0 0 2 1 0 0
89 7 1 1 3 1 1 0 0 0 2 1 0 0
90 7 0 0 3 1 1 0 0 0 2 1 0 0
91 8 0 0 4 0 0 0 0 0 2 0 0 0
103 16 1 1 4 0 0 2 0 0 4 0 0 0
110 7 0 0 2 0 0 0 0 0 2 1 0 0
115 2 0 0 1 0 0 0 0 0 1 0 0 0
122 2 0 0 1 0 0 0 0 0 1 0 0 0
123 6 1 1 4 0 0 0 0 0 2 0 0 0
129 6 0 0 2 0 0 0 0 0 2 1 0 0
130 3 0 0 2 0 0 0 0 0 1 0 0 0
147 6 0 0 2 0 0 0 0 0 2 1 0 0
152 2 0 0 1 0 0 1 0 0 0 0 0 0
154 2 0 0 0 0 0 0 0 0 1 1 0 0
156 2 0 0 0 0 0 0 0 0 1 1 0 0
158 2 0 0 0 0 0 0 0 0 1 1 0 0
159 2 0 0 0 0 0 1 0 0 0 0 0 0
162 6 1 1 2 0 0 0 0 0 2 0 0 0
164 6 1 1 2 0 0 2 0 0 0 0 0 0
165 4 0 0 0 0 0 0 0 0 2 0 0 0
174 4 0 0 2 0 0 0 0 0 0 0 0 0
175 6 1 1 0 0 0 0 0 0 2 2 0 0
180 4 0 0 0 0 0 0 0 0 2 1 0 0
181 3 0 0 1 0 0 1 0 0 0 0 0 0
184 4 0 0 2 0 0 0 0 0 2 2 0 0
fl=./elf/./elf/libc_early_init.c
fn=__libc_early_init
33 9 1 1 1 0 0 3 0 0 0 0 0 0
35 1 0 0 0 0 0 1 0 0 0 0 0 0
38 2 0 0 1 0 0 1 1 1 0 0 0 0
41 2 0 0 0 0 0 2 1 1 0 0 0 0
47 4 0 0 2 0 0 0 0 0 1 0 0 0
49 2 0 0 2 0 0 0 0 0 0 0 0 0
fl=./elf/./elf/rtld.c
fn=_dl_start
85 8 0 0 0 0 0 2 1 1 0 0 0 0
458 2 0 0 0 0 0 1 0 0 0 0 0 0
476 3 0 0 0 0 0 1 0 0 0 0 0 0
477 1 0 0 0 0 0 1 0 0 0 0 0 0
478 2 0 0 1 0 0 1 1 1 0 0 0 0
488 1 0 0 0 0 0 1 0 0 0 0 0 0
494 4 2 1 1 0 0 1 0 0 0 0 0 0
496 2 0 0 1 0 0 0 0 0 1 0 0 0
517 16 2 2 0 0 0 8 1 1 0 0 0 0
543 1 0 0 0 0 0 1 1 1 0 0 0 0
546 2 1 1 0 0 0 1 1 1 0 0 0 0
547 4 0 0 1 1 1 0 0 0 0 0 0 0
563 190 5 5 24 5 5 5 1 1 57 24 0 0
565 1 0 0 1 0 0 0 0 0 0 0 0 0
578 1 1 1 0 0 0 1 1 1 0 0 0 0
585 9 1 1 7 1 0 0 0 0 0 0 0 0
fn=dl_main
85 17 2 2 0 0 0 1 0 0 0 0 0 0
92 12 1 1 0 0 0 0 0 0 0 0 0 0
93 2 0 0 0 0 0 1 0 0 0 0 0 0
101 9 0 0 4 0 0 0 0 0 0 0 0 0
197 2 0 0 0 0 0 1 0 0 0 0 0 0
199 1 0 0 0 0 0 1 0 0 0 0 0 0
224 3 0 0 3 0 0 0 0 0 0 0 0 0
225 5 0 0 3 0 0 0 0 0 1 1 0 0
226 4 1 1 0 0 0 0 0 0 2 1 0 0
296 3 1 1 0 0 0 3 0 0 0 0 0 0
302 1 0 0 0 0 0 1 0 0 0 0 0 0
303 1 0 0 0 0 0 1 0 0 0 0 0 0
837 1 0 0 1 0 0 0 0 0 0 0 0 0
839 1 0 0 0 0 0 1 0 0 0 0 0 0
848 1 1 1 0 0 0 1 0 0 0 0 0 0
850 1 0 0 0 0 0 1 0 0 0 0 0 0
855 1 0 0 0 0 0 1 0 0 0 0 0 0
1115 1 0 0 1 0 0 0 0 0 0 0 0 0
1116 1 1 1 1 0 0 0 0 0 0 0 0 0
1118 1 0 0 0 0 0 1 0 0 0 0 0 0
1122 3 0 0 2 1 1 1 1 1 0 0 0 0
1124 1 0 0 1 0 0 0 0 0 0 0 0 0
1125 1 0 0 1 0 0 0 0 0 0 0 0 0
1140 1 0 0 0 0 0 0 0 0 0 0 0 0
1143 46 4 4 0 0 0 0 0 0 14 11 0 0
1144 117 1 1 22 6 6 0 0 0 29 7 9 5
1148 3 1 1 1 0 0 1 0 0 0 0 0 0
1153 3 0 0 2 0 0 1 0 0 0 0 0 0
1154 9 1 1 2 0 0 1 0 0 0 0 0 0
1163 2 0 0 0 0 0 1 0 0 0 0 0 0
1164 2 0 0 2 1 1 0 0 0 0 0 0 0
1166 1 0 0 0 0 0 1 0 0 0 0 0 0
1173 3 1 1 1 0 0 0 0 0 1 0 0 0
1191 2 0 0 0 0 0 1 0 0 0 0 0 0
1199 8 0 0 4 0 0 0 0 0 0 0 0 0
1200 17 0 0 5 1 1 0 0 0 0 0 0 0
1201 8 0 0 4 0 0 0 0 0 4 3 0 0
1202 1 0 0 0 0 0 1 0 0 0 0 0 0
1204 12 0 0 4 0 0 0 0 0 0 0 0 0
1205 14 0 0 0 0 0 0 0 0 7 3 0 0
1209 8 0 0 4 3 3 0 0 0 0 0 0 0
1210 8 0 0 4 0 0 0 0 0 4 0 0 0
1211 4 0 0 0 0 0 4 0 0 0 0 0 0
1215 12 0 0 0 0 0 0 0 0 0 0 0 0
1243 2 1 1 1 0 0 1 1 1 0 0 0 0
1247 3 0 0 2 1 1 1 0 0 0 0 0 0
1253 28 0 0 1 0 0 0 0 0 13 1 0 0
1254 61 0 0 13 0 0 0 0 0 24 13 0 0
1260 17 0 0 0 0 0 1 0 0 0 0 0 0
1266 4 0 0 2 1 1 0 0 0 1 1 0 0
1269 3 1 1 2 0 0 0 0 0 1 1 0 0
1271 3 0 0 1 0 0 0 0 0 1 0 0 0
1346 13 2 2 0 0 0 9 1 1 0 0 0 0
1351 1 0 0 0 0 0 0 0 0 0 0 0 0
1352 1 0 0 0 0 0 1 0 0 0 0 0 0
1357 1 0 0 0 0 0 1 1 1 0 0 0 0
1373 3 0 0 2 0 0 1 0 0 0 0 0 0
1374 4 1 1 2 0 0 0 0 0 1 1 0 0
1637 10 1 1 0 0 0 3 0 0 0 0 0 0
1639 2 0 0 0 0 0 0 0 0 1 0 0 0
1640 3 1 1 0 0 0 1 0 0 0 0 0 0
1641 2 0 0 1 0 0 1 0 0 0 0 0 0
1642 3 0 0 2 0 0 1 0 0 0 0 0 0
1646 2 0 0 0 0 0 1 0 0 0 0 0 0
1647 2 0 0 1 0 0 0 0 0 1 0 0 0
1672 3 1 1 1 0 0 0 0 0 1 0 0 0
1673 5 0 0 1 0 0 1 0 0 1 0 0 0
1674 3 0 0 2 0 0 0 0 0 0 0 0 0
1675 3 0 0 3 0 0 0 0 0 0 0 0 0
1678 1 0 0 0 0 0 1 0 0 0 0 0 0
1680 1 1 1 0 0 0 1 1 1 0 0 0 0
1681 1 0 0 0 0 0 1 0 0 0 0 0 0
1683 2 0 0 1 0 0 0 0 0 1 0 0 0
1684 2 0 0 0 0 0 1 0 0 0 0 0 0
1688 2 0 0 1 0 0 0 0 0 1 0 0 0
1690 2 1 1 0 0 0 0 0 0 1 0 0 0
1698 4 0 0 2 0 0 0 0 0 1 1 0 0
1705 2 1 1 1 0 0 1 0 0 0 0 0 0
1708 2 1 1 1 0 0 0 0 0 1 0 0 0
1733 4 1 1 1 0 0 1 0 0 0 0 0 0
1735 1 0 0 0 0 0 1 0 0 0 0 0 0
1740 2 0 0 1 0 0 0 0 0 1 1 0 0
1743 4 1 1 2 0 0 1 0 0 0 0 0 0
1744 4 0 0 1 0 0 1 0 0 0 0 0 0
1745 3 1 1 2 0 0 1 0 0 0 0 0 0
1746 1 0 0 0 0 0 1 0 0 0 0 0 0
1747 1 0 0 1 0 0 0 0 0 0 0 0 0
1748 1 0 0 1 0 0 0 0 0 0 0 0 0
1759 2 0 0 1 1 1 0 0 0 1 0 0 0
1760 2 0 0 1 0 0 0 0 0 1 0 0 0
1762 2 1 1 1 0 0 0 0 0 0 0 0 0
1764 1 0 0 0 0 0 1 0 0 0 0 0 0
1765 3 0 0 1 0 0 1 0 0 0 0 0 0
1770 5 1 1 0 0 0 0 0 0 1 1 0 0
1771 5 0 0 1 1 1 0 0 0 1 1 0 0
1773 3 2 2 2 1 1 1 1 1 0 0 0 0
1779 2 0 0 1 1 1 0 0 0 1 1 0 0
1788 2 1 1 1 0 0 0 0 0 1 0 0 0
1792 1 0 0 0 0 0 0 0 0 0 0 0 0
1793 2 0 0 1 0 0 0 0 0 1 0 0 0
1817 2 1 1 0 0 0 2 0 0 0 0 0 0
1823 1 0 0 0 0 0 1 0 0 0 0 0 0
1824 1 0 0 0 0 0 1 0 0 0 0 0 0
1825 1 0 0 0 0 0 0 0 0 0 0 0 0
1829 3 0 0 1 0 0 1 0 0 0 0 0 0
1834 3 1 1 2 0 0 0 0 0 1 0 0 0
1836 1 0 0 0 0 0 0 0 0 0 0 0 0
1838 2 0 0 1 0 0 0 0 0 1 1 0 0
1842 5 1 1 2 0 0 1 0 0 0 0 0 0
1847 2 0 0 1 0 0 0 0 0 1 0 0 0
1863 6 1 1 0 0 0 1 0 0 1 0 0 0
1939 4 0 0 2 0 0 0 0 0 1 1 0 0
1943 19 2 2 1 0 0 0 0 0 2 1 0 0
1944 1 0 0 0 0 0 0 0 0 0 0 0 0
1947 3 0 0 0 0 0 1 0 0 0 0 0 0
1948 1 1 1 1 0 0 0 0 0 0 0 0 0
1949 2 0 0 0 0 0 0 0 0 1 0 0 0
1950 2 0 0 0 0 0 0 0 0 1 0 0 0
1955 3 0 0 1 0 0 0 0 0 1 1 0 0
1965 9 1 1 2 0 0 1 0 0 0 0 0 0
1971 19 1 1 1 0 0 0 0 0 5 3 0 0
1972 12 0 0 9 0 0 0 0 0 0 0 0 0
1975 3 0 0 2 0 0 1 0 0 0 0 0 0
1976 2 1 1 0 0 0 0 0 0 1 0 0 0
1977 1 0 0 0 0 0 1 0 0 0 0 0 0
1979 14 0 0 1 0 0 0 0 0 3 0 0 0
1980 6 0 0 3 0 0 0 0 0 3 2 0 0
1984 2 1 1 0 0 0 0 0 0 1 0 0 0
1990 1 1 1 0 0 0 1 0 0 0 0 0 0
1992 3 0 0 1 0 0 1 0 0 0 0 0 0
1993 2 0 0 0 0 0 0 0 0 1 0 0 0
1995 2 0 0 0 0 0 1 0 0 0 0 0 0
1997 3 0 0 0 0 0 0 0 0 1 1 0 0
1999 3 1 1 1 0 0 0 0 0 0 0 0 0
2000 1 0 0 1 0 0 0 0 0 0 0 0 0
2001 2 0 0 0 0 0 0 0 0 1 1 0 0
2013 2 0 0 0 0 0 0 0 0 1 0 0 0
2014 2 0 0 1 0 0 1 0 0 0 0 0 0
2015 3 0 0 1 0 0 0 0 0 1 1 0 0
2026 5 0 0 1 0 0 1 0 0 0 0 0 0
2027 4 0 0 0 0 0 1 0 0 0 0 0 0
2028 5 1 1 0 0 0 1 0 0 0 0 0 0
2038 2 0 0 1 0 0 1 0 0 0 0 0 0
2039 2 0 0 1 0 0 0 0 0 1 1 0 0
2040 4 1 1 0 0 0 2 0 0 0 0 0 0
2042 2 0 0 0 0 0 0 0 0 1 0 0 0
2047 3 0 0 1 0 0 0 0 0 1 0 0 0
2246 3 0 0 1 0 0 1 0 0 0 0 0 0
2250 3 0 0 1 0 0 2 0 0 0 0 0 0
2256 2 1 1 1 0 0 1 0 0 0 0 0 0
2259 2 0 0 1 0 0 0 0 0 1 0 0 0
2267 2 0 0 2 0 0 0 0 0 0 0 0 0
2279 3 1 1 1 0 0 0 0 0 0 0 0 0
2282 3 0 0 1 0 0 1 0 0 0 0 0 0
2284 3 0 0 1 0 0 0 0 0 1 0 0 0
2285 6 0 0 1 0 0 1 0 0 0 0 0 0
2292 2 0 0 2 0 0 0 0 0 0 0 0 0
2293 21 0 0 3 1 0 1 0 0 5 2 0 0
2295 8 1 1 8 0 0 0 0 0 0 0 0 0
2300 8 0 0 8 1 0 0 0 0 0 0 0 0
2302 10 0 0 0 0 0 0 0 0 5 2 0 0
2304 1 1 1 0 0 0 1 0 0 0 0 0 0
2305 1 0 0 1 0 0 0 0 0 0 0 0 0
2308 4 0 0 4 0 0 0 0 0 0 0 0 0
2310 8 0 0 0 0 0 0 0 0 4 1 0 0
2311 24 0 0 6 1 0 3 0 0 0 0 0 0
2315 10 1 1 5 2 0 0 0 0 5 3 0 0
2316 3 0 0 0 0 0 1 0 0 0 0 0 0
2325 2 0 0 1 0 0 0 0 0 1 0 0 0
2329 4 0 0 2 0 0 0 0 0 2 0 0 0
2331 1 0 0 1 0 0 0 0 0 0 0 0 0
2338 4 1 1 1 0 0 1 0 0 0 0 0 0
2341 2 0 0 1 0 0 0 0 0 1 0 0 0
2345 3 1 1 2 0 0 0 0 0 1 0 0 0
2347 2 0 0 1 0 0 0 0 0 1 1 0 0
2357 1 1 1 0 0 0 1 0 0 0 0 0 0
2362 3 0 0 1 0 0 1 0 0 0 0 0 0
2365 1 0 0 0 0 0 1 0 0 0 0 0 0
2371 1 0 0 1 0 0 0 0 0 0 0 0 0
2372 5 1 1 2 0 0 1 0 0 0 0 0 0
2380 3 0 0 1 0 0 1 0 0 0 0 0 0
2387 1 0 0 0 0 0 1 0 0 0 0 0 0
2390 3 0 0 0 0 0 1 0 0 0 0 0 0
2394 3 0 0 0 0 0 1 0 0 0 0 0 0
2395 1 0 0 0 0 0 1 1 0 0 0 0 0
2396 1 0 0 0 0 0 1 0 0 0 0 0 0
2397 1 0 0 0 0 0 0 0 0 0 0 0 0
2401 1 0 0 0 0 0 1 0 0 0 0 0 0
2406 8 0 0 7 1 0 0 0 0 0 0 0 0
2538 1 0 0 1 0 0 0 0 0 0 0 0 0
2598 1 0 0 0 0 0 1 1 1 0 0 0 0
2600 2 0 0 0 0 0 0 0 0 0 0 0 0
2602 15 1 1 0 0 0 3 0 0 3 1 0 0
2604 2 0 0 0 0 0 0 0 0 0 0 0 0
2606 107 0 0 21 0 0 0 0 0 40 10 0 0
2607 19 0 0 0 0 0 0 0 0 0 0 0 0
2615 13 1 1 2 2 2 0 0 0 2 0 2 2
2640 2 1 1 1 0 0 0 0 0 1 0 0 0
2650 4 1 1 2 0 0 0 0 0 2 1 0 0
2652 2 0 0 0 0 0 1 0 0 0 0 0 0
2653 1 0 0 0 0 0 0 0 0 0 0 0 0
2687 5 2 2 2 0 0 0 0 0 2 1 0 0
2689 2 0 0 0 0 0 1 0 0 0 0 0 0
2690 2 0 0 0 0 0 1 0 0 0 0 0 0
2691 1 0 0 0 0 0 0 0 0 0 0 0 0
2727 5 0 0 1 0 0 0 0 0 1 0 0 0
2749 3 0 0 1 0 0 0 0 0 1 0 0 0
fn=handle_preload_list
183 3 0 0 1 0 0 0 0 0 1 0 0 0
806 1 0 0 0 0 0 1 1 1 0 0 0 0
810 2 0 0 0 0 0 1 0 0 0 0 0 0
811 2 0 0 1 0 0 1 0 0 0 0 0 0
812 1 0 0 0 0 0 1 0 0 0 0 0 0
814 1 0 0 1 0 0 0 0 0 0 0 0 0
816 6 1 1 0 0 0 1 0 0 0 0 0 0
817 3 0 0 1 0 0 0 0 0 1 0 0 0
825 3 0 0 1 0 0 0 0 0 0 0 0 0
869 13 2 2 1 1 1 8 1 1 0 0 0 0
870 3 0 0 0 0 0 0 0 0 0 0 0 0
874 5 0 0 2 0 0 0 0 0 2 0 0 0
877 4 1 1 0 0 0 1 0 0 0 0 0 0
878 3 0 0 0 0 0 0 0 0 1 1 0 0
880 4 1 1 0 0 0 1 0 0 0 0 0 0
881 2 0 0 0 0 0 1 0 0 0 0 0 0
887 1 0 0 0 0 0 0 0 0 0 0 0 0
889 2 0 0 1 0 0 0 0 0 0 0 0 0
891 2 1 1 1 0 0 0 0 0 1 0 0 0
892 1 0 0 0 0 0 0 0 0 0 0 0 0
895 9 0 0 7 0 0 0 0 0 0 0 0 0
fn=init_tls
734 4 1 1 0 0 0 3 0 0 0 0 0 0
736 2 0 0 1 0 0 1 0 0 0 0 0 0
740 3 0 0 1 0 0 0 0 0 1 0 0 0
746 2 0 0 0 0 0 1 0 0 0 0 0 0
749 1 0 0 0 0 0 1 0 0 0 0 0 0
750 1 0 0 0 0 0 0 0 0 0 0 0 0
751 1 0 0 0 0 0 0 0 0 0 0 0 0
755 1 0 0 0 0 0 0 0 0 0 0 0 0
757 1 0 0 0 0 0 1 0 0 0 0 0 0
761 2 1 1 1 1 1 0 0 0 1 0 0 0
762 2 0 0 0 0 0 0 0 0 0 0 0 0
763 12 0 0 1 0 0 0 0 0 5 3 0 0
764 4 1 1 4 0 0 0 0 0 0 0 0 0
765 8 1 1 4 0 0 0 0 0 4 3 0 0
769 3 0 0 0 0 0 1 1 1 0 0 0 0
771 1 0 0 0 0 0 0 0 0 0 0 0 0
773 3 0 0 1 0 0 0 0 0 1 0 0 0
776 2 0 0 0 0 0 1 0 0 0 0 0 0
779 1 0 0 0 0 0 1 0 0 0 0 0 0
786 2 1 1 0 0 0 1 0 0 0 0 0 0
787 2 0 0 0 0 0 0 0 0 1 0 0 0
793 2 0 0 1 0 0 1 0 0 0 0 0 0
797 1 0 0 0 0 0 1 0 0 0 0 0 0
800 5 0 0 4 0 0 0 0 0 0 0 0 0
fn=map_doit
641 6 1 1 0 0 0 2 0 0 0 0 0 0
643 4 0 0 1 0 0 0 0 0 0 0 0 0
644 6 0 0 2 0 0 2 0 0 0 0 0 0
646 3 0 0 3 0 0 0 0 0 0 0 0 0
fn=version_check_doit
674 6 2 2 0 0 0 2 0 0 0 0 0 0
676 6 0 0 2 0 0 1 0 0 1 1 0 0
680 3 0 0 3 0 0 0 0 0 0 0 0 0
fl=./elf/./get-dynamic-info.h
fn=_dl_start
45 75 0 0 19 5 5 0 0 0 19 2 0 0
49 36 0 0 0 0 0 0 0 0 18 12 0 0
51 10 0 0 0 0 0 0 0 0 5 0 0 0
52 5 1 1 0 0 0 0 0 0 0 0 0 0
54 20 0 0 0 0 0 0 0 0 5 1 0 0
55 16 0 0 0 0 0 0 0 0 0 0 0 0
56 5 0 0 0 0 0 0 0 0 1 1 0 0
59 4 1 1 0 0 0 0 0 0 1 1 0 0
62 4 1 1 0 0 0 0 0 0 1 0 0 0
64 4 0 0 0 0 0 0 0 0 0 0 0 0
68 18 0 0 0 0 0 18 7 7 0 0 0 0
72 3 0 0 0 0 0 0 0 0 1 0 0 0
84 4 0 0 2 0 0 0 0 0 1 0 0 0
85 3 0 0 1 0 0 0 0 0 1 1 0 0
86 4 1 1 2 0 0 0 0 0 1 0 0 0
87 4 0 0 2 0 0 0 0 0 1 0 0 0
88 5 0 0 2 0 0 0 0 0 1 0 0 0
89 3 1 1 1 0 0 0 0 0 1 1 0 0
90 4 0 0 2 0 0 0 0 0 1 0 0 0
91 4 0 0 2 0 0 0 0 0 1 0 0 0
103 10 2 2 2 0 0 1 0 0 2 1 0 0
110 3 0 0 1 1 1 0 0 0 1 1 0 0
123 3 2 2 2 0 0 0 0 0 1 0 0 0
129 3 0 0 1 0 0 0 0 0 1 0 0 0
130 3 0 0 2 0 0 0 0 0 1 0 0 0
133 2 0 0 1 0 0 0 0 0 1 0 0 0
134 3 0 0 1 0 0 0 0 0 1 0 0 0
139 5 1 1 2 0 0 0 0 0 2 0 0 0
142 5 0 0 2 0 0 0 0 0 2 0 0 0
fn=dl_main
39 4 0 0 2 0 0 0 0 0 1 0 0 0
43 1 0 0 0 0 0 0 0 0 0 0 0 0
45 95 0 0 24 6 6 0 0 0 24 2 0 0
49 46 1 1 0 0 0 0 0 0 23 9 0 0
51 8 0 0 0 0 0 0 0 0 4 0 0 0
52 4 0 0 0 0 0 0 0 0 0 0 0 0
54 17 0 0 0 0 0 0 0 0 4 1 0 0
55 13 0 0 0 0 0 0 0 0 0 0 0 0
56 5 1 1 0 0 0 0 0 0 1 0 0 0
59 4 0 0 0 0 0 0 0 0 1 1 0 0
62 4 1 1 0 0 0 0 0 0 1 0 0 0
64 4 0 0 0 0 0 0 0 0 0 0 0 0
68 23 0 0 0 0 0 23 7 7 0 0 0 0
72 4 0 0 2 0 0 0 0 0 1 0 0 0
110 4 1 1 2 0 0 0 0 0 1 0 0 0
115 2 0 0 1 0 0 0 0 0 1 0 0 0
122 3 0 0 2 0 0 0 0 0 1 0 0 0
123 4 1 1 3 0 0 0 0 0 1 0 0 0
129 3 0 0 1 0 0 0 0 0 1 1 0 0
147 4 0 0 2 0 0 0 0 0 1 1 0 0
162 4 1 1 2 1 1 0 0 0 1 1 0 0
184 3 1 1 2 0 0 0 0 0 1 1 0 0
fl=./elf/./setup-vdso.h
fn=dl_main
24 2 0 0 1 0 0 0 0 0 1 1 0 0
fl=./io/../sysdeps/unix/sysv/linux/access.c
fn=access
25 1 0 0 0 0 0 0 0 0 0 0 0 0
27 7 0 0 0 0 0 1 0 0 1 1 0 0
31 1 0 0 1 0 0 0 0 0 0 0 0 0
fl=./io/../sysdeps/unix/sysv/linux/close_nocancel.c
fn=__GI___close_nocancel
25 3 1 1 0 0 0 0 0 0 0 0 0 0
26 12 0 0 0 0 0 0 0 0 3 0 0 0
27 3 0 0 3 0 0 0 0 0 0 0 0 0
fl=./io/../sysdeps/unix/sysv/linux/fstat64.c
fn=fstat
30 6 2 2 0 0 0 0 0 0 0 0 0 0
39 24 2 2 0 0 0 0 0 0 6 0 0 0
72 6 0 0 6 0 0 0 0 0 0 0 0 0
fl=./io/../sysdeps/unix/sysv/linux/fstatat64.c
fn=fstatat
91 6 0 0 0 0 0 0 0 0 0 0 0 0
146 6 0 0 0 0 0 0 0 0 0 0 0 0
160 4 1 1 0 0 0 2 0 0 0 0 0 0
161 11 0 0 2 0 0 0 0 0 3 3 0 0
162 1 0 0 1 0 0 0 0 0 0 0 0 0
fl=./io/../sysdeps/unix/sysv/linux/open64.c
fn=open
30 24 1 1 2 0 0 10 0 0 0 0 0 0
33 10 1 1 0 0 0 0 0 0 3 1 0 0
36 5 0 0 0 0 0 3 0 0 0 0 0 0
37 1 0 0 1 0 0 0 0 0 0 0 0 0
41 18 0 0 2 0 0 0 0 0 4 1 0 0
43 16 1 1 12 0 0 0 0 0 2 0 0 0
fl=./io/../sysdeps/unix/sysv/linux/open64_nocancel.c
fn=__open_nocancel
28 24 1 1 0 0 0 12 0 0 0 0 0 0
31 42 0 0 0 0 0 0 0 0 12 0 0 0
39 51 1 1 0 0 0 3 0 0 6 3 0 0
41 12 0 0 12 0 0 0 0 0 0 0 0 0
fl=./io/../sysdeps/unix/sysv/linux/pread64_nocancel.c
fn=__pread64_nocancel
25 4 0 0 0 0 0 0 0 0 0 0 0 0
26 8 0 0 0 0 0 0 0 0 2 0 0 0
27 2 0 0 2 0 0 0 0 0 0 0 0 0
fl=./io/../sysdeps/unix/sysv/linux/read.c
fn=read
25 2 1 1 0 0 0 0 0 0 0 0 0 0
26 12 0 0 2 0 0 0 0 0 4 0 0 0
27 2 0 0 2 0 0 0 0 0 0 0 0 0
fl=./io/../sysdeps/unix/sysv/linux/read_nocancel.c
fn=__read_nocancel
25 2 1 1 0 0 0 0 0 0 0 0 0 0
26 8 0 0 0 0 0 0 0 0 2 0 0 0
27 2 0 0 2 0 0 0 0 0 0 0 0 0
fl=./io/../sysdeps/unix/sysv/linux/stat64.c
fn=stat
28 6 0 0 0 0 0 0 0 0 0 0 0 0
29 12 0 0 0 0 0 0 0 0 0 0 0 0
fl=./io/../sysdeps/unix/sysv/linux/write.c
fn=write
25 17 1 1 0 0 0 0 0 0 0 0 0 0
26 102 0 0 17 0 0 0 0 0 34 0 0 0
27 17 0 0 17 0 0 0 0 0 0 0 0 0
fl=./libio/../string/bits/string_fortified.h
fn=_IO_file_xsgetn
29 3 0 0 0 0 0 1 0 0 0 0 0 0
fl=./libio/./libio/filedoalloc.c
fn=_IO_file_doallocate
78 22 2 2 2 0 0 10 0 0 0 0 0 0
84 18 1 1 6 2 0 2 0 0 4 1 2 1
86 8 0 0 2 1 0 0 0 0 2 0 0 0
97 8 0 0 2 0 0 0 0 0 2 0 0 0
101 6 0 0 0 0 0 2 0 0 0 0 0 0
102 4 0 0 0 0 0 0 0 0 2 0 0 0
104 8 1 1 0 0 0 2 0 0 0 0 0 0
105 2 0 0 0 0 0 0 0 0 0 0 0 0
106 18 0 0 14 0 0 0 0 0 2 1 0 0
fl=./libio/./libio/fileno.c
fn=fileno
32 1 1 1 0 0 0 0 0 0 0 0 0 0
35 5 0 0 2 0 0 0 0 0 2 0 0 0
42 1 0 0 1 0 0 0 0 0 0 0 0 0
fl=./libio/./libio/fileops.c
fn=_IO_do_write@@GLIBC_2.2.5
424 205 1 1 0 0 0 102 3 0 0 0 0 0
426 122 0 0 0 0 0 0 0 0 18 5 0 0
427 137 0 0 120 0 0 0 0 0 0 0 0 0
434 34 1 1 17 0 0 0 0 0 17 0 0 0
441 68 0 0 34 0 0 0 0 0 17 3 0 0
444 17 0 0 17 0 0 0 0 0 0 0 0 0
449 85 0 0 17 1 0 17 0 0 0 0 17 1
450 85 1 1 17 0 0 0 0 0 17 0 0 0
452 51 0 0 17 0 0 34 0 0 0 0 0 0
453 34 0 0 0 0 0 17 0 0 0 0 0 0
454 17 0 0 0 0 0 17 0 0 0 0 0 0
455 51 1 1 17 0 0 0 0 0 17 0 0 0
456 85 0 0 34 0 0 0 0 0 17 2 0 0
fn=_IO_file_fopen@@GLIBC_2.2.5
213 24 1 1 2 0 0 14 0 0 0 0 0 0
214 1 1 1 0 0 0 0 0 0 0 0 0 0
222 4 0 0 2 0 0 0 0 0 2 0 0 0
224 18 1 1 2 1 1 0 0 0 3 2 0 0
227 1 0 0 0 0 0 0 0 0 0 0 0 0
228 2 0 0 0 0 0 0 0 0 0 0 0 0
247 52 4 4 6 2 2 0 0 0 14 5 2 2
272 1 0 0 0 0 0 0 0 0 0 0 0 0
273 2 1 1 0 0 0 0 0 0 0 0 0 0
281 10 0 0 0 0 0 2 0 0 0 0 0 0
284 4 0 0 0 0 0 0 0 0 2 0 0 0
287 8 0 0 0 0 0 2 0 0 0 0 0 0
288 4 0 0 0 0 0 0 0 0 2 2 0 0
357 24 0 0 18 0 0 0 0 0 2 0 0 0
fn=_IO_file_open
182 24 1 1 0 0 0 8 0 0 0 0 0 0
184 4 1 1 2 0 0 0 0 0 2 0 0 0
185 2 0 0 0 0 0 0 0 0 0 0 0 0
188 4 0 0 0 0 0 2 0 0 0 0 0 0
189 4 0 0 0 0 0 0 0 0 2 1 0 0
191 2 0 0 0 0 0 2 0 0 0 0 0 0
192 12 0 0 2 0 0 2 0 0 0 0 0 0
195 6 0 0 0 0 0 0 0 0 2 2 0 0
205 4 1 1 0 0 0 2 0 0 0 0 0 0
206 2 0 0 0 0 0 0 0 0 0 0 0 0
207 12 1 1 10 0 0 0 0 0 0 0 0 0
fn=_IO_file_overflow@@GLIBC_2.2.5
732 144 2 2 0 0 0 72 0 0 0 0 0 0
733 72 0 0 18 0 0 0 0 0 18 0 0 0
740 88 0 0 18 0 0 0 0 0 35 1 0 0
743 2 1 1 0 0 0 0 0 0 1 1 0 0
745 2 1 1 0 0 0 1 0 0 0 0 0 0
746 6 0 0 1 0 0 2 0 0 0 0 0 0
755 3 1 1 1 0 0 0 0 0 1 0 0 0
764 3 0 0 1 0 0 0 0 0 1 0 0 0
765 1 0 0 0 0 0 0 0 0 0 0 0 0
766 1 0 0 0 0 0 1 0 0 0 0 0 0
767 1 0 0 0 0 0 1 0 0 0 0 0 0
768 1 0 0 0 0 0 1 0 0 0 0 0 0
769 3 0 0 1 0 0 2 0 0 0 0 0 0
771 3 0 0 0 0 0 1 0 0 0 0 0 0
772 5 1 1 1 0 0 0 0 0 1 1 0 0
775 36 1 1 0 0 0 0 0 0 18 2 0 0
776 10 0 0 0 0 0 0 0 0 0 0 0 0
777 22 0 0 17 0 0 0 0 0 0 0 0 0
778 26 0 0 13 0 0 0 0 0 13 1 0 0
779 104 1 1 13 0 0 13 0 0 26 4 0 0
781 65 0 0 13 0 0 26 0 0 0 0 0 0
782 39 0 0 13 0 0 0 0 0 13 0 0 0
783 52 0 0 0 0 0 0 0 0 13 0 0 0
787 13 0 0 0 0 0 0 0 0 0 0 0 0
788 103 0 0 85 0 0 0 0 0 0 0 0 0
fn=_IO_file_read
1131 2 1 1 0 0 0 0 0 0 0 0 0 0
1133 2 0 0 2 0 0 0 0 0 0 0 0 0
1134 6 0 0 2 0 0 0 0 0 2 0 0 0
fn=_IO_file_setbuf@@GLIBC_2.2.5
382 12 1 1 0 0 0 4 0 0 0 0 0 0
383 6 0 0 0 0 0 2 0 0 2 0 0 0
386 2 0 0 2 0 0 0 0 0 0 0 0 0
388 6 0 0 0 0 0 6 0 0 0 0 0 0
390 4 0 0 0 0 0 0 0 0 0 0 0 0
391 6 0 0 6 0 0 0 0 0 0 0 0 0
fn=_IO_file_stat
1147 2 1 1 0 0 0 0 0 0 0 0 0 0
1148 4 0 0 2 0 0 0 0 0 0 0 0 0
fn=_IO_file_sync@@GLIBC_2.2.5
793 14 1 1 0 0 0 6 0 0 0 0 0 0
798 8 0 0 4 0 0 0 0 0 2 2 0 0
800 2 1 1 2 0 0 0 0 0 0 0 0 0
801 4 0 0 2 0 0 0 0 0 2 2 0 0
812 4 1 1 0 0 0 2 0 0 0 0 0 0
816 10 0 0 8 0 0 0 0 0 0 0 0 0
fn=_IO_file_underflow@@GLIBC_2.2.5
462 10 1 1 0 0 0 6 0 0 0 0 0 0
466 3 0 0 1 0 0 0 0 0 1 0 0 0
469 2 0 0 0 0 0 0 0 0 1 0 0 0
475 3 0 0 2 0 0 0 0 0 1 0 0 0
478 2 1 1 1 0 0 0 0 0 1 0 0 0
490 2 0 0 0 0 0 0 0 0 1 1 0 0
506 2 0 0 0 0 0 1 0 0 0 0 0 0
512 6 1 1 1 0 0 3 0 0 0 0 0 0
517 5 0 0 3 0 0 1 0 0 0 0 1 1
519 2 0 0 0 0 0 0 0 0 1 0 0 0
526 1 0 0 1 0 0 0 0 0 0 0 0 0
535 3 0 0 1 0 0 0 0 0 1 1 0 0
537 2 1 1 2 0 0 0 0 0 0 0 0 0
538 8 0 0 7 0 0 0 0 0 0 0 0 0
fn=_IO_file_write@@GLIBC_2.2.5
1174 136 1 1 0 0 0 85 3 0 0 0 0 0
1175 34 0 0 0 0 0 0 0 0 0 0 0 0
1176 102 0 0 0 0 0 0 0 0 34 2 0 0
1180 51 1 1 17 1 0 0 0 0 0 0 0 0
1181 51 0 0 17 0 0 17 0 0 17 4 0 0
1182 34 0 0 0 0 0 0 0 0 17 0 0 0
1187 17 0 0 0 0 0 0 0 0 0 0 0 0
1188 17 0 0 0 0 0 0 0 0 0 0 0 0
1190 51 0 0 0 0 0 0 0 0 0 0 0 0
1191 51 0 0 17 1 0 0 0 0 17 2 0 0
1194 102 0 0 102 0 0 0 0 0 0 0 0 0
fn=_IO_file_xsgetn
1273 12 2 2 0 0 0 7 0 0 0 0 0 0
1280 2 0 0 1 0 0 0 0 0 1 1 0 0
1283 3 1 1 1 0 0 0 0 0 1 1 0 0
1288 3 1 1 0 0 0 1 0 0 0 0 0 0
1291 9 0 0 2 0 0 0 0 0 2 1 0 0
1293 9 0 0 6 0 0 0 0 0 0 0 0 0
1294 6 0 0 0 0 0 0 0 0 3 1 0 0
1297 1 0 0 1 0 0 0 0 0 0 0 0 0
1302 4 1 1 0 0 0 0 0 0 2 0 0 0
1310 4 0 0 2 0 0 0 0 0 2 0 0 0
1319 6 0 0 2 0 0 0 0 0 2 0 0 0
1320 8 0 0 2 0 0 0 0 0 2 1 0 0
1322 4 2 2 0 0 0 1 0 0 1 1 0 0
1330 3 0 0 0 0 0 3 0 0 0 0 0 0
1331 3 0 0 0 0 0 3 0 0 0 0 0 0
1338 2 0 0 0 0 0 0 0 0 1 0 0 0
1339 6 1 1 0 0 0 0 0 0 0 0 0 0
1342 4 1 1 2 0 0 1 0 0 0 0 1 1
1343 2 0 0 0 0 0 0 0 0 1 0 0 0
1353 1 0 0 0 0 0 0 0 0 0 0 0 0
1354 1 0 0 0 0 0 0 0 0 0 0 0 0
1355 3 0 0 1 0 0 0 0 0 1 1 0 0
1361 8 1 1 7 0 0 0 0 0 0 0 0 0
fn=_IO_file_xsputn@@GLIBC_2.2.5
1198 36 1 1 0 0 0 24 0 0 0 0 0 0
1200 4 1 1 0 0 0 0 0 0 0 0 0 0
1204 16 1 1 0 0 0 0 0 0 4 0 0 0
1205 4 0 0 0 0 0 0 0 0 0 0 0 0
1211 16 0 0 4 0 0 0 0 0 4 0 0 0
1213 8 0 0 4 0 0 0 0 0 0 0 0 0
1228 12 0 0 4 0 0 0 0 0 4 2 0 0
1244 24 0 0 8 0 0 4 0 0 4 0 4 1
1250 8 0 0 8 0 0 0 0 0 0 0 0 0
1251 20 1 1 0 0 0 0 0 0 4 0 0 0
1253 12 0 0 0 0 0 0 0 0 4 0 0 0
1264 8 0 0 0 0 0 0 0 0 4 0 0 0
1265 16 0 0 0 0 0 4 0 0 0 0 0 0
1267 12 0 0 0 0 0 0 0 0 0 0 0 0
1268 36 1 1 28 0 0 0 0 0 0 0 0 0
fn=_IO_new_file_init_internal
106 12 1 1 0 0 0 4 0 0 0 0 0 0
110 2 0 0 0 0 0 2 0 0 0 0 0 0
111 2 0 0 2 0 0 0 0 0 0 0 0 0
113 2 0 0 0 0 0 2 0 0 0 0 0 0
114 2 0 0 0 0 0 2 0 0 0 0 0 0
115 6 0 0 6 0 0 0 0 0 0 0 0 0
fl=./libio/./libio/genops.c
fn=_IO_cleanup
776 6 0 0 0 0 0 3 0 0 0 0 0 0
777 12 3 3 7 0 0 2 0 0 1 1 0 0
780 19 1 1 6 0 0 0 0 0 6 5 0 0
784 5 0 0 0 0 0 5 0 0 0 0 0 0
785 60 2 2 25 0 0 10 0 0 10 5 0 0
792 11 0 0 0 0 0 0 0 0 5 4 0 0
794 12 0 0 4 0 0 0 0 0 4 2 0 0
796 8 1 1 2 0 0 0 0 0 2 0 0 0
798 4 0 0 0 0 0 2 0 0 0 0 0 0
800 6 0 0 4 0 0 2 0 0 0 0 0 0
801 2 0 0 0 0 0 2 0 0 0 0 0 0
805 10 1 1 4 0 0 2 0 0 0 0 2 1
807 6 0 0 2 0 0 0 0 0 2 0 0 0
814 5 0 0 0 0 0 5 0 0 0 0 0 0
816 51 1 1 12 0 0 10 0 0 14 5 0 0
817 5 0 0 0 0 0 5 0 0 0 0 0 0
821 7 0 0 2 0 0 2 0 0 2 0 0 0
822 2 0 0 0 0 0 1 0 0 0 0 0 0
842 12 2 2 1 0 0 7 0 0 0 0 0 0
843 2 0 0 0 0 0 1 0 0 0 0 0 0
855 12 1 1 9 0 0 0 0 0 1 0 0 0
fn=_IO_default_setbuf
330 10 0 0 2 0 0 0 0 0 2 2 0 0
332 2 0 0 0 0 0 2 0 0 0 0 0 0
333 2 0 0 0 0 0 2 0 0 0 0 0 0
337 4 0 0 0 0 0 2 0 0 0 0 0 0
452 20 1 1 0 0 0 10 0 0 0 0 0 0
453 10 1 1 4 0 0 2 0 0 2 0 2 1
455 8 0 0 0 0 0 0 0 0 2 2 0 0
457 6 1 1 2 0 0 2 0 0 0 0 0 0
458 4 1 1 0 0 0 0 0 0 0 0 0 0
462 2 0 0 0 0 0 0 0 0 0 0 0 0
466 8 0 0 0 0 0 6 0 0 0 0 0 0
467 2 0 0 0 0 0 0 0 0 0 0 0 0
468 12 0 0 12 0 0 0 0 0 0 0 0 0
fn=_IO_default_xsputn
371 44 1 1 0 0 0 28 0 0 0 0 0 0
373 8 0 0 0 0 0 0 0 0 0 0 0 0
374 16 0 0 0 0 0 0 0 0 4 0 0 0
375 4 1 1 4 0 0 0 0 0 0 0 0 0
379 16 1 1 8 0 0 0 0 0 4 0 0 0
381 4 0 0 0 0 0 0 0 0 0 0 0 0
382 8 0 0 0 0 0 0 0 0 0 0 0 0
384 8 0 0 0 0 0 0 0 0 4 2 0 0
389 16 2 2 0 0 0 0 0 0 4 2 0 0
393 84 1 1 0 0 0 0 0 0 28 16 0 0
394 48 0 0 24 0 0 24 0 0 0 0 0 0
395 16 0 0 0 0 0 4 0 0 0 0 0 0
397 4 0 0 0 0 0 0 0 0 0 0 0 0
399 8 0 0 0 0 0 0 0 0 4 2 0 0
404 32 0 0 28 0 0 0 0 0 0 0 0 0
fn=_IO_doallocbuf
343 16 1 1 0 0 0 8 1 0 0 0 0 0
344 4 0 0 2 0 0 0 0 0 2 2 0 0
346 6 0 0 2 0 0 0 0 0 2 2 0 0
347 10 1 1 4 2 0 2 0 0 2 2 2 1
350 12 2 1 10 0 0 0 0 0 0 0 0 0
fn=_IO_flush_all
686 12 1 1 1 0 0 7 0 0 0 0 0 0
687 3 1 1 0 0 0 0 0 0 0 0 0 0
691 6 1 1 0 0 0 3 0 0 0 0 0 0
692 9 2 2 4 1 0 2 0 0 1 1 0 0
695 18 0 0 6 2 0 0 0 0 6 4 0 0
697 5 1 1 0 0 0 5 0 0 0 0 0 0
698 60 1 1 25 12 1 10 0 0 10 4 0 0
700 34 2 2 15 7 2 0 0 0 10 1 0 0
705 4 1 1 2 1 0 1 0 0 0 0 1 1
706 3 0 0 0 0 0 0 0 0 0 0 0 0
708 55 1 1 20 0 0 10 0 0 15 0 0 0
709 5 0 0 0 0 0 5 0 0 0 0 0 0
713 7 2 2 2 0 0 2 0 0 2 0 0 0
714 2 0 0 0 0 0 1 0 0 0 0 0 0
718 12 0 0 9 0 0 0 0 0 1 0 0 0
fn=_IO_link_in
87 28 1 1 0 0 0 16 0 0 0 0 0 0
88 20 0 0 8 0 0 4 0 0 4 2 0 0
90 4 1 1 0 0 0 2 0 0 0 0 0 0
92 14 0 0 0 0 0 6 0 0 0 0 0 0
93 18 2 2 6 0 0 4 0 0 2 2 0 0
94 2 0 0 0 0 0 2 0 0 0 0 0 0
95 18 2 2 8 0 0 4 0 0 4 2 0 0
97 4 0 0 2 0 0 2 0 0 0 0 0 0
98 2 0 0 0 0 0 2 0 0 0 0 0 0
100 10 0 0 2 0 0 4 0 0 2 0 0 0
101 2 0 0 0 0 0 2 0 0 0 0 0 0
102 12 1 1 2 0 0 4 0 0 2 0 0 0
103 4 1 1 0 0 0 2 0 0 0 0 0 0
106 38 0 0 28 0 0 0 0 0 4 0 0 0
fn=_IO_no_init
563 22 1 1 0 0 0 10 0 0 0 0 0 0
564 2 0 0 0 0 0 2 0 0 0 0 0 0
565 2 1 1 0 0 0 2 1 1 0 0 0 0
566 4 0 0 0 0 0 0 0 0 2 0 0 0
568 2 0 0 0 0 0 2 0 0 0 0 0 0
572 12 0 0 0 0 0 10 1 1 0 0 0 0
579 2 0 0 0 0 0 2 2 2 0 0 0 0
581 2 0 0 0 0 0 2 0 0 0 0 0 0
587 2 1 1 0 0 0 2 0 0 0 0 0 0
588 12 0 0 12 0 0 0 0 0 0 0 0 0
fn=_IO_old_init
531 2 1 1 0 0 0 0 0 0 0 0 0 0
532 4 0 0 0 0 0 2 1 1 0 0 0 0
534 12 1 1 2 1 1 2 0 0 0 0 0 0
539 14 0 0 0 0 0 12 1 1 0 0 0 0
544 2 0 0 0 0 0 2 1 1 0 0 0 0
550 4 0 0 0 0 0 2 0 0 0 0 0 0
555 6 0 0 2 0 0 0 0 0 2 2 0 0
556 4 0 0 0 0 0 4 2 2 0 0 0 0
558 2 0 0 2 0 0 0 0 0 0 0 0 0
fn=_IO_setb
329 22 2 2 0 0 0 10 0 0 0 0 0 0
330 8 0 0 4 0 0 0 0 0 2 2 0 0
332 2 0 0 0 0 0 2 0 0 0 0 0 0
333 2 0 0 0 0 0 2 0 0 0 0 0 0
335 12 0 0 0 0 0 2 0 0 0 0 0 0
338 12 0 0 12 0 0 0 0 0 0 0 0 0
fn=_IO_sgetn
409 5 1 1 0 0 0 2 0 0 0 0 0 0
411 3 0 0 2 2 0 0 0 0 0 0 1 1
412 2 0 0 2 0 0 0 0 0 0 0 0 0
fn=_IO_switch_to_get_mode
164 6 1 1 0 0 0 3 0 0 0 0 0 0
165 3 0 0 2 0 0 0 0 0 1 1 0 0
168 3 1 1 1 0 0 0 0 0 1 0 0 0
172 2 0 0 1 0 0 1 0 0 0 0 0 0
173 2 0 0 1 0 0 0 0 0 1 1 0 0
176 1 0 0 0 0 0 1 0 0 0 0 0 0
178 2 1 1 0 0 0 2 0 0 0 0 0 0
180 2 0 0 0 0 0 1 0 0 0 0 0 0
181 1 0 0 0 0 0 0 0 0 0 0 0 0
182 4 0 0 4 0 0 0 0 0 0 0 0 0
fn=__overflow
199 65 1 1 0 0 0 26 3 0 0 0 0 0
201 39 0 0 13 0 0 0 0 0 13 4 0 0
203 39 0 0 26 0 0 0 0 0 0 0 13 1
204 26 0 0 26 0 0 0 0 0 0 0 0 0
fn=__underflow
173 1 0 0 1 0 0 0 0 0 0 0 0 0
269 6 1 1 0 0 0 3 0 0 0 0 0 0
270 4 1 1 1 0 0 1 0 0 1 0 0 0
275 3 0 0 1 0 0 0 0 0 1 0 0 0
278 3 0 0 1 0 0 0 0 0 1 0 0 0
280 2 0 0 0 0 0 0 0 0 1 0 0 0
286 2 0 0 1 0 0 0 0 0 1 0 0 0
291 3 1 1 1 0 0 0 0 0 1 1 0 0
293 4 1 1 2 0 0 0 0 0 0 0 1 1
294 3 0 0 3 0 0 0 0 0 0 0 0 0
fl=./libio/./libio/iofopen.c
fn=fopen@@GLIBC_2.2.5
37 4 0 0 2 0 0 0 0 0 2 2 0 0
65 4 0 0 0 0 0 2 0 0 0 0 0 0
67 6 1 1 0 0 0 0 0 0 2 0 0 0
70 4 0 0 0 0 0 2 2 2 0 0 0 0
72 14 0 0 0 0 0 2 0 0 0 0 0 0
73 4 0 0 0 0 0 2 0 0 0 0 0 0
74 4 1 1 0 0 0 2 0 0 0 0 0 0
75 14 0 0 0 0 0 2 0 0 2 0 0 0
85 18 1 1 0 0 0 10 0 0 0 0 0 0
87 14 1 1 12 0 0 0 0 0 0 0 0 0
fl=./libio/./libio/iofread.c
fn=fread
31 9 1 1 0 0 0 6 0 0 0 0 0 0
32 2 0 0 0 0 0 0 0 0 0 0 0 0
35 6 0 0 0 0 0 0 0 0 1 0 0 0
37 14 2 2 6 1 0 3 0 0 2 1 0 0
38 4 1 1 0 0 0 1 0 0 0 0 0 0
40 4 0 0 0 0 0 0 0 0 1 1 0 0
41 9 0 0 7 0 0 0 0 0 0 0 0 0
fl=./libio/./libio/libioP.h
fn=_IO_cleanup
1025 5 1 1 0 0 0 0 0 0 0 0 0 0
1026 4 0 0 0 0 0 0 0 0 2 0 0 0
fn=_IO_default_setbuf
1025 6 0 0 0 0 0 0 0 0 0 0 0 0
1026 4 0 0 0 0 0 0 0 0 2 0 0 0
fn=_IO_default_xsputn
1025 4 0 0 0 0 0 0 0 0 0 0 0 0
fn=_IO_do_write@@GLIBC_2.2.5
1025 51 1 1 0 0 0 0 0 0 0 0 0 0
1026 34 0 0 0 0 0 0 0 0 17 2 0 0
fn=_IO_doallocbuf
1025 6 0 0 0 0 0 0 0 0 0 0 0 0
1026 4 0 0 0 0 0 0 0 0 2 0 0 0
fn=_IO_file_doallocate
1025 6 0 0 0 0 0 0 0 0 0 0 0 0
1026 4 0 0 0 0 0 0 0 0 2 0 0 0
fn=_IO_file_underflow@@GLIBC_2.2.5
1025 4 1 1 0 0 0 0 0 0 0 0 0 0
1026 2 0 0 0 0 0 0 0 0 1 0 0 0
fn=_IO_file_xsgetn
1025 3 0 0 0 0 0 0 0 0 0 0 0 0
1026 2 0 0 0 0 0 0 0 0 1 0 0 0
fn=_IO_file_xsputn@@GLIBC_2.2.5
1025 12 0 0 0 0 0 0 0 0 0 0 0 0
1026 8 0 0 0 0 0 0 0 0 4 0 0 0
fn=_IO_flush_all
1025 4 0 0 0 0 0 0 0 0 0 0 0 0
1026 2 0 0 0 0 0 0 0 0 1 1 0 0
fn=_IO_sgetn
1025 3 0 0 0 0 0 0 0 0 0 0 0 0
1026 2 0 0 0 0 0 0 0 0 1 0 0 0
fn=__overflow
1025 39 0 0 0 0 0 0 0 0 0 0 0 0
1026 26 0 0 0 0 0 0 0 0 13 0 0 0
fn=__underflow
1025 3 0 0 0 0 0 0 0 0 0 0 0 0
1026 2 0 0 0 0 0 0 0 0 1 0 0 0
fn=fread
979 2 0 0 1 0 0 0 0 0 1 0 0 0
980 9 1 1 3 0 0 2 0 0 2 0 0 0
fl=./libio/./libio/vtables.c
fn=check_stdfiles_vtables
545 1 1 1 0 0 0 0 0 0 0 0 0 0
546 4 0 0 2 0 0 0 0 0 1 1 0 0
547 3 1 1 2 0 0 0 0 0 1 0 0 0
548 3 0 0 2 0 0 0 0 0 1 0 0 0
550 1 0 0 1 0 0 0 0 0 0 0 0 0
fl=./malloc/../string/bits/string_fortified.h
fn=calloc
59 4 0 0 0 0 0 0 0 0 0 0 0 0
fn=tcache_init.part.0
59 88 1 1 0 0 0 81 9 9 80 10 0 0
fl=./malloc/../sysdeps/unix/sysv/linux/not-cancel.h
fn=ptmalloc_init.part.0
97 6 1 1 0 0 0 0 0 0 0 0 0 0
fl=./malloc/./malloc/arena.c
fn=calloc
153 23814 1 1 0 0 0 0 0 0 11907 5 0 0
fn=free
153 35721 0 0 0 0 0 0 0 0 11907 6 0 0
fn=malloc
153 8 0 0 0 0 0 0 0 0 4 2 0 0
264 1 1 1 0 0 0 1 0 0 0 0 0 0
fn=ptmalloc_init.part.0
262 8 1 1 1 0 0 4 0 0 0 0 0 0
267 1 0 0 0 0 0 1 0 0 0 0 0 0
292 2 1 1 1 0 0 0 0 0 1 1 0 0
296 3 0 0 1 1 0 1 0 0 0 0 0 0
300 4 0 0 0 0 0 1 0 0 0 0 0 0
301 4 1 1 0 0 0 1 0 0 0 0 0 0
302 4 0 0 0 0 0 1 0 0 0 0 0 0
303 4 0 0 0 0 0 1 0 0 0 0 0 0
304 4 1 1 0 0 0 1 0 0 0 0 0 0
305 4 0 0 0 0 0 1 0 0 0 0 0 0
306 4 0 0 0 0 0 1 0 0 0 0 0 0
308 4 1 1 0 0 0 1 0 0 0 0 0 0
309 4 0 0 0 0 0 1 0 0 0 0 0 0
310 4 0 0 0 0 0 1 0 0 0 0 0 0
313 4 0 0 0 0 0 1 0 0 0 0 0 0
314 4 1 1 0 0 0 1 0 0 0 0 0 0
316 2 0 0 1 1 1 0 0 0 1 0 0 0
326 8 0 0 6 0 0 0 0 0 1 0 0 0
fl=./malloc/./malloc/malloc.c
fn=_int_free
1792 11900 0 0 11900 1 0 0 0 0 0 0 0 0
1992 35697 1 1 11899 0 0 0 0 0 11899 0 0 0
3163 14 1 1 7 0 0 7 0 0 0 0 0 0
3165 28 0 0 7 1 0 7 0 0 0 0 0 0
3166 7 0 0 0 0 0 7 0 0 0 0 0 0
3167 14 0 0 0 0 0 7 0 0 0 0 0 0
4495 83349 1 1 0 0 0 47628 0 0 0 0 0 0
4499 35721 1 1 11907 0 0 0 0 0 0 0 0 0
4505 47628 0 0 0 0 0 0 0 0 11907 0 0 0
4506 23814 0 0 0 0 0 0 0 0 11907 0 0 0
4510 59535 0 0 0 0 0 0 0 0 11907 0 0 0
4517 23814 0 0 0 0 0 0 0 0 0 0 0 0
4518 71442 1 1 35721 1 0 0 0 0 23814 1 0 0
4521 11906 0 0 0 0 0 0 0 0 0 0 0 0
4527 35718 0 0 23812 1 1 0 0 0 11906 0 0 0
4547 59530 1 1 23812 1 0 0 0 0 11906 3 0 0
4550 7 0 0 0 0 0 0 0 0 0 0 0 0
4561 23800 0 0 0 0 0 0 0 0 11900 0 0 0
4572 47596 0 0 11899 5827 0 0 0 0 11899 0 0 0
4574 35697 0 0 11899 1 0 0 0 0 11899 1 0 0
4593 11899 0 0 0 0 0 0 0 0 0 0 0 0
4595 11899 0 0 0 0 0 11899 1 0 0 0 0 0
4596 11899 0 0 0 0 0 0 0 0 0 0 0 0
4600 35697 0 0 11899 0 0 0 0 0 0 0 0 0
4602 23798 0 0 11899 0 0 0 0 0 11899 0 0 0
4606 23798 0 0 0 0 0 0 0 0 11899 2 0 0
4608 35697 0 0 0 0 0 11899 0 0 0 0 0 0
4609 11899 0 0 0 0 0 11899 0 0 0 0 0 0
4628 47596 0 0 0 0 0 0 0 0 11899 2 0 0
4637 2 0 0 1 0 0 0 0 0 1 0 0 0
4640 2 0 0 1 0 0 0 0 0 0 0 0 0
4643 2 1 1 0 0 0 0 0 0 1 0 0 0
4646 2 0 0 0 0 0 0 0 0 0 0 0 0
4658 71441 1 1 59534 0 0 0 0 0 0 0 0 0
fn=_int_free_maybe_consolidate
4770 11 1 1 1 1 0 7 0 0 0 0 0 0
4776 2 0 0 0 0 0 0 0 0 1 0 0 0
4798 11 1 1 9 0 0 0 0 0 1 1 0 0
fn=_int_free_merge_chunk
1992 3 0 0 1 0 0 0 0 0 1 0 0 0
4665 8 1 1 0 0 0 6 0 0 0 0 0 0
4666 1 0 0 0 0 0 0 0 0 0 0 0 0
4670 6 0 0 1 1 0 0 0 0 1 0 0 0
4673 4 1 1 1 0 0 0 0 0 2 2 0 0
4675 3 1 1 1 1 0 0 0 0 0 0 0 0
4678 3 0 0 1 1 0 0 0 0 1 0 0 0
4681 2 0 0 0 0 0 0 0 0 0 0 0 0
4682 2 0 0 0 0 0 0 0 0 1 0 0 0
4683 2 0 0 1 0 0 0 0 0 1 0 0 0
4689 2 1 1 1 0 0 0 0 0 1 1 0 0
4701 3 0 0 0 0 0 0 0 0 0 0 0 0
4702 7 0 0 6 0 0 0 0 0 0 0 0 0
4714 2 0 0 1 0 0 0 0 0 1 0 0 0
4720 2 0 0 1 1 0 0 0 0 1 0 0 0
4724 1 0 0 1 0 0 0 0 0 0 0 0 0
4732 1 0 0 0 0 0 0 0 0 0 0 0 0
4733 4 1 1 1 0 0 0 0 0 0 0 0 0
4734 2 0 0 1 0 0 0 0 0 1 0 0 0
4736 1 0 0 0 0 0 1 0 0 0 0 0 0
4738 2 0 0 0 0 0 0 0 0 1 1 0 0
4740 3 1 1 0 0 0 1 0 0 0 0 0 0
4743 1 0 0 0 0 0 1 0 0 0 0 0 0
4744 1 0 0 0 0 0 1 0 0 0 0 0 0
4746 3 0 0 0 0 0 1 0 0 0 0 0 0
4747 1 0 0 0 0 0 1 0 0 0 0 0 0
fn=_int_malloc
1326 23826 0 0 0 0 0 0 0 0 11913 0 0 0
1345 71478 0 0 0 0 0 0 0 0 11913 1 0 0
1794 11913 1 1 11913 0 0 0 0 0 0 0 0 0
2008 20 1 1 5 0 0 0 0 0 5 0 0 0
2017 2 1 1 2 0 0 0 0 0 0 0 0 0
2552 30 1 1 10 6 0 10 0 0 0 0 0 0
2553 4 1 1 0 0 0 4 0 0 0 0 0 0
2564 10 1 1 5 4 0 0 0 0 5 2 0 0
2565 3 0 0 2 0 0 0 0 0 1 0 0 0
2568 4 0 0 1 0 0 0 0 0 1 0 0 0
2576 6 0 0 1 0 0 2 0 0 0 0 0 0
2577 2 0 0 0 0 0 0 0 0 1 0 0 0
2589 16 0 0 4 0 0 4 0 0 0 0 0 0
2590 8 0 0 0 0 0 4 0 0 0 0 0 0
2599 40 1 1 9 0 0 0 0 0 10 2 0 0
2605 9 0 0 6 0 0 0 0 0 3 0 0 0
2608 12 1 1 0 0 0 0 0 0 4 3 0 0
2669 12 1 1 4 0 0 4 0 0 0 0 0 0
2677 8 0 0 4 0 0 0 0 0 4 0 0 0
2678 12 0 0 4 0 0 4 0 0 0 0 0 0
2691 12 1 1 4 0 0 0 0 0 4 0 0 0
2693 4 0 0 4 0 0 0 0 0 0 0 0 0
2699 20 0 0 4 0 0 4 0 0 0 0 0 0
2707 8 0 0 0 0 0 0 0 0 4 3 0 0
2709 16 2 2 0 0 0 8 0 0 0 0 0 0
2710 12 0 0 4 0 0 0 0 0 4 0 0 0
2711 4 0 0 0 0 0 0 0 0 0 0 0 0
2712 4 0 0 0 0 0 0 0 0 0 0 0 0
2715 8 0 0 0 0 0 0 0 0 4 0 0 0
2744 24 1 1 10 1 1 0 0 0 4 1 0 0
2745 1 1 1 0 0 0 1 0 0 0 0 0 0
2746 8 0 0 0 0 0 4 0 0 0 0 0 0
2752 32 0 0 4 0 0 0 0 0 7 0 0 0
2753 18 0 0 3 0 0 3 0 0 0 0 0 0
2755 4 1 1 2 0 0 0 0 0 2 2 0 0
2782 2 0 0 0 0 0 0 0 0 0 0 0 0
2783 1 0 0 0 0 0 0 0 0 0 0 0 0
2795 3 1 1 0 0 0 0 0 0 1 1 0 0
2814 2 0 0 1 0 0 0 0 0 0 0 0 0
2817 2 0 0 0 0 0 0 0 0 0 0 0 0
2818 6 1 1 1 0 0 0 0 0 0 0 0 0
2820 1 0 0 0 0 0 0 0 0 1 0 0 0
2821 6 0 0 0 0 0 4 0 0 0 0 0 0
2833 5 0 0 3 0 0 0 0 0 1 0 0 0
2873 1 0 0 0 0 0 0 0 0 0 0 0 0
2875 1 0 0 0 0 0 1 0 0 0 0 0 0
2876 5 0 0 0 0 0 1 1 1 0 0 0 0
2877 1 0 0 1 0 0 0 0 0 0 0 0 0
2888 3 1 1 1 0 0 0 0 0 1 0 0 0
2921 12 1 1 8 0 0 0 0 0 4 2 0 0
2922 4 0 0 0 0 0 4 0 0 0 0 0 0
2926 4 0 0 4 0 0 0 0 0 0 0 0 0
2930 20 1 1 8 0 0 0 0 0 4 0 0 0
2932 4 0 0 0 0 0 0 0 0 0 0 0 0
2933 4 0 0 0 0 0 0 0 0 0 0 0 0
2934 4 0 0 0 0 0 4 0 0 0 0 0 0
2935 28 0 0 0 0 0 4 0 0 0 0 0 0
2936 8 0 0 0 0 0 4 4 4 0 0 0 0
2938 4 0 0 0 0 0 0 0 0 0 0 0 0
3846 131043 2 2 11913 0 0 83391 0 0 0 0 0 0
3882 1 0 0 0 0 0 0 0 0 0 0 0 0
3887 23826 0 0 0 0 0 0 0 0 11913 0 0 0
3914 23826 0 0 0 0 0 0 0 0 11913 8 0 0
3916 47624 0 0 0 0 0 0 0 0 0 0 0 0
3919 11906 0 0 11906 0 0 0 0 0 0 0 0 0
3921 23812 0 0 0 0 0 0 0 0 11906 2 0 0
3930 35718 2 2 0 0 0 0 0 0 0 0 0 0
3977 14 1 1 0 0 0 0 0 0 7 3 0 0
3979 23830 0 0 0 0 0 0 0 0 0 0 0 0
3980 23818 1 1 0 0 0 0 0 0 0 0 0 0
3982 35727 0 0 11909 1 0 0 0 0 11909 4 0 0
4039 55 1 1 0 0 0 0 0 0 11 4 0 0
4040 12 0 0 4 0 0 0 0 0 4 0 0 0
4058 35737 0 0 11912 0 0 0 0 0 0 0 0 0
4059 35739 0 0 0 0 0 11913 0 0 0 0 0 0
4060 35739 1 1 23826 0 0 0 0 0 11913 1 0 0
4070 59568 2 2 11913 0 0 11913 0 0 11913 9 0 0
4257 35739 1 1 0 0 0 0 0 0 11913 5 0 0
4259 16 0 0 0 0 0 0 0 0 0 0 0 0
4262 12 0 0 4 3 0 0 0 0 4 1 0 0
4263 11913 1 1 0 0 0 0 0 0 0 0 0 0
4330 11913 0 0 0 0 0 0 0 0 0 0 0 0
4331 23826 0 0 0 0 0 0 0 0 0 0 0 0
4332 23826 0 0 0 0 0 0 0 0 0 0 0 0
4333 23826 0 0 11913 1 0 0 0 0 0 0 0 0
4334 71478 0 0 0 0 0 0 0 0 0 0 0 0
4339 47652 1 1 0 0 0 0 0 0 11913 0 0 0
4343 131009 1 1 0 0 0 0 0 0 47639 9 0 0
4346 142904 1 1 35726 0 0 0 0 0 35726 0 0 0
4443 11913 1 1 11913 0 0 0 0 0 0 0 0 0
4444 23826 0 0 11913 0 0 0 0 0 0 0 0 0
4446 23826 0 0 11913 0 0 0 0 0 11913 0 0 0
4449 35739 0 0 0 0 0 0 0 0 11913 9 0 0
4451 11908 0 0 0 0 0 0 0 0 0 0 0 0
4452 23816 0 0 0 0 0 0 0 0 0 0 0 0
4453 11908 0 0 0 0 0 11908 0 0 0 0 0 0
4454 95264 1 1 0 0 0 11908 0 0 0 0 0 0
4456 23816 0 0 0 0 0 11908 5955 5955 0 0 0 0
4459 23816 0 0 0 0 0 0 0 0 0 0 0 0
4460 35739 1 1 0 0 0 11913 0 0 0 0 0 0
4461 11913 0 0 0 0 0 0 0 0 0 0 0 0
4466 20 0 0 5 0 0 5 0 0 5 3 0 0
4482 6 0 0 0 0 0 0 0 0 1 0 0 0
4487 142956 2 2 107217 0 0 0 0 0 11913 0 0 0
fn=alloc_perturb
1985 35739 1 1 11913 0 0 0 0 0 11913 0 0 0
1987 11913 0 0 11913 0 0 0 0 0 0 0 0 0
fn=calloc
3699 107172 1 1 0 0 0 71448 0 0 0 0 0 0
3709 107172 0 0 0 0 0 0 0 0 11908 0 0 0
3717 23816 1 1 11908 0 0 0 0 0 11908 0 0 0
3720 35724 0 0 23816 0 0 0 0 0 11908 0 0 0
3722 23816 0 0 11908 0 0 0 0 0 11908 7 0 0
3732 11908 1 1 11908 0 0 0 0 0 0 0 0 0
3733 35724 0 0 11908 0 0 0 0 0 0 0 0 0
3754 35724 1 1 0 0 0 11908 0 0 0 0 0 0
3756 119076 2 2 11908 0 0 0 0 0 35723 6 0 0
3759 35723 1 1 11908 0 0 0 0 0 11907 1 0 0
3768 3 0 0 0 0 0 0 0 0 1 1 0 0
3784 11907 0 0 0 0 0 0 0 0 0 0 0 0
3789 3 1 1 1 0 0 0 0 0 1 0 0 0
3796 35721 1 1 11907 0 0 0 0 0 11907 0 0 0
3799 59535 0 0 0 0 0 0 0 0 0 0 0 0
3807 11907 0 0 0 0 0 0 0 0 0 0 0 0
3809 23814 0 0 0 0 0 0 0 0 11907 0 0 0
3811 23814 0 0 0 0 0 0 0 0 11907 1 0 0
3816 23812 0 0 0 0 0 11906 0 0 0 0 0 0
3818 11906 1 1 0 0 0 11906 0 0 0 0 0 0
3819 23812 0 0 0 0 0 0 0 0 11906 2 0 0
3837 95263 1 1 83355 0 0 0 0 0 0 0 0 0
fn=free
3359 83356 1 1 0 0 0 47632 0 0 0 0 0 0
3363 23816 0 0 0 0 0 0 0 0 11908 0 0 0
3371 23816 0 0 23816 0 0 0 0 0 0 0 0 0
3373 11908 0 0 0 0 0 0 0 0 0 0 0 0
3375 35724 1 1 11908 2 0 0 0 0 11908 1 0 0
3379 3 0 0 1 0 0 0 0 0 1 0 0 0
3381 4 0 0 1 1 0 0 0 0 1 0 0 0
3383 2 0 0 0 0 0 1 0 0 0 0 0 0
3384 2 1 1 0 0 0 1 0 0 0 0 0 0
3385 1 0 0 0 0 0 0 0 0 0 0 0 0
3388 2 0 0 0 0 0 1 0 0 0 0 0 0
3392 35721 0 0 23814 2 0 0 0 0 11907 0 0 0
3398 35721 1 1 0 0 0 11907 0 0 0 0 0 0
3401 11908 0 0 0 0 0 11908 0 0 0 0 0 0
3402 71448 0 0 59540 0 0 0 0 0 0 0 0 0
fn=malloc
1326 8 0 0 0 0 0 0 0 0 4 1 0 0
1345 20 0 0 0 0 0 0 0 0 4 1 0 0
3248 4 1 1 2 0 0 1 0 0 1 0 0 0
3294 32 2 2 0 0 0 16 0 0 0 0 0 0
3301 8 0 0 4 1 1 0 0 0 4 1 0 0
3311 8 0 0 0 0 0 0 0 0 0 0 0 0
3313 16 1 1 8 0 0 0 0 0 4 1 0 0
3316 8 0 0 4 0 0 0 0 0 4 1 0 0
3317 4 0 0 1 0 0 0 0 0 1 0 0 0
3318 6 1 1 2 0 0 0 0 0 2 1 0 0
3326 8 0 0 4 0 0 0 0 0 4 4 0 0
3328 16 1 1 0 0 0 4 0 0 0 0 0 0
3329 20 0 0 4 0 0 0 0 0 4 0 0 0
3354 24 1 1 20 0 0 0 0 0 0 0 0 0
fn=munmap_chunk
3024 2 1 1 0 0 0 1 0 0 0 0 0 0
3025 2 0 0 2 2 0 0 0 0 0 0 0 0
3026 3 0 0 1 0 0 0 0 0 0 0 0 0
3028 2 0 0 0 0 0 0 0 0 1 0 0 0
3030 1 0 0 0 0 0 0 0 0 0 0 0 0
3031 3 0 0 1 0 0 0 0 0 0 0 0 0
3032 1 0 0 0 0 0 0 0 0 0 0 0 0
3038 4 0 0 0 0 0 0 0 0 0 0 0 0
3039 5 1 1 0 0 0 0 0 0 1 0 0 0
3042 1 0 0 2 0 0 0 0 0 1 1 0 0
3043 3 0 0 2 0 0 0 0 0 1 0 0 0
3048 2 0 0 0 0 0 0 0 0 0 0 0 0
3049 1 0 0 1 0 0 0 0 0 0 0 0 0
fn=ptmalloc_init.part.0
1946 385 1 1 0 0 0 0 0 0 127 7 0 0
1949 381 0 0 0 0 0 127 32 32 0 0 0 0
1957 1 0 0 0 0 0 1 0 0 0 0 0 0
1958 1 0 0 0 0 0 1 1 1 0 0 0 0
1960 1 0 0 0 0 0 1 0 0 0 0 0 0
3143 2 0 0 0 0 0 0 0 0 1 1 0 0
fn=sysmalloc_mmap.isra.0
2008 4 0 0 1 0 0 0 0 0 1 0 0 0
2400 6 1 1 0 0 0 4 0 0 0 0 0 0
2413 3 0 0 0 0 0 0 0 0 0 0 0 0
2418 2 0 0 0 0 0 0 0 0 1 0 0 0
2421 10 1 1 0 0 0 1 0 0 0 0 0 0
2424 2 1 1 0 0 0 0 0 0 1 1 0 0
2428 2 0 0 0 0 0 0 0 0 1 0 0 0
2432 4 0 0 0 0 0 1 0 0 0 0 0 0
2448 3 0 0 0 0 0 0 0 0 1 0 0 0
2466 1 0 0 0 0 0 1 1 1 0 0 0 0
2467 3 1 1 0 0 0 1 0 0 0 0 0 0
2471 3 0 0 2 0 0 0 0 0 1 0 0 0
2472 5 0 0 2 0 0 0 0 0 2 0 0 0
2475 3 1 1 2 0 0 0 0 0 1 0 0 0
2476 5 0 0 2 0 0 0 0 0 2 0 0 0
2481 7 0 0 5 0 0 0 0 0 0 0 0 0
fn=tcache_init.part.0
3242 4 1 1 0 0 0 2 0 0 0 0 0 0
3251 8 0 0 3 0 0 0 0 0 2 0 0 0
3252 3 1 1 0 0 0 1 0 0 0 0 0 0
3253 2 0 0 0 0 0 0 0 0 1 0 0 0
3261 4 0 0 2 0 0 0 0 0 2 0 0 0
3270 2 0 0 1 0 0 1 0 0 0 0 0 0
3274 3 0 0 3 0 0 0 0 0 0 0 0 0
fl=./malloc/./malloc/morecore.c
fn=__glibc_morecore
25 15 1 1 0 0 0 5 0 0 0 0 0 0
26 10 0 0 5 0 0 0 0 0 5 0 0 0
29 5 0 0 0 0 0 5 0 0 0 0 0 0
30 10 0 0 0 0 0 0 0 0 5 0 0 0
34 10 0 0 10 0 0 0 0 0 0 0 0 0
fl=./malloc/./malloc/scratch_buffer_set_array_size.c
fn=__libc_scratch_buffer_set_array_size
30 26 1 1 0 0 0 8 0 0 0 0 0 0
34 2 0 0 0 0 0 0 0 0 0 0 0 0
35 4 0 0 0 0 0 0 0 0 2 2 0 0
45 4 0 0 2 0 0 0 0 0 2 2 0 0
46 2 0 0 0 0 0 0 0 0 0 0 0 0
63 12 1 1 10 0 0 0 0 0 0 0 0 0
fl=./misc/../sysdeps/unix/syscall-template.S
fn=mprotect
117 20 2 2 0 0 0 0 0 0 4 1 0 0
122 4 0 0 4 0 0 0 0 0 0 0 0 0
fn=munmap
117 10 2 2 0 0 0 0 0 0 2 0 0 0
122 2 0 0 2 0 0 0 0 0 0 0 0 0
fl=./misc/../sysdeps/unix/sysv/linux/brk.c
fn=brk
36 5 1 1 0 0 0 0 0 0 0 0 0 0
37 10 0 0 5 0 0 5 0 0 0 0 0 0
38 10 0 0 0 0 0 0 0 0 5 0 0 0
44 5 0 0 0 0 0 0 0 0 0 0 0 0
45 5 0 0 5 0 0 0 0 0 0 0 0 0
fl=./misc/../sysdeps/unix/sysv/linux/brk_call.h
fn=brk
24 10 0 0 0 0 0 0 0 0 0 0 0 0
fl=./misc/../sysdeps/unix/sysv/linux/mmap64.c
fn=mmap
47 91 2 2 0 0 0 39 1 1 0 0 0 0
50 26 0 0 0 0 0 0 0 0 13 0 0 0
53 60 2 2 2 0 0 0 0 0 21 12 0 0
58 78 1 1 0 0 0 0 0 0 13 0 0 0
60 52 0 0 52 0 0 0 0 0 0 0 0 0
fl=./misc/../sysdeps/unix/sysv/linux/setvmaname.c
fn=__set_vma_name
33 18 4 4 0 0 0 8 0 0 0 0 0 0
35 12 0 0 5 1 1 1 0 0 3 2 0 0
40 14 0 0 2 0 0 2 1 1 2 2 0 0
47 2 1 1 0 0 0 2 0 0 0 0 0 0
48 1 0 0 0 0 0 0 0 0 0 0 0 0
49 18 1 1 12 0 0 0 0 0 1 0 0 0
fl=./misc/./misc/init-misc.c
fn=__init_misc
30 5 1 1 0 0 0 3 0 0 0 0 0 0
31 6 0 0 1 0 0 0 0 0 2 0 0 0
33 3 1 1 0 0 0 1 0 0 0 0 0 0
37 5 0 0 1 0 0 1 1 0 0 0 0 0
38 3 0 0 2 0 0 1 0 0 0 0 0 0
40 4 0 0 4 0 0 0 0 0 0 0 0 0
fl=./misc/./misc/sbrk.c
fn=sbrk
37 40 1 1 0 0 0 20 3 0 0 0 0 0
40 10 0 0 10 6 0 0 0 0 0 0 0 0
43 10 1 1 5 3 0 0 0 0 5 4 0 0
58 10 0 0 0 0 0 0 0 0 5 1 0 0
59 4 1 1 0 0 0 1 0 0 1 0 0 0
62 10 0 0 0 0 0 0 0 0 5 1 0 0
63 2 0 0 1 0 0 0 0 0 0 0 0 0
66 16 1 1 0 0 0 0 0 0 8 3 0 0
74 12 0 0 0 0 0 4 0 0 4 0 0 0
78 35 0 0 25 0 0 0 0 0 0 0 0 0
fl=./nptl/../sysdeps/unix/sysv/linux/x86/elision-conf.c
fn=__lll_elision_init
92 8 1 1 1 0 0 3 0 0 0 0 0 0
96 5 1 1 0 0 0 1 0 0 0 0 0 0
98 4 0 0 0 0 0 1 0 0 0 0 0 0
100 4 0 0 0 0 0 1 0 0 0 0 0 0
102 4 0 0 0 0 0 1 0 0 0 0 0 0
104 4 1 1 0 0 0 1 0 0 0 0 0 0
107 3 0 0 1 1 1 0 0 0 1 0 0 0
108 1 0 0 0 0 0 1 1 1 0 0 0 0
109 6 0 0 5 0 0 0 0 0 1 0 0 0
fl=./nptl/./nptl/libc-cleanup.c
fn=__libc_cleanup_pop_restore
54 4 0 0 0 0 0 0 0 0 0 0 0 0
55 4 0 0 4 0 0 0 0 0 0 0 0 0
57 8 0 0 4 0 0 4 0 0 0 0 0 0
59 4 0 0 4 0 0 0 0 0 0 0 0 0
60 12 1 1 4 0 0 0 0 0 4 4 0 0
71 4 0 0 4 0 0 0 0 0 0 0 0 0
fn=__libc_cleanup_push_defer
24 4 1 1 0 0 0 0 0 0 0 0 0 0
25 4 0 0 4 0 0 0 0 0 0 0 0 0
27 8 0 0 4 0 0 4 0 0 0 0 0 0
29 8 0 0 4 1 0 0 0 0 0 0 0 0
32 8 0 0 0 0 0 0 0 0 4 0 0 0
46 12 1 1 0 0 0 4 0 0 0 0 0 0
48 4 0 0 0 0 0 4 0 0 0 0 0 0
49 4 0 0 4 0 0 0 0 0 0 0 0 0
fl=./nptl/./nptl/pthread_mutex_conf.c
fn=__pthread_tunables_init
55 8 1 1 1 0 0 3 0 0 0 0 0 0
56 5 1 1 0 0 0 1 0 0 0 0 0 0
58 4 0 0 0 0 0 1 0 0 0 0 0 0
60 4 0 0 0 0 0 1 0 0 0 0 0 0
62 6 1 1 5 0 0 0 0 0 1 0 0 0
fl=./nptl/./nptl/pthread_mutex_lock.c
fn=pthread_mutex_lock@@GLIBC_2.2.5
44 1 1 1 1 0 0 0 0 0 0 0 0 0
45 7 0 0 2 0 0 0 0 0 3 0 0 0
46 1 0 0 0 0 0 1 0 0 0 0 0 0
77 5 1 1 0 0 0 2 0 0 0 0 0 0
80 3 0 0 1 0 0 0 0 0 0 0 0 0
82 1 0 0 0 0 0 0 0 0 0 0 0 0
84 2 1 1 0 0 0 0 0 0 1 0 0 0
88 2 0 0 0 0 0 0 0 0 1 1 0 0
97 2 1 1 0 0 0 0 0 0 1 0 0 0
108 4 1 1 1 0 0 0 0 0 1 1 0 0
112 1 0 0 1 1 0 0 0 0 0 0 0 0
115 2 0 0 1 0 0 0 0 0 1 1 0 0
124 1 0 0 0 0 0 0 0 0 0 0 0 0
130 3 0 0 1 0 0 0 0 0 1 0 0 0
131 2 1 1 0 0 0 1 0 0 0 0 0 0
179 1 1 1 1 0 0 0 0 0 0 0 0 0
182 1 0 0 0 0 0 1 0 0 0 0 0 0
184 1 0 0 1 0 0 0 0 0 0 0 0 0
187 1 0 0 0 0 0 0 0 0 0 0 0 0
190 3 0 0 3 0 0 0 0 0 0 0 0 0
fl=./nptl/./nptl/pthread_mutex_unlock.c
fn=pthread_mutex_unlock@@GLIBC_2.2.5
39 1 0 0 1 0 0 0 0 0 0 0 0 0
40 4 0 0 1 0 0 0 0 0 2 0 0 0
41 1 0 0 0 0 0 1 0 0 0 0 0 0
51 3 0 0 1 0 0 0 0 0 0 0 0 0
52 2 1 1 0 0 0 0 0 0 1 0 0 0
57 2 0 0 0 0 0 0 0 0 1 1 0 0
62 1 0 0 0 0 0 1 0 0 0 0 0 0
65 1 0 0 1 0 0 0 0 0 0 0 0 0
70 1 0 0 0 0 0 0 0 0 0 0 0 0
72 1 0 0 0 0 0 0 0 0 0 0 0 0
74 2 1 1 0 0 0 0 0 0 1 1 0 0
80 4 1 1 1 0 0 0 0 0 1 0 0 0
84 3 0 0 2 0 0 0 0 0 1 1 0 0
87 2 0 0 1 0 0 0 0 0 1 1 0 0
367 4 1 1 0 0 0 1 0 0 0 0 0 0
369 2 0 0 2 0 0 0 0 0 0 0 0 0
fl=./posix/../malloc/dynarray-skeleton.c
fn=__unregister_atfork
243 1 0 0 1 1 1 0 0 0 0 0 0 0
fl=./posix/../sysdeps/unix/sysv/linux/_exit.c
fn=_Exit
27 2 1 1 1 0 0 0 0 0 0 0 0 0
30 4 0 0 0 0 0 0 0 0 0 0 0 0
fl=./posix/./posix/register-atfork.c
fn=__unregister_atfork
71 2 1 1 0 0 0 0 0 0 1 1 0 0
82 6 1 1 0 0 0 2 0 0 0 0 0 0
83 4 0 0 1 1 1 0 0 0 1 1 0 0
109 4 1 1 2 0 0 0 0 0 2 0 0 0
110 3 0 0 3 0 0 0 0 0 0 0 0 0
fl=./resource/../sysdeps/unix/sysv/linux/getrlimit64.c
fn=getrlimit
38 2 1 1 0 0 0 0 0 0 0 0 0 0
39 7 0 0 0 0 0 0 0 0 1 0 0 0
40 1 0 0 1 0 0 0 0 0 0 0 0 0
fl=./setjmp/../sysdeps/x86_64/bsd-_setjmp.S
fn=_setjmp
28 1 1 1 0 0 0 0 0 0 0 0 0 0
30 1 0 0 0 0 0 0 0 0 0 0 0 0
32 1 0 0 0 0 0 0 0 0 0 0 0 0
fl=./setjmp/../sysdeps/x86_64/setjmp.S
fn=__sigsetjmp
31 4 2 2 0 0 0 0 0 0 0 0 0 0
33 4 0 0 0 0 0 4 0 0 0 0 0 0
42 4 0 0 0 0 0 0 0 0 0 0 0 0
43 8 0 0 4 0 0 0 0 0 0 0 0 0
44 4 0 0 0 0 0 4 0 0 0 0 0 0
48 4 0 0 0 0 0 4 0 0 0 0 0 0
49 4 0 0 0 0 0 4 0 0 0 0 0 0
50 4 0 0 0 0 0 4 1 1 0 0 0 0
51 4 0 0 0 0 0 4 0 0 0 0 0 0
52 4 0 0 0 0 0 0 0 0 0 0 0 0
54 8 1 1 4 0 0 0 0 0 0 0 0 0
56 4 0 0 0 0 0 4 0 0 0 0 0 0
57 4 1 1 4 0 0 0 0 0 0 0 0 0
58 4 0 0 0 0 0 0 0 0 0 0 0 0
60 8 0 0 4 0 0 0 0 0 0 0 0 0
62 4 0 0 0 0 0 4 0 0 0 0 0 0
67 1 0 0 1 1 0 0 0 0 0 0 0 0
68 1 0 0 0 0 0 0 0 0 1 1 0 0
70 3 0 0 0 0 0 0 0 0 0 0 0 0
73 3 0 0 0 0 0 0 0 0 0 0 0 0
74 3 0 0 0 0 0 3 0 0 0 0 0 0
81 3 0 0 0 0 0 0 0 0 0 0 0 0
82 3 0 0 3 0 0 0 0 0 0 0 0 0
85 1 1 1 0 0 0 0 0 0 0 0 0 0
fl=./setjmp/./setjmp/sigjmp.c
fn=__sigjmp_save
28 6 0 0 0 0 0 2 0 0 0 0 0 0
29 1 0 0 0 0 0 1 0 0 0 0 0 0
30 2 0 0 0 0 0 0 0 0 1 0 0 0
34 4 0 0 3 0 0 0 0 0 0 0 0 0
fl=./stdio-common/../include/printf_buffer.h
fn=__printf_buffer
163 80000 1 1 0 0 0 0 0 0 40000 39 0 0
fn=__printf_buffer_flush
115 46 0 0 46 0 0 0 0 0 0 0 0 0
fn=__printf_buffer_to_file_init
124 20000 0 0 0 0 0 10000 0 0 0 0 0 0
127 10000 0 0 0 0 0 10000 0 0 0 0 0 0
128 10000 0 0 0 0 0 10000 0 0 0 0 0 0
137 20000 0 0 0 0 0 10000 0 0 0 0 0 0
fl=./stdio-common/../libio/libioP.h
fn=__printf_buffer_to_file_done
1025 12 0 0 0 0 0 0 0 0 0 0 0 0
1026 8 1 1 0 0 0 0 0 0 4 0 0 0
fl=./stdio-common/../string/bits/string_fortified.h
fn=__printf_buffer_write
29 120030 0 0 0 0 0 40010 0 0 0 0 0 0
fl=./stdio-common/./stdio-common/Xprintf_buffer_done.c
fn=__printf_buffer_done
25 10000 1 1 0 0 0 0 0 0 0 0 0 0
26 30000 0 0 10000 0 0 0 0 0 10000 0 0 0
31 20000 1 1 20000 0 0 0 0 0 0 0 0 0
33 120000 0 0 10000 0 0 0 0 0 20000 0 0 0
40 10000 0 0 10000 0 0 0 0 0 0 0 0 0
fl=./stdio-common/./stdio-common/Xprintf_buffer_flush.c
fn=__printf_buffer_flush
61 115 1 1 0 0 0 46 0 0 0 0 0 0
62 46 0 0 0 0 0 0 0 0 23 2 0 0
66 46 0 0 0 0 0 0 0 0 23 0 0 0
70 69 0 0 46 0 0 0 0 0 23 0 0 0
71 23 0 0 0 0 0 0 0 0 0 0 0 0
72 69 0 0 69 0 0 0 0 0 0 0 0 0
fl=./stdio-common/./stdio-common/Xprintf_buffer_write.c
fn=__printf_buffer_write
27 400000 1 1 0 0 0 250000 1 0 0 0 0 0
28 150000 0 0 50000 0 0 0 0 0 50000 0 0 0
31 260020 0 0 0 0 0 0 0 0 90010 10016 0 0
33 200122 1 1 80010 0 0 23 0 0 40033 18 0 0
35 92 0 0 46 0 0 0 0 0 23 2 0 0
36 40010 0 0 0 0 0 0 0 0 0 0 0 0
37 80020 0 0 0 0 0 0 0 0 0 0 0 0
40 120030 0 0 40010 0 0 40010 0 0 0 0 0 0
41 40010 0 0 0 0 0 0 0 0 0 0 0 0
44 300000 1 1 300000 0 0 0 0 0 0 0 0 0
fl=./stdio-common/./stdio-common/_itoa.c
fn=_itoa_word
169 20000 1 1 0 0 0 0 0 0 0 0 0 0
172 80000 1 1 0 0 0 0 0 0 0 0 0 0
174 40000 0 0 0 0 0 0 0 0 20000 3 0 0
183 724460 2 2 48890 1 1 48890 0 0 48890 9994 0 0
192 40000 0 0 20000 0 0 0 0 0 0 0 0 0
fl=./stdio-common/./stdio-common/fprintf.c
fn=fprintf
27 130000 3 3 10000 0 0 60000 0 0 10000 5 0 0
31 60000 0 0 0 0 0 40000 0 0 0 0 0 0
32 30000 0 0 0 0 0 10000 0 0 0 0 0 0
36 50000 1 1 40000 0 0 0 0 0 10000 0 0 0
fl=./stdio-common/./stdio-common/printf-parse.h
fn=__printf_buffer
82 130000 1 1 0 0 0 40000 1 0 0 0 0 0
fl=./stdio-common/./stdio-common/printf_buffer_flush.c
fn=__printf_buffer_flush
41 161 1 1 23 1 1 0 0 0 23 0 23 1
53 23 1 1 0 0 0 23 0 0 0 0 0 0
54 23 0 0 0 0 0 0 0 0 0 0 0 0
fl=./stdio-common/./stdio-common/printf_buffer_to_file.c
fn=__printf_buffer_flush_to_file
49 184 1 1 0 0 0 92 1 0 0 0 0 0
51 92 0 0 69 0 0 0 0 0 0 0 0 0
53 92 0 0 23 0 0 0 0 0 23 0 0 0
65 20 0 0 0 0 0 0 0 0 0 0 0 0
68 69 0 0 0 0 0 0 0 0 23 10 0 0
72 20 0 0 0 0 0 0 0 0 10 0 0 0
74 50 0 0 20 0 0 10 0 0 10 0 0 0
86 39 1 1 26 0 0 0 0 0 13 0 0 0
89 13 0 0 0 0 0 13 0 0 0 0 0 0
91 26 0 0 0 0 0 0 0 0 13 2 0 0
98 26 1 1 0 0 0 13 0 0 0 0 0 0
99 26 0 0 0 0 0 13 0 0 0 0 0 0
103 13 0 0 0 0 0 13 0 0 0 0 0 0
104 128 1 1 105 0 0 0 0 0 0 0 0 0
fn=__printf_buffer_to_file_done
51 40000 0 0 30000 0 0 0 0 0 0 0 0 0
53 40000 1 1 10000 0 0 0 0 0 10000 4 0 0
58 12 1 1 0 0 0 0 0 0 0 0 0 0
59 24 0 0 12 1 0 4 0 0 4 2 4 1
65 14 0 0 0 0 0 7 0 0 0 0 0 0
66 7 0 0 0 0 0 0 0 0 0 0 0 0
68 29988 0 0 0 0 0 0 0 0 9996 3 0 0
72 6 0 0 0 0 0 0 0 0 3 0 0 0
74 15 0 0 6 0 0 3 0 0 3 0 0 0
86 29979 0 0 19986 0 0 0 0 0 9993 0 0 0
89 9993 0 0 0 0 0 9993 0 0 0 0 0 0
91 19986 0 0 0 0 0 0 0 0 9993 3 0 0
98 6 0 0 0 0 0 3 0 0 0 0 0 0
99 6 0 0 0 0 0 3 0 0 0 0 0 0
103 9993 0 0 0 0 0 9993 0 0 0 0 0 0
117 80000 0 0 0 0 0 40000 0 0 0 0 0 0
118 30000 0 0 10000 0 0 0 0 0 10000 0 0 0
121 20000 0 0 0 0 0 0 0 0 0 0 0 0
122 50000 1 1 40000 0 0 0 0 0 0 0 0 0
fn=__printf_buffer_to_file_init
108 10000 1 1 0 0 0 0 0 0 0 0 0 0
109 20000 1 1 0 0 0 0 0 0 0 0 0 0
111 10000 0 0 0 0 0 10000 0 0 0 0 0 0
112 10000 0 0 0 0 0 0 0 0 0 0 0 0
fn=__printf_buffer_to_file_switch
29 10017 1 1 0 0 0 0 0 0 0 0 0 0
30 50085 0 0 30051 0 0 0 0 0 10017 9 0 0
40 4 0 0 0 0 0 0 0 0 0 0 0 0
41 4 0 0 0 0 0 0 0 0 0 0 0 0
44 40068 0 0 0 0 0 20034 0 0 0 0 0 0
45 10017 0 0 10017 0 0 0 0 0 0 0 0 0
fl=./stdio-common/./stdio-common/vfprintf-internal.c
fn=__printf_buffer
600 150000 1 1 0 0 0 80000 1 0 0 0 0 0
627 50000 1 1 30000 2 0 20000 0 0 0 0 0 0
631 10000 0 0 0 0 0 10000 0 0 0 0 0 0
634 10000 0 0 0 0 0 10000 0 0 0 0 0 0
638 40000 0 0 20000 0 0 20000 1 0 0 0 0 0
642 10000 0 0 0 0 0 10000 1 0 0 0 0 0
653 30000 0 0 0 0 0 10000 0 0 0 0 0 0
654 20000 0 0 0 0 0 0 0 0 0 0 0 0
655 30000 0 0 10000 0 0 0 0 0 10000 9992 0 0
659 20000 0 0 10000 0 0 0 0 0 10000 0 0 0
663 80000 1 1 30000 1 1 10000 0 0 30000 2 0 0
683 20000 0 0 0 0 0 20000 0 0 0 0 0 0
684 20000 1 1 0 0 0 20000 0 0 0 0 0 0
685 20000 0 0 0 0 0 20000 0 0 0 0 0 0
686 20000 0 0 0 0 0 20000 0 0 0 0 0 0
687 20000 0 0 0 0 0 0 0 0 0 0 0 0
690 40000 0 0 0 0 0 0 0 0 0 0 20000 1
691 20000 0 0 0 0 0 0 0 0 0 0 0 0
692 20000 0 0 0 0 0 0 0 0 0 0 0 0
693 20000 0 0 0 0 0 0 0 0 0 0 0 0
694 20000 0 0 0 0 0 20000 0 0 0 0 0 0
695 20000 0 0 0 0 0 0 0 0 0 0 0 0
698 20000 0 0 0 0 0 20000 0 0 0 0 0 0
699 20000 0 0 0 0 0 20000 0 0 0 0 0 0
705 280000 3 3 60000 2 2 0 0 0 20000 4 0 0
870 20000 1 1 0 0 0 0 0 0 0 0 0 0
871 340000 0 0 60000 1 1 0 0 0 20000 0 20000 1
876 20000 1 1 0 0 0 0 0 0 0 0 0 0
973 30000 0 0 0 0 0 10000 0 0 0 0 0 0
1018 20000 0 0 20000 0 0 0 0 0 0 0 0 0
1024 20000 1 1 0 0 0 0 0 0 0 0 0 0
1028 60000 1 1 0 0 0 20000 0 0 0 0 0 0
1029 40000 0 0 0 0 0 0 0 0 0 0 0 0
1031 70000 0 0 30000 0 0 0 0 0 30000 10002 0 0
1044 110000 1 1 90000 0 0 0 0 0 10000 0 0 0
fn=__vfprintf_internal
1522 130000 1 1 0 0 0 60000 0 0 0 0 0 0
1525 69999 1 1 20000 1 0 10001 0 0 19999 4 0 0
1529 50000 0 0 10000 1 0 0 0 0 20000 0 0 0
1540 20000 0 0 10000 1 0 0 0 0 10000 3 0 0
1543 40000 1 1 0 0 0 10000 0 0 0 0 0 0
1544 50000 0 0 0 0 0 10000 0 0 0 0 0 0
1545 30000 1 1 0 0 0 10000 0 0 0 0 0 0
1567 110000 1 1 90000 0 0 0 0 0 10000 0 0 0
fl=./stdio-common/./stdio-common/vfprintf-process-arg.c
fn=__printf_buffer
35 20000 0 0 0 0 0 20000 0 0 0 0 0 0
48 40000 0 0 0 0 0 0 0 0 20000 0 0 0
49 160000 0 0 60000 0 0 20000 0 0 20000 0 0 0
57 40000 0 0 0 0 0 0 0 0 0 0 0 0
58 40000 0 0 0 0 0 0 0 0 20000 0 0 0
67 20000 1 1 0 0 0 0 0 0 0 0 0 0
136 60000 2 2 0 0 0 0 0 0 20000 4 0 0
138 40000 0 0 0 0 0 0 0 0 0 0 0 0
155 300000 1 1 40000 0 0 140000 0 0 0 0 0 0
161 180000 1 1 40000 0 0 40000 0 0 40000 8 0 0
166 120000 1 1 80000 0 0 20000 0 0 0 0 0 0
170 40000 1 1 0 0 0 20000 0 0 0 0 0 0
186 100000 1 1 0 0 0 0 0 0 20000 2059 0 0
187 138730 2 2 43492 0 0 0 0 0 0 0 0 0
195 100000 0 0 0 0 0 0 0 0 0 0 0 0
197 60000 0 0 20000 0 0 0 0 0 20000 2 0 0
199 80000 1 1 20000 0 0 0 0 0 0 0 0 0
201 140000 1 1 40000 0 0 20000 0 0 20000 0 0 0
206 40000 0 0 0 0 0 0 0 0 0 0 0 0
208 80000 1 1 40000 0 0 0 0 0 20000 0 0 0
211 40000 0 0 20000 0 0 0 0 0 20000 4 0 0
224 40000 0 0 0 0 0 0 0 0 20000 0 0 0
233 40000 1 1 0 0 0 0 0 0 20000 2 0 0
236 40000 0 0 20000 0 0 0 0 0 20000 2 0 0
240 100000 2 2 40000 0 0 20000 0 0 0 0 0 0
fl=./stdlib/./stdlib/cxa_atexit.c
fn=__cxa_atexit
41 2 1 1 0 0 0 0 0 0 1 0 0 0
43 8 0 0 1 1 0 0 0 0 1 0 0 0
44 2 0 0 0 0 0 1 0 0 0 0 0 0
46 2 0 0 0 0 0 0 0 0 1 0 0 0
52 3 0 0 1 0 0 0 0 0 0 0 0 0
53 1 0 0 0 0 0 1 0 0 0 0 0 0
54 1 0 0 0 0 0 1 0 0 0 0 0 0
55 1 1 1 0 0 0 1 0 0 0 0 0 0
56 1 0 0 0 0 0 1 0 0 0 0 0 0
57 4 0 0 2 0 0 0 0 0 2 0 0 0
58 1 0 0 0 0 0 0 0 0 0 0 0 0
67 7 1 1 0 0 0 5 0 0 0 0 0 0
69 6 0 0 6 0 0 0 0 0 0 0 0 0
fn=__new_exitfn
80 5 1 1 0 0 0 3 0 0 0 0 0 0
81 1 0 0 0 0 0 0 0 0 0 0 0 0
86 2 0 0 1 1 1 0 0 0 1 0 0 0
91 10 0 0 2 1 0 0 0 0 2 1 0 0
93 4 1 1 1 1 0 0 0 0 1 0 0 0
101 1 0 0 0 0 0 1 0 0 0 0 0 0
122 1 0 0 0 0 0 0 0 0 0 0 0 0
123 1 1 1 0 0 0 1 0 0 0 0 0 0
134 1 0 0 0 0 0 0 0 0 0 0 0 0
136 1 1 1 0 0 0 1 0 0 0 0 0 0
137 1 0 0 1 0 0 0 0 0 0 0 0 0
141 5 0 0 4 0 0 0 0 0 0 0 0 0
fl=./stdlib/./stdlib/cxa_finalize.c
fn=__cxa_finalize
30 10 1 1 0 0 0 6 0 0 0 0 0 0
33 7 0 0 1 0 0 0 0 0 2 0 0 0
36 7 2 2 2 0 0 0 0 0 2 0 0 0
40 7 0 0 1 0 0 0 0 0 1 0 0 0
93 7 2 2 2 1 0 0 0 0 2 1 0 0
97 6 0 0 1 1 0 0 0 0 1 1 0 0
105 2 0 0 0 0 0 1 0 0 0 0 0 0
106 4 0 0 2 0 0 0 0 0 2 0 0 0
107 8 0 0 7 0 0 0 0 0 0 0 0 0
fl=./stdlib/./stdlib/cxa_thread_atexit_impl.c
fn=__call_tls_dtors
148 5 1 1 0 0 0 3 0 0 0 0 0 0
149 4 1 1 2 0 0 0 0 0 1 1 0 0
165 4 1 1 4 0 0 0 0 0 0 0 0 0
fl=./stdlib/./stdlib/exit.c
fn=__run_exit_handlers
38 12 1 1 0 0 0 8 0 0 0 0 0 0
40 2 0 0 0 0 0 0 0 0 1 1 0 0
41 2 1 1 0 0 0 1 0 0 0 0 0 0
43 5 1 1 1 1 0 0 0 0 1 0 0 0
54 2 0 0 2 1 0 0 0 0 0 0 0 0
56 2 0 0 0 0 0 0 0 0 1 0 0 0
60 1 0 0 0 0 0 1 1 0 0 0 0 0
64 6 0 0 2 1 0 0 0 0 2 1 0 0
66 2 1 1 0 0 0 1 0 0 0 0 0 0
67 1 0 0 1 0 0 0 0 0 0 0 0 0
69 7 0 0 1 0 0 0 0 0 2 1 0 0
94 2 0 0 0 0 0 0 0 0 0 0 0 0
101 1 0 0 0 0 0 1 0 0 0 0 0 0
102 1 1 1 1 0 0 0 0 0 0 0 0 0
103 1 0 0 1 0 0 0 0 0 0 0 0 0
104 3 0 0 1 0 0 0 0 0 0 0 0 0
107 4 0 0 2 0 0 0 0 0 2 0 0 0
108 3 0 0 0 0 0 1 0 0 0 0 1 1
109 4 1 1 1 0 0 0 0 0 1 1 0 0
113 3 1 1 1 0 0 0 0 0 1 1 0 0
119 3 1 1 2 0 0 1 0 0 0 0 0 0
120 2 0 0 0 0 0 0 0 0 1 1 0 0
126 4 1 1 2 0 0 0 0 0 2 0 0 0
128 2 0 0 1 0 0 0 0 0 1 1 0 0
129 2 0 0 0 0 0 1 0 0 0 0 0 0
131 2 0 0 0 0 0 1 0 0 0 0 0 0
fn=exit
137 3 1 1 0 0 0 1 0 0 0 0 0 0
138 4 0 0 0 0 0 1 0 0 0 0 0 0
fl=./string/../include/rtld-malloc.h
fn=strdup
56 6 0 0 3 0 0 3 0 0 0 0 3 1
fl=./string/../string/strcspn.c
fn=strcspn
32 6 1 1 0 0 0 2 0 0 0 0 0 0
33 3 0 0 1 1 1 0 0 0 1 0 0 0
34 2 0 0 1 0 0 0 0 0 1 0 0 0
39 6 0 0 0 0 0 4 2 2 0 0 0 0
40 4 1 1 0 0 0 4 1 1 0 0 0 0
41 4 0 0 0 0 0 4 1 1 0 0 0 0
42 4 0 0 0 0 0 4 0 0 0 0 0 0
44 1 0 0 0 0 0 0 0 0 0 0 0 0
47 9 1 1 3 0 0 3 0 0 0 0 0 0
48 6 0 0 0 0 0 0 0 0 3 2 0 0
51 4 0 0 2 0 0 0 0 0 1 0 0 0
52 4 0 0 2 0 0 0 0 0 1 0 0 0
53 4 1 1 2 0 0 0 0 0 1 0 0 0
54 4 0 0 2 0 0 0 0 0 1 0 0 0
56 3 0 0 0 0 0 0 0 0 0 0 0 0
61 13 0 0 0 0 0 0 0 0 0 0 0 0
62 26 0 0 26 1 1 0 0 0 0 0 0 0
63 26 1 1 26 0 0 0 0 0 0 0 0 0
64 26 0 0 26 0 0 0 0 0 0 0 0 0
65 13 0 0 13 0 0 0 0 0 0 0 0 0
67 78 0 0 13 0 0 0 0 0 13 10 0 0
69 1 0 0 0 0 0 0 0 0 0 0 0 0
70 4 0 0 0 0 0 0 0 0 1 0 0 0
71 3 0 0 3 0 0 0 0 0 0 0 0 0
fl=./string/../string/strstr.c
fn=__GI_strstr
77 24 2 2 2 0 0 14 0 0 0 0 0 0
82 6 0 0 2 1 1 0 0 0 2 0 0 0
84 10 0 0 0 0 0 2 0 0 0 0 0 0
85 4 0 0 0 0 0 0 0 0 2 2 0 0
86 4 1 1 0 0 0 0 0 0 0 0 0 0
161 24 1 1 18 0 0 0 0 0 2 0 0 0
fl=./string/../sysdeps/x86/cacheinfo.c
fn=__x86_cacheinfo
86 1 1 1 0 0 0 0 0 0 0 0 0 0
fl=./string/../sysdeps/x86/cacheinfo.h
fn=__x86_cacheinfo
59 1 0 0 1 0 0 0 0 0 0 0 0 0
62 3 1 1 1 1 0 0 0 0 1 0 0 0
64 3 0 0 0 0 0 1 0 0 0 0 0 0
65 1 0 0 0 0 0 1 1 1 0 0 0 0
71 3 0 0 1 0 0 0 0 0 1 0 0 0
73 3 1 1 0 0 0 1 0 0 0 0 0 0
74 1 0 0 0 0 0 1 0 0 0 0 0 0
78 2 0 0 1 0 0 1 1 1 0 0 0 0
80 2 0 0 1 0 0 1 0 0 0 0 0 0
81 2 0 0 1 0 0 1 0 0 0 0 0 0
82 2 0 0 1 0 0 1 0 0 0 0 0 0
84 2 1 1 1 1 0 0 0 0 1 1 0 0
86 2 0 0 1 0 0 0 0 0 0 0 0 0
fl=./string/../sysdeps/x86_64/multiarch/../multiarch/memcmp-sse2.S
fn=bcmp
59 1 1 1 0 0 0 0 0 0 0 0 0 0
71 1 0 0 0 0 0 0 0 0 0 0 0 0
72 1 0 0 0 0 0 0 0 0 1 0 0 0
94 1 0 0 0 0 0 0 0 0 0 0 0 0
95 1 0 0 0 0 0 0 0 0 1 1 0 0
140 1 1 1 1 0 0 0 0 0 0 0 0 0
141 1 0 0 1 0 0 0 0 0 0 0 0 0
143 1 0 0 0 0 0 0 0 0 0 0 0 0
144 1 0 0 0 0 0 0 0 0 1 0 0 0
146 1 0 0 1 0 0 0 0 0 0 0 0 0
147 1 0 0 1 0 0 0 0 0 0 0 0 0
149 1 0 0 0 0 0 0 0 0 0 0 0 0
150 1 0 0 0 0 0 0 0 0 1 1 0 0
197 1 0 0 0 0 0 0 0 0 0 0 0 0
198 1 0 0 0 0 0 0 0 0 0 0 0 0
199 1 0 0 0 0 0 0 0 0 0 0 0 0
200 1 0 0 0 0 0 0 0 0 0 0 0 0
201 1 0 0 0 0 0 0 0 0 0 0 0 0
202 1 0 0 1 0 0 0 0 0 0 0 0 0
fl=./string/../sysdeps/x86_64/multiarch/../multiarch/memset-vec-unaligned-erms.S
fn=memset
132 7 1 1 0 0 0 0 0 0 0 0 0 0
133 35 0 0 0 0 0 0 0 0 0 0 0 0
138 7 0 0 0 0 0 0 0 0 0 0 0 0
139 7 0 0 0 0 0 0 0 0 7 5 0 0
142 2 0 0 0 0 0 0 0 0 0 0 0 0
143 2 0 0 0 0 0 0 0 0 2 2 0 0
244 2 1 1 0 0 0 2 1 1 0 0 0 0
245 2 0 0 0 0 0 2 0 0 0 0 0 0
257 2 0 0 0 0 0 0 0 0 0 0 0 0
260 2 0 0 0 0 0 0 0 0 0 0 0 0
261 2 0 0 0 0 0 0 0 0 2 0 0 0
273 2 0 0 0 0 0 2 0 0 0 0 0 0
274 2 0 0 0 0 0 2 2 2 0 0 0 0
287 2 0 0 0 0 0 0 0 0 0 0 0 0
288 2 0 0 0 0 0 0 0 0 0 0 0 0
290 2 0 0 0 0 0 0 0 0 2 1 0 0
293 1 0 0 0 0 0 0 0 0 0 0 0 0
296 2 0 0 0 0 0 0 0 0 0 0 0 0
299 35 0 0 0 0 0 35 34 34 0 0 0 0
300 35 0 0 0 0 0 35 0 0 0 0 0 0
301 35 0 0 0 0 0 35 0 0 0 0 0 0
302 35 0 0 0 0 0 35 0 0 0 0 0 0
303 35 0 0 0 0 0 0 0 0 0 0 0 0
304 35 0 0 0 0 0 0 0 0 0 0 0 0
305 35 0 0 0 0 0 0 0 0 35 10 0 0
308 2 0 0 0 0 0 2 1 1 0 0 0 0
309 2 0 0 0 0 0 2 0 0 0 0 0 0
310 2 0 0 0 0 0 2 0 0 0 0 0 0
311 2 0 0 0 0 0 2 0 0 0 0 0 0
316 2 0 0 2 0 0 0 0 0 0 0 0 0
350 5 1 1 0 0 0 0 0 0 0 0 0 0
352 5 0 0 0 0 0 0 0 0 0 0 0 0
353 5 0 0 0 0 0 0 0 0 5 5 0 0
392 5 1 1 0 0 0 5 1 1 0 0 0 0
393 5 0 0 0 0 0 5 1 1 0 0 0 0
395 5 0 0 5 0 0 0 0 0 0 0 0 0
fl=./string/../sysdeps/x86_64/multiarch/../multiarch/strchr-sse2.S
fn=index
32 15 1 1 0 0 0 0 0 0 0 0 0 0
33 15 0 0 0 0 0 0 0 0 0 0 0 0
34 15 0 0 0 0 0 0 0 0 0 0 0 0
35 15 0 0 0 0 0 0 0 0 0 0 0 0
36 15 1 1 0 0 0 0 0 0 0 0 0 0
37 15 0 0 0 0 0 0 0 0 0 0 0 0
38 15 0 0 0 0 0 0 0 0 0 0 0 0
39 15 0 0 0 0 0 0 0 0 0 0 0 0
40 15 0 0 0 0 0 0 0 0 15 0 0 0
41 15 0 0 15 1 1 0 0 0 0 0 0 0
42 15 0 0 0 0 0 0 0 0 0 0 0 0
43 15 0 0 0 0 0 0 0 0 0 0 0 0
44 15 0 0 0 0 0 0 0 0 0 0 0 0
45 15 0 0 0 0 0 0 0 0 0 0 0 0
46 15 0 0 0 0 0 0 0 0 0 0 0 0
47 15 0 0 0 0 0 0 0 0 0 0 0 0
48 15 0 0 0 0 0 0 0 0 0 0 0 0
49 15 0 0 0 0 0 0 0 0 15 2 0 0
50 13 0 0 0 0 0 0 0 0 0 0 0 0
54 13 0 0 0 0 0 0 0 0 0 0 0 0
55 13 1 1 0 0 0 0 0 0 0 0 0 0
56 13 0 0 13 0 0 0 0 0 0 0 0 0
57 13 0 0 0 0 0 0 0 0 0 0 0 0
59 13 0 0 13 0 0 0 0 0 0 0 0 0
63 2 0 0 2 0 0 0 0 0 0 0 0 0
64 2 0 0 0 0 0 0 0 0 0 0 0 0
65 2 0 0 0 0 0 0 0 0 0 0 0 0
66 2 0 0 0 0 0 0 0 0 0 0 0 0
67 2 0 0 0 0 0 0 0 0 0 0 0 0
68 2 0 0 0 0 0 0 0 0 0 0 0 0
69 2 0 0 2 1 1 0 0 0 0 0 0 0
70 2 0 0 0 0 0 0 0 0 0 0 0 0
71 2 0 0 0 0 0 0 0 0 0 0 0 0
72 2 0 0 0 0 0 0 0 0 0 0 0 0
73 2 0 0 0 0 0 0 0 0 0 0 0 0
74 2 1 1 0 0 0 0 0 0 0 0 0 0
75 2 0 0 0 0 0 0 0 0 0 0 0 0
76 2 0 0 2 0 0 0 0 0 0 0 0 0
77 2 0 0 0 0 0 0 0 0 0 0 0 0
78 2 0 0 0 0 0 0 0 0 0 0 0 0
79 2 0 0 0 0 0 0 0 0 0 0 0 0
80 2 0 0 0 0 0 0 0 0 0 0 0 0
81 2 0 0 0 0 0 0 0 0 0 0 0 0
82 2 0 0 0 0 0 0 0 0 0 0 0 0
83 2 0 0 0 0 0 0 0 0 0 0 0 0
84 2 0 0 0 0 0 0 0 0 0 0 0 0
85 2 0 0 0 0 0 0 0 0 0 0 0 0
86 2 0 0 0 0 0 0 0 0 2 2 0 0
138 2 1 1 0 0 0 0 0 0 0 0 0 0
142 2 0 0 0 0 0 0 0 0 0 0 0 0
143 2 0 0 0 0 0 0 0 0 0 0 0 0
144 2 0 0 2 0 0 0 0 0 0 0 0 0
145 2 0 0 0 0 0 0 0 0 0 0 0 0
147 2 0 0 2 0 0 0 0 0 0 0 0 0
fl=./string/../sysdeps/x86_64/multiarch/../multiarch/strcmp-sse2.S
fn=strcmp
98 185 1 1 0 0 0 0 0 0 0 0 0 0
131 185 0 0 0 0 0 0 0 0 0 0 0 0
132 185 0 0 0 0 0 0 0 0 0 0 0 0
134 185 0 0 0 0 0 0 0 0 0 0 0 0
135 185 0 0 0 0 0 0 0 0 0 0 0 0
156 185 0 0 0 0 0 0 0 0 0 0 0 0
157 185 0 0 0 0 0 0 0 0 171 26 0 0
158 149 0 0 0 0 0 0 0 0 0 0 0 0
159 149 0 0 0 0 0 0 0 0 149 17 0 0
160 134 0 0 134 13 11 0 0 0 0 0 0 0
161 134 1 1 134 6 6 0 0 0 0 0 0 0
162 134 0 0 134 0 0 0 0 0 0 0 0 0
163 134 0 0 134 0 0 0 0 0 0 0 0 0
180 134 0 0 0 0 0 0 0 0 0 0 0 0
181 134 0 0 0 0 0 0 0 0 0 0 0 0
182 134 0 0 0 0 0 0 0 0 0 0 0 0
183 134 0 0 0 0 0 0 0 0 0 0 0 0
184 134 0 0 0 0 0 0 0 0 0 0 0 0
185 134 0 0 0 0 0 0 0 0 0 0 0 0
186 134 0 0 0 0 0 0 0 0 134 46 0 0
191 11 0 0 0 0 0 0 0 0 0 0 0 0
192 33 0 0 0 0 0 0 0 0 0 0 0 0
201 62 1 1 0 0 0 0 0 0 0 0 0 0
202 62 0 0 0 0 0 0 0 0 0 0 0 0
203 62 0 0 0 0 0 0 0 0 0 0 0 0
204 62 0 0 0 0 0 0 0 0 0 0 0 0
205 62 0 0 0 0 0 0 0 0 0 0 0 0
206 62 0 0 0 0 0 0 0 0 0 0 0 0
207 62 0 0 0 0 0 0 0 0 0 0 0 0
208 62 0 0 0 0 0 0 0 0 62 10 0 0
209 60 0 0 0 0 0 0 0 0 60 31 0 0
210 24 0 0 0 0 0 0 0 0 0 0 0 0
211 24 0 0 0 0 0 0 0 0 0 0 0 0
212 24 0 0 0 0 0 0 0 0 0 0 0 0
214 60 0 0 0 0 0 0 0 0 0 0 0 0
215 60 0 0 0 0 0 0 0 0 0 0 0 0
216 60 0 0 0 0 0 0 0 0 0 0 0 0
217 60 0 0 60 7 2 0 0 0 0 0 0 0
218 60 0 0 0 0 0 0 0 0 0 0 0 0
219 60 0 0 0 0 0 0 0 0 0 0 60 48
229 2 1 1 2 0 0 0 0 0 0 0 0 0
230 2 0 0 0 0 0 0 0 0 0 0 0 0
231 2 0 0 0 0 0 0 0 0 0 0 0 0
233 2 0 0 2 0 0 0 0 0 0 0 0 0
239 2 0 0 0 0 0 0 0 0 0 0 0 0
240 2 0 0 0 0 0 0 0 0 0 0 0 0
241 2 0 0 0 0 0 0 0 0 0 0 0 0
242 2 0 0 0 0 0 0 0 0 0 0 0 0
243 2 0 0 0 0 0 0 0 0 0 0 0 0
248 2 0 0 0 0 0 0 0 0 2 2 0 0
300 18 1 1 0 0 0 0 0 0 0 0 0 0
301 18 0 0 18 3 0 0 0 0 0 0 0 0
302 18 0 0 18 4 1 0 0 0 0 0 0 0
303 18 0 0 0 0 0 0 0 0 0 0 0 0
304 18 0 0 0 0 0 0 0 0 0 0 0 0
306 18 0 0 0 0 0 0 0 0 0 0 0 0
307 18 0 0 0 0 0 0 0 0 0 0 0 0
308 18 1 1 0 0 0 0 0 0 0 0 0 0
309 18 0 0 0 0 0 0 0 0 0 0 0 0
310 18 0 0 0 0 0 0 0 0 0 0 0 0
311 18 0 0 0 0 0 0 0 0 0 0 0 0
312 18 0 0 0 0 0 0 0 0 18 1 0 0
313 18 0 0 18 0 0 0 0 0 0 0 0 0
316 18 0 0 0 0 0 0 0 0 0 0 0 0
317 18 0 0 0 0 0 0 0 0 0 0 0 0
318 18 0 0 0 0 0 0 0 0 0 0 0 0
324 18 0 0 0 0 0 0 0 0 0 0 0 0
325 18 0 0 0 0 0 0 0 0 0 0 0 0
326 36 0 0 0 0 0 0 0 0 0 0 0 0
330 18 1 1 0 0 0 0 0 0 0 0 0 0
331 18 0 0 0 0 0 0 0 0 18 0 0 0
334 18 0 0 18 0 0 0 0 0 0 0 0 0
335 18 0 0 18 3 0 0 0 0 0 0 0 0
336 18 0 0 0 0 0 0 0 0 0 0 0 0
338 18 0 0 0 0 0 0 0 0 0 0 0 0
339 18 0 0 0 0 0 0 0 0 0 0 0 0
340 18 0 0 0 0 0 0 0 0 0 0 0 0
344 18 0 0 0 0 0 0 0 0 0 0 0 0
345 18 0 0 0 0 0 0 0 0 0 0 0 0
346 18 0 0 0 0 0 0 0 0 0 0 0 0
347 18 0 0 0 0 0 0 0 0 0 0 0 0
348 18 0 0 0 0 0 0 0 0 0 0 0 0
349 18 1 1 0 0 0 0 0 0 18 3 0 0
661 1 1 1 0 0 0 0 0 0 0 0 0 0
662 1 0 0 1 0 0 0 0 0 0 0 0 0
663 1 0 0 1 0 0 0 0 0 0 0 0 0
664 1 0 0 0 0 0 0 0 0 0 0 0 0
665 1 0 0 0 0 0 0 0 0 0 0 0 0
667 1 0 0 0 0 0 0 0 0 0 0 0 0
668 1 0 0 0 0 0 0 0 0 0 0 0 0
669 1 1 1 0 0 0 0 0 0 0 0 0 0
670 1 0 0 0 0 0 0 0 0 0 0 0 0
671 1 0 0 0 0 0 0 0 0 0 0 0 0
672 1 0 0 0 0 0 0 0 0 0 0 0 0
673 1 0 0 0 0 0 0 0 0 1 1 0 0
780 1 1 1 0 0 0 0 0 0 0 0 0 0
781 1 0 0 1 0 0 0 0 0 0 0 0 0
782 1 0 0 1 0 0 0 0 0 0 0 0 0
783 1 0 0 0 0 0 0 0 0 0 0 0 0
784 1 0 0 0 0 0 0 0 0 0 0 0 0
786 1 0 0 0 0 0 0 0 0 0 0 0 0
787 1 0 0 0 0 0 0 0 0 0 0 0 0
788 1 1 1 0 0 0 0 0 0 0 0 0 0
789 1 0 0 0 0 0 0 0 0 0 0 0 0
790 1 0 0 0 0 0 0 0 0 0 0 0 0
791 1 0 0 0 0 0 0 0 0 0 0 0 0
792 1 0 0 0 0 0 0 0 0 1 0 0 0
899 4 1 1 0 0 0 0 0 0 0 0 0 0
900 4 0 0 4 2 1 0 0 0 0 0 0 0
901 4 0 0 4 2 2 0 0 0 0 0 0 0
902 4 0 0 0 0 0 0 0 0 0 0 0 0
903 4 0 0 0 0 0 0 0 0 0 0 0 0
905 4 0 0 0 0 0 0 0 0 0 0 0 0
906 4 0 0 0 0 0 0 0 0 0 0 0 0
907 4 1 1 0 0 0 0 0 0 0 0 0 0
908 4 0 0 0 0 0 0 0 0 0 0 0 0
909 4 0 0 0 0 0 0 0 0 0 0 0 0
910 4 0 0 0 0 0 0 0 0 0 0 0 0
911 4 0 0 0 0 0 0 0 0 4 0 0 0
912 3 0 0 3 0 0 0 0 0 0 0 0 0
916 3 0 0 0 0 0 0 0 0 0 0 0 0
917 3 0 0 0 0 0 0 0 0 0 0 0 0
918 3 0 0 0 0 0 0 0 0 0 0 0 0
924 3 0 0 0 0 0 0 0 0 0 0 0 0
925 3 0 0 0 0 0 0 0 0 0 0 0 0
926 6 0 0 0 0 0 0 0 0 0 0 0 0
930 3 1 1 0 0 0 0 0 0 0 0 0 0
931 3 0 0 0 0 0 0 0 0 3 0 0 0
934 3 0 0 3 2 2 0 0 0 0 0 0 0
935 3 0 0 3 1 1 0 0 0 0 0 0 0
936 3 0 0 0 0 0 0 0 0 0 0 0 0
938 3 0 0 0 0 0 0 0 0 0 0 0 0
939 3 0 0 0 0 0 0 0 0 0 0 0 0
940 3 0 0 0 0 0 0 0 0 0 0 0 0
944 3 0 0 0 0 0 0 0 0 0 0 0 0
945 3 0 0 0 0 0 0 0 0 0 0 0 0
946 3 0 0 0 0 0 0 0 0 0 0 0 0
947 3 0 0 0 0 0 0 0 0 0 0 0 0
948 3 0 0 0 0 0 0 0 0 0 0 0 0
949 3 1 1 0 0 0 0 0 0 3 1 0 0
956 1 0 0 0 0 0 0 0 0 0 0 0 0
957 1 0 0 0 0 0 0 0 0 0 0 0 0
959 1 0 0 0 0 0 0 0 0 0 0 0 0
960 1 0 0 0 0 0 0 0 0 1 0 0 0
962 1 0 0 1 0 0 0 0 0 0 0 0 0
963 1 0 0 1 0 0 0 0 0 0 0 0 0
964 1 0 0 0 0 0 0 0 0 0 0 0 0
966 1 0 0 0 0 0 0 0 0 0 0 0 0
967 1 0 0 0 0 0 0 0 0 0 0 0 0
968 1 0 0 0 0 0 0 0 0 0 0 0 0
972 1 0 0 0 0 0 0 0 0 0 0 0 0
973 1 0 0 0 0 0 0 0 0 0 0 0 0
974 1 0 0 0 0 0 0 0 0 0 0 0 0
975 1 0 0 0 0 0 0 0 0 0 0 0 0
976 1 1 1 0 0 0 0 0 0 0 0 0 0
977 1 0 0 0 0 0 0 0 0 1 1 0 0
1018 1 1 1 0 0 0 0 0 0 0 0 0 0
1019 1 0 0 1 0 0 0 0 0 0 0 0 0
1020 1 0 0 1 1 1 0 0 0 0 0 0 0
1021 1 0 0 0 0 0 0 0 0 0 0 0 0
1022 1 0 0 0 0 0 0 0 0 0 0 0 0
1024 1 0 0 0 0 0 0 0 0 0 0 0 0
1025 1 0 0 0 0 0 0 0 0 0 0 0 0
1026 1 1 1 0 0 0 0 0 0 0 0 0 0
1027 1 0 0 0 0 0 0 0 0 0 0 0 0
1028 1 0 0 0 0 0 0 0 0 0 0 0 0
1029 1 0 0 0 0 0 0 0 0 0 0 0 0
1030 1 0 0 0 0 0 0 0 0 1 0 0 0
1031 1 0 0 1 0 0 0 0 0 0 0 0 0
1035 1 0 0 0 0 0 0 0 0 0 0 0 0
1036 1 0 0 0 0 0 0 0 0 0 0 0 0
1037 1 0 0 0 0 0 0 0 0 0 0 0 0
1043 1 0 0 0 0 0 0 0 0 0 0 0 0
1044 1 0 0 0 0 0 0 0 0 0 0 0 0
1045 2 0 0 0 0 0 0 0 0 0 0 0 0
1049 1 1 1 0 0 0 0 0 0 0 0 0 0
1050 1 0 0 0 0 0 0 0 0 1 0 0 0
1053 1 0 0 1 1 1 0 0 0 0 0 0 0
1054 1 0 0 1 0 0 0 0 0 0 0 0 0
1055 1 0 0 0 0 0 0 0 0 0 0 0 0
1057 1 0 0 0 0 0 0 0 0 0 0 0 0
1058 1 0 0 0 0 0 0 0 0 0 0 0 0
1059 1 0 0 0 0 0 0 0 0 0 0 0 0
1063 1 0 0 0 0 0 0 0 0 0 0 0 0
1064 1 0 0 0 0 0 0 0 0 0 0 0 0
1065 1 0 0 0 0 0 0 0 0 0 0 0 0
1066 1 0 0 0 0 0 0 0 0 0 0 0 0
1067 1 0 0 0 0 0 0 0 0 0 0 0 0
1068 1 1 1 0 0 0 0 0 0 1 1 0 0
1137 3 1 1 0 0 0 0 0 0 0 0 0 0
1138 3 0 0 3 0 0 0 0 0 0 0 0 0
1139 3 0 0 3 0 0 0 0 0 0 0 0 0
1140 3 0 0 0 0 0 0 0 0 0 0 0 0
1141 3 0 0 0 0 0 0 0 0 0 0 0 0
1143 3 0 0 0 0 0 0 0 0 0 0 0 0
1144 3 0 0 0 0 0 0 0 0 0 0 0 0
1145 3 1 1 0 0 0 0 0 0 0 0 0 0
1146 3 0 0 0 0 0 0 0 0 0 0 0 0
1147 3 0 0 0 0 0 0 0 0 0 0 0 0
1148 3 0 0 0 0 0 0 0 0 0 0 0 0
1149 3 0 0 0 0 0 0 0 0 3 2 0 0
1256 4 1 1 0 0 0 0 0 0 0 0 0 0
1257 4 0 0 4 0 0 0 0 0 0 0 0 0
1258 4 0 0 4 0 0 0 0 0 0 0 0 0
1259 4 0 0 0 0 0 0 0 0 0 0 0 0
1260 4 0 0 0 0 0 0 0 0 0 0 0 0
1262 4 0 0 0 0 0 0 0 0 0 0 0 0
1263 4 0 0 0 0 0 0 0 0 0 0 0 0
1264 4 1 1 0 0 0 0 0 0 0 0 0 0
1265 4 0 0 0 0 0 0 0 0 0 0 0 0
1266 4 0 0 0 0 0 0 0 0 0 0 0 0
1267 4 0 0 0 0 0 0 0 0 0 0 0 0
1268 4 0 0 0 0 0 0 0 0 4 3 0 0
1375 1 1 1 0 0 0 0 0 0 0 0 0 0
1376 1 0 0 1 0 0 0 0 0 0 0 0 0
1377 1 0 0 1 1 1 0 0 0 0 0 0 0
1378 1 0 0 0 0 0 0 0 0 0 0 0 0
1379 1 0 0 0 0 0 0 0 0 0 0 0 0
1381 1 0 0 0 0 0 0 0 0 0 0 0 0
1382 1 0 0 0 0 0 0 0 0 0 0 0 0
1383 1 1 1 0 0 0 0 0 0 0 0 0 0
1384 1 0 0 0 0 0 0 0 0 0 0 0 0
1385 1 0 0 0 0 0 0 0 0 0 0 0 0
1386 1 0 0 0 0 0 0 0 0 0 0 0 0
1387 1 0 0 0 0 0 0 0 0 1 0 0 0
1388 1 0 0 1 0 0 0 0 0 0 0 0 0
1392 1 0 0 0 0 0 0 0 0 0 0 0 0
1393 1 0 0 0 0 0 0 0 0 0 0 0 0
1394 1 0 0 0 0 0 0 0 0 0 0 0 0
1400 1 0 0 0 0 0 0 0 0 0 0 0 0
1401 1 0 0 0 0 0 0 0 0 0 0 0 0
1402 2 0 0 0 0 0 0 0 0 0 0 0 0
1406 1 1 1 0 0 0 0 0 0 0 0 0 0
1407 1 0 0 0 0 0 0 0 0 1 0 0 0
1410 1 0 0 1 0 0 0 0 0 0 0 0 0
1411 1 0 0 1 0 0 0 0 0 0 0 0 0
1412 1 0 0 0 0 0 0 0 0 0 0 0 0
1414 1 0 0 0 0 0 0 0 0 0 0 0 0
1415 1 0 0 0 0 0 0 0 0 0 0 0 0
1416 1 0 0 0 0 0 0 0 0 0 0 0 0
1420 1 0 0 0 0 0 0 0 0 0 0 0 0
1421 1 0 0 0 0 0 0 0 0 0 0 0 0
1422 1 0 0 0 0 0 0 0 0 0 0 0 0
1423 1 0 0 0 0 0 0 0 0 0 0 0 0
1424 1 0 0 0 0 0 0 0 0 0 0 0 0
1425 1 1 1 0 0 0 0 0 0 1 1 0 0
1494 6 1 1 0 0 0 0 0 0 0 0 0 0
1495 6 0 0 6 1 0 0 0 0 0 0 0 0
1496 6 0 0 6 2 2 0 0 0 0 0 0 0
1497 6 0 0 0 0 0 0 0 0 0 0 0 0
1498 6 0 0 0 0 0 0 0 0 0 0 0 0
1500 6 0 0 0 0 0 0 0 0 0 0 0 0
1501 6 0 0 0 0 0 0 0 0 0 0 0 0
1502 6 1 1 0 0 0 0 0 0 0 0 0 0
1503 6 0 0 0 0 0 0 0 0 0 0 0 0
1504 6 0 0 0 0 0 0 0 0 0 0 0 0
1505 6 0 0 0 0 0 0 0 0 0 0 0 0
1506 6 0 0 0 0 0 0 0 0 6 0 0 0
1507 6 0 0 6 0 0 0 0 0 0 0 0 0
1511 6 0 0 0 0 0 0 0 0 0 0 0 0
1512 6 0 0 0 0 0 0 0 0 0 0 0 0
1513 6 0 0 0 0 0 0 0 0 0 0 0 0
1519 6 0 0 0 0 0 0 0 0 0 0 0 0
1520 6 0 0 0 0 0 0 0 0 0 0 0 0
1521 12 0 0 0 0 0 0 0 0 0 0 0 0
1525 6 1 1 0 0 0 0 0 0 0 0 0 0
1526 6 0 0 0 0 0 0 0 0 6 0 0 0
1529 6 0 0 6 2 2 0 0 0 0 0 0 0
1530 6 0 0 6 2 1 0 0 0 0 0 0 0
1531 6 0 0 0 0 0 0 0 0 0 0 0 0
1533 6 0 0 0 0 0 0 0 0 0 0 0 0
1534 6 0 0 0 0 0 0 0 0 0 0 0 0
1535 6 0 0 0 0 0 0 0 0 0 0 0 0
1539 6 0 0 0 0 0 0 0 0 0 0 0 0
1540 6 0 0 0 0 0 0 0 0 0 0 0 0
1541 6 0 0 0 0 0 0 0 0 0 0 0 0
1542 6 0 0 0 0 0 0 0 0 0 0 0 0
1543 6 0 0 0 0 0 0 0 0 0 0 0 0
1544 6 1 1 0 0 0 0 0 0 6 5 0 0
1613 3 2 1 0 0 0 0 0 0 0 0 0 0
1614 3 0 0 3 1 1 0 0 0 0 0 0 0
1615 3 0 0 3 0 0 0 0 0 0 0 0 0
1616 3 0 0 0 0 0 0 0 0 0 0 0 0
1617 3 0 0 0 0 0 0 0 0 0 0 0 0
1619 3 0 0 0 0 0 0 0 0 0 0 0 0
1620 3 0 0 0 0 0 0 0 0 0 0 0 0
1621 3 2 1 0 0 0 0 0 0 0 0 0 0
1622 3 0 0 0 0 0 0 0 0 0 0 0 0
1623 3 0 0 0 0 0 0 0 0 0 0 0 0
1624 3 0 0 0 0 0 0 0 0 0 0 0 0
1625 3 0 0 0 0 0 0 0 0 3 0 0 0
1626 3 0 0 3 0 0 0 0 0 0 0 0 0
1630 3 0 0 0 0 0 0 0 0 0 0 0 0
1631 3 0 0 0 0 0 0 0 0 0 0 0 0
1632 3 0 0 0 0 0 0 0 0 0 0 0 0
1638 3 0 0 0 0 0 0 0 0 0 0 0 0
1639 3 0 0 0 0 0 0 0 0 0 0 0 0
1640 6 0 0 0 0 0 0 0 0 0 0 0 0
1644 3 2 1 0 0 0 0 0 0 0 0 0 0
1645 3 0 0 0 0 0 0 0 0 3 0 0 0
1648 3 0 0 3 0 0 0 0 0 0 0 0 0
1649 3 0 0 3 2 2 0 0 0 0 0 0 0
1650 3 0 0 0 0 0 0 0 0 0 0 0 0
1652 3 0 0 0 0 0 0 0 0 0 0 0 0
1653 3 0 0 0 0 0 0 0 0 0 0 0 0
1654 3 0 0 0 0 0 0 0 0 0 0 0 0
1658 3 0 0 0 0 0 0 0 0 0 0 0 0
1659 3 0 0 0 0 0 0 0 0 0 0 0 0
1660 3 0 0 0 0 0 0 0 0 0 0 0 0
1661 3 0 0 0 0 0 0 0 0 0 0 0 0
1662 3 0 0 0 0 0 0 0 0 0 0 0 0
1663 3 2 1 0 0 0 0 0 0 3 1 0 0
1670 1 0 0 0 0 0 0 0 0 0 0 0 0
1671 1 0 0 0 0 0 0 0 0 0 0 0 0
1673 1 0 0 0 0 0 0 0 0 0 0 0 0
1674 1 0 0 0 0 0 0 0 0 1 0 0 0
1676 1 0 0 1 0 0 0 0 0 0 0 0 0
1677 1 0 0 1 1 1 0 0 0 0 0 0 0
1678 1 0 0 0 0 0 0 0 0 0 0 0 0
1680 1 0 0 0 0 0 0 0 0 0 0 0 0
1681 1 0 0 0 0 0 0 0 0 0 0 0 0
1682 1 0 0 0 0 0 0 0 0 0 0 0 0
1686 1 0 0 0 0 0 0 0 0 0 0 0 0
1687 1 0 0 0 0 0 0 0 0 0 0 0 0
1688 1 0 0 0 0 0 0 0 0 0 0 0 0
1689 1 0 0 0 0 0 0 0 0 0 0 0 0
1690 1 1 1 0 0 0 0 0 0 0 0 0 0
1691 1 0 0 0 0 0 0 0 0 1 1 0 0
1732 11 2 1 0 0 0 0 0 0 0 0 0 0
1733 11 0 0 11 0 0 0 0 0 0 0 0 0
1734 11 0 0 11 3 3 0 0 0 0 0 0 0
1735 11 0 0 0 0 0 0 0 0 0 0 0 0
1736 11 0 0 0 0 0 0 0 0 0 0 0 0
1738 11 0 0 0 0 0 0 0 0 0 0 0 0
1739 11 0 0 0 0 0 0 0 0 0 0 0 0
1740 11 2 1 0 0 0 0 0 0 0 0 0 0
1741 11 0 0 0 0 0 0 0 0 0 0 0 0
1742 11 0 0 0 0 0 0 0 0 0 0 0 0
1743 11 0 0 0 0 0 0 0 0 0 0 0 0
1744 11 0 0 0 0 0 0 0 0 11 5 0 0
1745 5 0 0 5 0 0 0 0 0 0 0 0 0
1749 5 0 0 0 0 0 0 0 0 0 0 0 0
1750 5 0 0 0 0 0 0 0 0 0 0 0 0
1751 5 0 0 0 0 0 0 0 0 0 0 0 0
1757 5 0 0 0 0 0 0 0 0 0 0 0 0
1758 5 0 0 0 0 0 0 0 0 0 0 0 0
1759 10 0 0 0 0 0 0 0 0 0 0 0 0
1763 5 1 1 0 0 0 0 0 0 0 0 0 0
1764 5 0 0 0 0 0 0 0 0 5 0 0 0
1767 5 0 0 5 0 0 0 0 0 0 0 0 0
1768 5 0 0 5 1 1 0 0 0 0 0 0 0
1769 5 0 0 0 0 0 0 0 0 0 0 0 0
1771 5 0 0 0 0 0 0 0 0 0 0 0 0
1772 5 0 0 0 0 0 0 0 0 0 0 0 0
1773 5 0 0 0 0 0 0 0 0 0 0 0 0
1777 5 0 0 0 0 0 0 0 0 0 0 0 0
1778 5 0 0 0 0 0 0 0 0 0 0 0 0
1779 5 0 0 0 0 0 0 0 0 0 0 0 0
1780 5 0 0 0 0 0 0 0 0 0 0 0 0
1781 5 0 0 0 0 0 0 0 0 0 0 0 0
1782 5 1 1 0 0 0 0 0 0 5 2 0 0
1789 1 0 0 0 0 0 0 0 0 0 0 0 0
1790 1 0 0 0 0 0 0 0 0 0 0 0 0
1792 1 0 0 0 0 0 0 0 0 0 0 0 0
1793 1 0 0 0 0 0 0 0 0 1 0 0 0
1795 1 0 0 1 0 0 0 0 0 0 0 0 0
1796 1 0 0 1 0 0 0 0 0 0 0 0 0
1797 1 0 0 0 0 0 0 0 0 0 0 0 0
1799 1 0 0 0 0 0 0 0 0 0 0 0 0
1800 1 0 0 0 0 0 0 0 0 0 0 0 0
1801 1 0 0 0 0 0 0 0 0 0 0 0 0
1805 1 0 0 0 0 0 0 0 0 0 0 0 0
1806 1 0 0 0 0 0 0 0 0 0 0 0 0
1807 1 0 0 0 0 0 0 0 0 0 0 0 0
1808 1 0 0 0 0 0 0 0 0 0 0 0 0
1809 1 1 1 0 0 0 0 0 0 0 0 0 0
1810 1 0 0 0 0 0 0 0 0 1 1 0 0
1851 5 1 1 0 0 0 0 0 0 0 0 0 0
1852 5 0 0 5 0 0 0 0 0 0 0 0 0
1853 5 0 0 5 1 1 0 0 0 0 0 0 0
1854 5 0 0 0 0 0 0 0 0 0 0 0 0
1855 5 0 0 0 0 0 0 0 0 0 0 0 0
1857 5 0 0 0 0 0 0 0 0 0 0 0 0
1858 5 0 0 0 0 0 0 0 0 0 0 0 0
1859 5 1 1 0 0 0 0 0 0 0 0 0 0
1860 5 0 0 0 0 0 0 0 0 0 0 0 0
1861 5 0 0 0 0 0 0 0 0 0 0 0 0
1862 5 0 0 0 0 0 0 0 0 0 0 0 0
1863 5 0 0 0 0 0 0 0 0 5 3 0 0
1864 3 0 0 3 0 0 0 0 0 0 0 0 0
1868 3 0 0 0 0 0 0 0 0 0 0 0 0
1869 3 0 0 0 0 0 0 0 0 0 0 0 0
1870 3 0 0 0 0 0 0 0 0 0 0 0 0
1876 3 0 0 0 0 0 0 0 0 0 0 0 0
1877 3 0 0 0 0 0 0 0 0 0 0 0 0
1878 6 0 0 0 0 0 0 0 0 0 0 0 0
1882 3 1 1 0 0 0 0 0 0 0 0 0 0
1883 3 0 0 0 0 0 0 0 0 3 0 0 0
1886 3 0 0 3 0 0 0 0 0 0 0 0 0
1887 3 0 0 3 0 0 0 0 0 0 0 0 0
1888 3 0 0 0 0 0 0 0 0 0 0 0 0
1890 3 0 0 0 0 0 0 0 0 0 0 0 0
1891 3 0 0 0 0 0 0 0 0 0 0 0 0
1892 3 0 0 0 0 0 0 0 0 0 0 0 0
1896 3 0 0 0 0 0 0 0 0 0 0 0 0
1897 3 0 0 0 0 0 0 0 0 0 0 0 0
1898 3 0 0 0 0 0 0 0 0 0 0 0 0
1899 3 0 0 0 0 0 0 0 0 0 0 0 0
1900 3 0 0 0 0 0 0 0 0 0 0 0 0
1901 3 1 1 0 0 0 0 0 0 3 1 0 0
1970 2 1 1 0 0 0 0 0 0 0 0 0 0
1971 2 0 0 2 0 0 0 0 0 0 0 0 0
1972 2 0 0 2 0 0 0 0 0 0 0 0 0
1973 2 0 0 0 0 0 0 0 0 0 0 0 0
1974 2 0 0 0 0 0 0 0 0 0 0 0 0
1976 2 0 0 0 0 0 0 0 0 0 0 0 0
1977 2 0 0 0 0 0 0 0 0 0 0 0 0
1978 2 1 1 0 0 0 0 0 0 0 0 0 0
1979 2 0 0 0 0 0 0 0 0 0 0 0 0
1980 2 0 0 0 0 0 0 0 0 0 0 0 0
1981 2 0 0 0 0 0 0 0 0 0 0 0 0
1982 2 0 0 0 0 0 0 0 0 2 1 0 0
2093 40 0 0 0 0 0 0 0 0 0 0 0 0
2095 62 1 1 0 0 0 0 0 0 0 0 0 0
2096 62 0 0 0 0 0 0 0 0 0 0 0 0
2097 62 0 0 0 0 0 0 0 0 0 0 0 0
2098 62 0 0 0 0 0 0 0 0 62 12 0 0
2099 48 0 0 0 0 0 0 0 0 0 0 0 0
2104 185 1 1 0 0 0 0 0 0 0 0 0 0
2110 185 0 0 185 0 0 0 0 0 0 0 0 0
2111 185 0 0 185 0 0 0 0 0 0 0 0 0
2119 185 0 0 0 0 0 0 0 0 0 0 0 0
2120 185 0 0 185 0 0 0 0 0 0 0 0 0
fn=strncmp
98 1 1 1 0 0 0 0 0 0 0 0 0 0
125 1 0 0 0 0 0 0 0 0 0 0 0 0
126 1 0 0 0 0 0 0 0 0 1 1 0 0
127 1 0 0 0 0 0 0 0 0 0 0 0 0
128 1 0 0 0 0 0 0 0 0 1 0 0 0
129 1 0 0 0 0 0 0 0 0 0 0 0 0
131 1 0 0 0 0 0 0 0 0 0 0 0 0
132 1 0 0 0 0 0 0 0 0 0 0 0 0
134 1 1 1 0 0 0 0 0 0 0 0 0 0
135 1 0 0 0 0 0 0 0 0 0 0 0 0
156 1 0 0 0 0 0 0 0 0 0 0 0 0
157 1 0 0 0 0 0 0 0 0 0 0 0 0
158 1 0 0 0 0 0 0 0 0 0 0 0 0
159 1 0 0 0 0 0 0 0 0 1 0 0 0
160 1 0 0 1 0 0 0 0 0 0 0 0 0
161 1 0 0 1 1 1 0 0 0 0 0 0 0
162 1 0 0 1 0 0 0 0 0 0 0 0 0
163 1 0 0 1 0 0 0 0 0 0 0 0 0
180 1 0 0 0 0 0 0 0 0 0 0 0 0
181 1 0 0 0 0 0 0 0 0 0 0 0 0
182 1 0 0 0 0 0 0 0 0 0 0 0 0
183 1 0 0 0 0 0 0 0 0 0 0 0 0
184 1 0 0 0 0 0 0 0 0 0 0 0 0
185 1 0 0 0 0 0 0 0 0 0 0 0 0
186 1 1 1 0 0 0 0 0 0 1 1 0 0
2104 1 1 1 0 0 0 0 0 0 0 0 0 0
2107 1 0 0 0 0 0 0 0 0 0 0 0 0
2108 1 0 0 0 0 0 0 0 0 1 0 0 0
2110 1 0 0 1 0 0 0 0 0 0 0 0 0
2111 1 0 0 1 0 0 0 0 0 0 0 0 0
2119 1 0 0 0 0 0 0 0 0 0 0 0 0
2120 1 0 0 1 0 0 0 0 0 0 0 0 0
fl=./string/../sysdeps/x86_64/multiarch/../multiarch/strlen-sse2.S
fn=strlen
57 15 1 1 0 0 0 0 0 0 0 0 0 0
101 15 0 0 0 0 0 0 0 0 0 0 0 0
102 15 0 0 0 0 0 0 0 0 0 0 0 0
103 15 0 0 0 0 0 0 0 0 0 0 0 0
104 15 0 0 0 0 0 0 0 0 0 0 0 0
105 15 0 0 0 0 0 0 0 0 0 0 0 0
106 15 0 0 0 0 0 0 0 0 0 0 0 0
107 15 0 0 0 0 0 0 0 0 0 0 0 0
109 15 0 0 0 0 0 0 0 0 0 0 0 0
111 15 0 0 0 0 0 0 0 0 15 0 0 0
142 15 0 0 15 2 2 0 0 0 0 0 0 0
143 15 0 0 0 0 0 0 0 0 0 0 0 0
144 15 0 0 0 0 0 0 0 0 0 0 0 0
145 15 0 0 0 0 0 0 0 0 0 0 0 0
146 15 0 0 0 0 0 0 0 0 15 5 0 0
147 9 0 0 0 0 0 0 0 0 0 0 0 0
149 9 0 0 9 0 0 0 0 0 0 0 0 0
153 6 1 1 0 0 0 0 0 0 0 0 0 0
154 6 0 0 6 0 0 0 0 0 0 0 0 0
155 6 0 0 6 0 0 0 0 0 0 0 0 0
156 6 0 0 6 0 0 0 0 0 0 0 0 0
157 6 0 0 0 0 0 0 0 0 0 0 0 0
158 6 0 0 0 0 0 0 0 0 0 0 0 0
159 6 0 0 0 0 0 0 0 0 0 0 0 0
160 6 0 0 0 0 0 0 0 0 0 0 0 0
161 6 0 0 0 0 0 0 0 0 0 0 0 0
162 6 0 0 0 0 0 0 0 0 0 0 0 0
163 6 0 0 0 0 0 0 0 0 0 0 0 0
164 6 0 0 0 0 0 0 0 0 0 0 0 0
169 48 1 1 6 0 0 0 0 0 6 0 0 0
fl=./string/../sysdeps/x86_64/multiarch/ifunc-avx2.h
fn=memrchr
38 4 1 1 0 0 0 0 0 0 1 1 0 0
40 3 0 0 2 0 0 0 0 0 0 0 0 0
41 2 0 0 1 0 0 0 0 0 1 0 0 0
42 3 0 0 1 0 0 0 0 0 1 0 0 0
45 2 0 0 0 0 0 0 0 0 0 0 0 0
46 2 0 0 0 0 0 0 0 0 1 1 0 0
49 3 0 0 0 0 0 0 0 0 1 0 0 0
52 6 0 0 0 0 0 0 0 0 0 0 0 0
fn=rindex
38 4 0 0 0 0 0 0 0 0 1 1 0 0
40 3 1 1 2 0 0 0 0 0 0 0 0 0
41 2 0 0 1 0 0 0 0 0 1 0 0 0
42 3 0 0 1 0 0 0 0 0 1 0 0 0
45 2 0 0 0 0 0 0 0 0 0 0 0 0
46 2 0 0 0 0 0 0 0 0 1 1 0 0
49 3 0 0 0 0 0 0 0 0 1 0 0 0
52 6 1 1 0 0 0 0 0 0 0 0 0 0
fn=strchrnul
38 4 0 0 0 0 0 0 0 0 1 1 0 0
40 3 1 1 2 0 0 0 0 0 0 0 0 0
41 2 0 0 1 0 0 0 0 0 1 0 0 0
42 3 0 0 1 0 0 0 0 0 1 0 0 0
45 2 0 0 0 0 0 0 0 0 0 0 0 0
46 2 0 0 0 0 0 0 0 0 1 1 0 0
49 3 0 0 0 0 0 0 0 0 1 0 0 0
52 6 1 1 0 0 0 0 0 0 0 0 0 0
fn=strlen
38 8 1 1 0 0 0 0 0 0 2 1 0 0
40 6 0 0 4 2 0 0 0 0 0 0 0 0
41 4 0 0 2 0 0 0 0 0 2 0 0 0
42 6 0 0 2 0 0 0 0 0 2 0 0 0
45 4 0 0 0 0 0 0 0 0 0 0 0 0
46 4 0 0 0 0 0 0 0 0 2 1 0 0
49 6 0 0 0 0 0 0 0 0 2 0 0 0
52 12 1 1 0 0 0 0 0 0 0 0 0 0
fn=strnlen
38 8 0 0 0 0 0 0 0 0 2 2 0 0
40 6 1 1 4 1 0 0 0 0 0 0 0 0
41 4 0 0 2 0 0 0 0 0 2 0 0 0
42 6 0 0 2 0 0 0 0 0 2 0 0 0
45 4 0 0 0 0 0 0 0 0 0 0 0 0
46 4 0 0 0 0 0 0 0 0 2 2 0 0
49 6 0 0 0 0 0 0 0 0 2 0 0 0
52 12 1 1 0 0 0 0 0 0 0 0 0 0
fl=./string/../sysdeps/x86_64/multiarch/ifunc-evex.h
fn=memchr
37 4 0 0 0 0 0 0 0 0 1 1 0 0
38 3 0 0 2 0 0 0 0 0 0 0 0 0
39 3 1 1 1 0 0 0 0 0 1 0 0 0
42 2 0 0 0 0 0 0 0 0 0 0 0 0
43 2 0 0 0 0 0 0 0 0 1 1 0 0
45 2 0 0 0 0 0 0 0 0 0 0 0 0
51 3 0 0 0 0 0 0 0 0 1 0 0 0
54 4 0 0 0 0 0 0 0 0 0 0 0 0
fl=./string/../sysdeps/x86_64/multiarch/ifunc-memcmp.h
fn=bcmp
34 5 0 0 2 0 0 0 0 0 1 0 0 0
35 2 0 0 1 0 0 0 0 0 1 0 0 0
36 2 0 0 0 0 0 0 0 0 1 0 0 0
37 3 1 1 1 0 0 0 0 0 1 0 0 0
40 2 0 0 0 0 0 0 0 0 0 0 0 0
41 2 0 0 0 0 0 0 0 0 1 1 0 0
44 3 0 0 0 0 0 0 0 0 1 0 0 0
47 4 0 0 0 0 0 0 0 0 0 0 0 0
fl=./string/../sysdeps/x86_64/multiarch/ifunc-memmove.h
fn=memcpy@@GLIBC_2.14
56 2 0 0 0 0 0 0 0 0 1 0 0 0
57 3 0 0 2 0 0 0 0 0 0 0 0 0
60 3 0 0 1 0 0 0 0 0 0 0 0 0
61 2 1 1 0 0 0 0 0 0 1 1 0 0
74 2 0 0 0 0 0 0 0 0 1 0 0 0
77 2 0 0 0 0 0 0 0 0 1 0 0 0
85 2 0 0 0 0 0 0 0 0 1 1 0 0
93 2 1 1 0 0 0 0 0 0 1 1 0 0
96 5 2 2 1 0 0 0 0 0 0 0 0 0
fn=memmove
56 2 0 0 0 0 0 0 0 0 1 0 0 0
57 3 0 0 2 0 0 0 0 0 0 0 0 0
60 3 1 1 1 0 0 0 0 0 0 0 0 0
61 2 1 1 0 0 0 0 0 0 1 1 0 0
74 2 0 0 0 0 0 0 0 0 1 0 0 0
77 2 0 0 0 0 0 0 0 0 1 0 0 0
85 2 0 0 0 0 0 0 0 0 1 1 0 0
93 2 0 0 0 0 0 0 0 0 1 1 0 0
96 5 1 1 1 0 0 0 0 0 0 0 0 0
fn=mempcpy
56 2 0 0 0 0 0 0 0 0 1 0 0 0
57 3 0 0 2 0 0 0 0 0 0 0 0 0
60 3 0 0 1 0 0 0 0 0 0 0 0 0
61 2 1 1 0 0 0 0 0 0 1 1 0 0
74 2 0 0 0 0 0 0 0 0 1 0 0 0
77 2 0 0 0 0 0 0 0 0 1 0 0 0
85 2 0 0 0 0 0 0 0 0 1 1 0 0
93 2 1 1 0 0 0 0 0 0 1 1 0 0
96 5 1 1 1 0 0 0 0 0 0 0 0 0
fl=./string/../sysdeps/x86_64/multiarch/ifunc-memset.h
fn=memset
54 5 1 1 2 0 0 0 0 0 1 0 0 0
57 3 0 0 1 0 0 0 0 0 0 0 0 0
58 2 1 1 0 0 0 0 0 0 1 1 0 0
64 2 0 0 0 0 0 0 0 0 0 0 0 0
73 2 0 0 0 0 0 0 0 0 1 0 0 0
75 2 0 0 0 0 0 0 0 0 1 0 0 0
85 2 0 0 0 0 0 0 0 0 1 0 0 0
93 2 0 0 0 0 0 0 0 0 1 0 0 0
96 5 0 0 1 0 0 0 0 0 0 0 0 0
fl=./string/../sysdeps/x86_64/multiarch/ifunc-sse4_2.h
fn=strcspn
36 5 1 1 2 0 0 0 0 0 0 0 0 0
fn=strpbrk
36 5 0 0 2 1 0 0 0 0 0 0 0 0
fn=strspn
36 5 0 0 2 0 0 0 0 0 0 0 0 0
fl=./string/../sysdeps/x86_64/multiarch/ifunc-strcasecmp.h
fn=strcasecmp
36 4 0 0 0 0 0 0 0 0 1 1 0 0
37 2 1 1 2 0 0 0 0 0 0 0 0 0
38 3 1 1 1 0 0 0 0 0 1 0 0 0
41 2 0 0 0 0 0 0 0 0 0 0 0 0
42 2 0 0 0 0 0 0 0 0 1 1 0 0
45 3 0 0 0 0 0 0 0 0 1 0 0 0
48 5 0 0 0 0 0 0 0 0 1 0 0 0
fn=strcasecmp_l
36 4 0 0 0 0 0 0 0 0 1 1 0 0
37 2 0 0 2 0 0 0 0 0 0 0 0 0
38 3 1 1 1 0 0 0 0 0 1 0 0 0
41 2 0 0 0 0 0 0 0 0 0 0 0 0
42 2 0 0 0 0 0 0 0 0 1 1 0 0
45 3 0 0 0 0 0 0 0 0 1 0 0 0
48 5 1 1 0 0 0 0 0 0 1 0 0 0
fn=strncasecmp
36 4 0 0 0 0 0 0 0 0 1 1 0 0
37 2 1 1 2 0 0 0 0 0 0 0 0 0
38 3 1 1 1 0 0 0 0 0 1 0 0 0
41 2 0 0 0 0 0 0 0 0 0 0 0 0
42 2 0 0 0 0 0 0 0 0 1 1 0 0
45 3 0 0 0 0 0 0 0 0 1 0 0 0
48 5 0 0 0 0 0 0 0 0 1 0 0 0
fn=strncasecmp_l
36 4 0 0 0 0 0 0 0 0 1 1 0 0
37 2 0 0 2 0 0 0 0 0 0 0 0 0
38 3 1 1 1 0 0 0 0 0 1 0 0 0
41 2 0 0 0 0 0 0 0 0 0 0 0 0
42 2 0 0 0 0 0 0 0 0 1 0 0 0
45 3 0 0 0 0 0 0 0 0 1 0 0 0
48 5 1 1 0 0 0 0 0 0 1 0 0 0
fl=./string/../sysdeps/x86_64/multiarch/ifunc-strcpy.h
fn=stpcpy
38 4 0 0 2 0 0 0 0 0 0 0 0 0
39 3 1 1 1 0 0 0 0 0 1 0 0 0
42 2 0 0 0 0 0 0 0 0 0 0 0 0
43 2 0 0 0 0 0 0 0 0 1 1 0 0
46 3 0 0 0 0 0 0 0 0 1 0 0 0
49 3 0 0 0 0 0 0 0 0 1 1 0 0
fn=strcat
38 4 0 0 2 0 0 0 0 0 0 0 0 0
39 3 0 0 1 0 0 0 0 0 1 0 0 0
42 2 0 0 0 0 0 0 0 0 0 0 0 0
43 2 0 0 0 0 0 0 0 0 1 1 0 0
46 3 0 0 0 0 0 0 0 0 1 0 0 0
49 3 0 0 0 0 0 0 0 0 1 1 0 0
fn=strcpy
38 4 0 0 2 0 0 0 0 0 0 0 0 0
39 3 0 0 1 0 0 0 0 0 1 0 0 0
42 2 0 0 0 0 0 0 0 0 0 0 0 0
43 2 0 0 0 0 0 0 0 0 1 1 0 0
46 3 0 0 0 0 0 0 0 0 1 0 0 0
49 3 0 0 0 0 0 0 0 0 1 1 0 0
fl=./string/../sysdeps/x86_64/multiarch/ifunc-strncpy.h
fn=stpncpy
35 5 0 0 2 0 0 0 0 0 1 0 0 0
36 3 0 0 1 0 0 0 0 0 1 0 0 0
39 2 0 0 0 0 0 0 0 0 0 0 0 0
40 2 0 0 0 0 0 0 0 0 1 1 0 0
43 3 0 0 0 0 0 0 0 0 1 0 0 0
46 4 0 0 0 0 0 0 0 0 0 0 0 0
fn=strncpy
35 5 1 1 2 0 0 0 0 0 1 0 0 0
36 3 0 0 1 0 0 0 0 0 1 0 0 0
39 2 0 0 0 0 0 0 0 0 0 0 0 0
40 2 0 0 0 0 0 0 0 0 1 1 0 0
43 3 0 0 0 0 0 0 0 0 1 0 0 0
46 4 0 0 0 0 0 0 0 0 0 0 0 0
fl=./string/../sysdeps/x86_64/multiarch/memchr.c
fn=memchr
29 2 1 1 1 0 0 0 0 0 0 0 0 0
fl=./string/../sysdeps/x86_64/multiarch/memcmp.c
fn=bcmp
29 4 1 1 1 0 0 0 0 0 0 0 0 0
fl=./string/../sysdeps/x86_64/multiarch/memcmpeq.c
fn=memcpy@@GLIBC_2.14
29 1 1 1 0 0 0 0 0 0 0 0 0 0
fl=./string/../sysdeps/x86_64/multiarch/memmove-vec-unaligned-erms.S
fn=__memcpy_avx_unaligned_erms
255 40011 1 1 0 0 0 0 0 0 0 0 0 0
256 40011 0 0 0 0 0 0 0 0 0 0 0 0
262 40011 0 0 0 0 0 0 0 0 0 0 0 0
263 40011 0 0 0 0 0 0 0 0 40011 5 0 0
265 1 0 0 1 0 0 0 0 0 0 0 0 0
266 1 0 0 0 0 0 0 0 0 0 0 0 0
267 1 0 0 0 0 0 0 0 0 1 1 0 0
305 40010 0 0 0 0 0 0 0 0 0 0 0 0
306 40010 0 0 0 0 0 0 0 0 40010 0 0 0
308 40010 0 0 0 0 0 0 0 0 0 0 0 0
309 40010 0 0 0 0 0 0 0 0 40010 0 0 0
311 40010 0 0 0 0 0 0 0 0 0 0 0 0
315 40010 0 0 0 0 0 0 0 0 40010 10163 0 0
316 31016 1 1 0 0 0 0 0 0 0 0 0 0
317 31016 0 0 0 0 0 0 0 0 31016 0 0 0
318 31016 0 0 31016 0 0 0 0 0 0 0 0 0
319 31016 0 0 0 0 0 0 0 0 31016 998 0 0
320 996 0 0 996 0 0 0 0 0 0 0 0 0
321 996 0 0 0 0 0 996 40 40 0 0 0 0
323 31016 0 0 0 0 0 31016 23 23 0 0 0 0
325 31016 0 0 31016 0 0 0 0 0 0 0 0 0
331 8994 0 0 8994 0 0 0 0 0 0 0 0 0
332 8994 0 0 8994 0 0 0 0 0 0 0 0 0
333 8994 0 0 0 0 0 8994 0 0 0 0 0 0
334 8994 0 0 0 0 0 8994 0 0 0 0 0 0
335 8994 0 0 8994 0 0 0 0 0 0 0 0 0
386 1 1 1 1 0 0 0 0 0 0 0 0 0
387 1 0 0 0 0 0 0 0 0 1 0 0 0
392 1 0 0 0 0 0 0 0 0 0 0 0 0
393 1 0 0 0 0 0 0 0 0 1 1 0 0
417 1 1 1 0 0 0 0 0 0 0 0 0 0
418 1 0 0 0 0 0 0 0 0 0 0 0 0
422 1 0 0 0 0 0 0 0 0 0 0 0 0
424 1 1 1 0 0 0 0 0 0 1 0 0 0
428 1 0 0 1 1 0 0 0 0 0 0 0 0
429 1 0 0 0 0 0 0 0 0 1 0 0 0
440 1 0 0 0 0 0 0 0 0 0 0 0 0
443 1 0 0 0 0 0 0 0 0 0 0 0 0
445 1 0 0 0 0 0 0 0 0 0 0 0 0
447 1 0 0 0 0 0 0 0 0 0 0 0 0
451 1 0 0 0 0 0 0 0 0 0 0 0 0
452 1 0 0 0 0 0 0 0 0 1 0 0 0
461 1 0 0 1 1 1 0 0 0 0 0 0 0
462 1 0 0 1 0 0 0 0 0 0 0 0 0
464 1 0 0 0 0 0 0 0 0 0 0 0 0
466 1 0 0 0 0 0 0 0 0 0 0 0 0
467 1 1 1 1 1 1 0 0 0 0 0 0 0
468 1 0 0 1 0 0 0 0 0 0 0 0 0
471 1 0 0 0 0 0 0 0 0 0 0 0 0
473 1 0 0 0 0 0 0 0 0 0 0 0 0
475 1 0 0 0 0 0 0 0 0 0 0 0 0
477 2 0 0 0 0 0 0 0 0 0 0 0 0
483 29 0 0 29 29 29 0 0 0 0 0 0 0
484 29 0 0 29 0 0 0 0 0 0 0 0 0
485 29 0 0 29 28 28 0 0 0 0 0 0 0
486 29 0 0 29 0 0 0 0 0 0 0 0 0
487 29 0 0 0 0 0 0 0 0 0 0 0 0
488 29 0 0 0 0 0 29 0 0 0 0 0 0
489 29 0 0 0 0 0 29 0 0 0 0 0 0
490 29 1 1 0 0 0 29 0 0 0 0 0 0
491 29 0 0 0 0 0 29 0 0 0 0 0 0
492 29 0 0 0 0 0 0 0 0 0 0 0 0
493 29 0 0 0 0 0 0 0 0 0 0 0 0
494 29 0 0 0 0 0 0 0 0 29 10 0 0
496 1 0 0 0 0 0 1 0 0 0 0 0 0
497 1 0 0 0 0 0 1 0 0 0 0 0 0
498 1 0 0 0 0 0 1 0 0 0 0 0 0
499 1 0 0 0 0 0 1 0 0 0 0 0 0
501 1 0 0 0 0 0 1 0 0 0 0 0 0
505 2 0 0 1 0 0 0 0 0 0 0 0 0
fn=memcpy
210 17 2 1 0 0 0 0 0 0 0 0 0 0
211 17 0 0 0 0 0 0 0 0 0 0 0 0
217 30 0 0 0 0 0 0 0 0 0 0 0 0
218 30 0 0 0 0 0 0 0 0 30 15 0 0
220 15 0 0 15 1 0 0 0 0 0 0 0 0
221 15 0 0 0 0 0 0 0 0 0 0 0 0
222 15 0 0 0 0 0 0 0 0 15 4 0 0
224 11 0 0 11 0 0 0 0 0 0 0 0 0
225 11 0 0 0 0 0 11 2 2 0 0 0 0
226 11 1 0 0 0 0 11 0 0 0 0 0 0
228 11 0 0 11 0 0 0 0 0 0 0 0 0
308 15 2 1 0 0 0 0 0 0 0 0 0 0
309 15 0 0 0 0 0 0 0 0 15 12 0 0
311 2 0 0 0 0 0 0 0 0 0 0 0 0
315 2 0 0 0 0 0 0 0 0 2 0 0 0
316 2 0 0 0 0 0 0 0 0 0 0 0 0
317 2 0 0 0 0 0 0 0 0 2 1 0 0
318 1 0 0 1 1 1 0 0 0 0 0 0 0
319 1 0 0 0 0 0 0 0 0 1 1 0 0
323 1 0 0 0 0 0 1 1 1 0 0 0 0
325 2 0 0 2 0 0 0 0 0 0 0 0 0
364 13 1 1 13 0 0 0 0 0 0 0 0 0
365 13 0 0 13 0 0 0 0 0 0 0 0 0
366 13 0 0 0 0 0 13 4 4 0 0 0 0
367 13 0 0 0 0 0 13 0 0 0 0 0 0
368 13 0 0 13 0 0 0 0 0 0 0 0 0
375 4 0 0 4 0 0 0 0 0 0 0 0 0
376 4 0 0 4 0 0 0 0 0 0 0 0 0
377 4 0 0 0 0 0 4 1 1 0 0 0 0
378 4 0 0 0 0 0 4 0 0 0 0 0 0
379 4 0 0 0 0 0 4 3 3 0 0 0 0
380 4 0 0 0 0 0 4 0 0 0 0 0 0
381 4 0 0 4 0 0 0 0 0 0 0 0 0
392 4 0 0 0 0 0 0 0 0 0 0 0 0
393 4 0 0 0 0 0 0 0 0 4 0 0 0
395 4 0 0 4 0 0 0 0 0 0 0 0 0
396 4 1 1 0 0 0 0 0 0 0 0 0 0
397 4 0 0 0 0 0 0 0 0 4 4 0 0
fn=mempcpy
197 13 0 0 0 0 0 0 0 0 0 0 0 0
198 13 0 0 0 0 0 0 0 0 0 0 0 0
199 13 0 0 0 0 0 0 0 0 0 0 0 0
200 13 0 0 0 0 0 0 0 0 0 0 0 0
fl=./string/../sysdeps/x86_64/multiarch/memmove.c
fn=memmove
29 1 1 1 0 0 0 0 0 0 0 0 0 0
fl=./string/../sysdeps/x86_64/multiarch/mempcpy.c
fn=mempcpy
33 1 1 1 0 0 0 0 0 0 0 0 0 0
fl=./string/../sysdeps/x86_64/multiarch/memrchr.c
fn=memrchr
29 3 1 1 1 0 0 0 0 0 0 0 0 0
fl=./string/../sysdeps/x86_64/multiarch/memset-vec-unaligned-erms.S
fn=__memset_avx2_unaligned_erms
158 1 1 1 0 0 0 0 0 0 0 0 0 0
159 2 0 0 0 0 0 0 0 0 0 0 0 0
164 1 0 0 0 0 0 0 0 0 0 0 0 0
165 1 0 0 0 0 0 0 0 0 1 0 0 0
166 1 0 0 0 0 0 0 0 0 0 0 0 0
167 1 0 0 0 0 0 0 0 0 0 0 0 0
168 1 0 0 0 0 0 0 0 0 1 1 0 0
237 1 1 1 1 1 0 0 0 0 0 0 0 0
238 1 0 0 0 0 0 0 0 0 1 1 0 0
325 1 1 1 0 0 0 0 0 0 0 0 0 0
326 1 0 0 0 0 0 0 0 0 0 0 0 0
327 1 0 0 0 0 0 0 0 0 0 0 0 0
328 32505 0 0 0 0 0 32504 507 507 32505 6 0 0
329 1 0 0 0 0 0 0 0 0 0 0 0 0
330 2 0 0 1 0 0 0 0 0 0 0 0 0
fl=./string/../sysdeps/x86_64/multiarch/memset.c
fn=memset
29 1 1 1 0 0 0 0 0 0 0 0 0 0
fl=./string/../sysdeps/x86_64/multiarch/stpcpy.c
fn=stpcpy
33 3 1 1 1 0 0 0 0 0 0 0 0 0
fl=./string/../sysdeps/x86_64/multiarch/stpncpy.c
fn=stpncpy
31 3 2 2 1 0 0 0 0 0 0 0 0 0
fl=./string/../sysdeps/x86_64/multiarch/strcasecmp.c
fn=strcasecmp
31 3 0 0 1 0 0 0 0 0 0 0 0 0
fl=./string/../sysdeps/x86_64/multiarch/strcasecmp_l.c
fn=strcasecmp_l
31 3 1 1 1 0 0 0 0 0 0 0 0 0
fl=./string/../sysdeps/x86_64/multiarch/strcat.c
fn=strcat
29 3 1 1 1 0 0 0 0 0 0 0 0 0
fl=./string/../sysdeps/x86_64/multiarch/strchr-avx2.S
fn=__strchr_avx2
53 5759 1 1 0 0 0 0 0 0 0 0 0 0
55 5759 0 0 0 0 0 0 0 0 0 0 0 0
56 5759 0 0 0 0 0 0 0 0 0 0 0 0
57 5759 0 0 0 0 0 0 0 0 0 0 0 0
58 5759 0 0 0 0 0 0 0 0 0 0 0 0
59 5759 0 0 0 0 0 0 0 0 0 0 0 0
62 5759 0 0 0 0 0 0 0 0 0 0 0 0
63 5759 1 1 0 0 0 0 0 0 5759 35 0 0
67 5719 0 0 5719 1 1 0 0 0 0 0 0 0
68 5719 0 0 0 0 0 0 0 0 0 0 0 0
69 5719 0 0 0 0 0 0 0 0 0 0 0 0
70 5719 0 0 0 0 0 0 0 0 0 0 0 0
71 5719 0 0 0 0 0 0 0 0 0 0 0 0
72 5719 0 0 0 0 0 0 0 0 0 0 0 0
73 5719 0 0 0 0 0 0 0 0 5719 0 0 0
74 5719 0 0 0 0 0 0 0 0 0 0 0 0
77 5719 0 0 5719 0 0 0 0 0 0 0 0 0
85 5719 0 0 0 0 0 0 0 0 5719 6 0 0
87 5717 0 0 0 0 0 0 0 0 0 0 0 0
89 11434 0 0 5717 0 0 0 0 0 0 0 0 0
93 2 0 0 0 0 0 0 0 0 0 0 0 0
94 4 0 0 2 0 0 0 0 0 0 0 0 0
101 6 1 1 0 0 0 0 0 0 0 0 0 0
102 6 0 0 0 0 0 0 0 0 0 0 0 0
105 6 0 0 6 0 0 0 0 0 0 0 0 0
106 6 0 0 0 0 0 0 0 0 6 0 0 0
108 6 0 0 0 0 0 0 0 0 0 0 0 0
109 12 0 0 6 0 0 0 0 0 0 0 0 0
161 6 1 1 6 0 0 0 0 0 0 0 0 0
162 6 0 0 0 0 0 0 0 0 0 0 0 0
163 6 0 0 0 0 0 0 0 0 0 0 0 0
164 6 0 0 0 0 0 0 0 0 0 0 0 0
165 6 0 0 0 0 0 0 0 0 0 0 0 0
166 6 0 0 0 0 0 0 0 0 0 0 0 0
167 6 0 0 0 0 0 0 0 0 6 4 0 0
291 40 1 1 0 0 0 0 0 0 0 0 0 0
293 40 0 0 0 0 0 0 0 0 0 0 0 0
294 40 0 0 40 0 0 0 0 0 0 0 0 0
295 40 0 0 0 0 0 0 0 0 0 0 0 0
296 40 0 0 0 0 0 0 0 0 0 0 0 0
297 40 0 0 0 0 0 0 0 0 0 0 0 0
298 40 0 0 0 0 0 0 0 0 0 0 0 0
301 40 1 1 0 0 0 0 0 0 0 0 0 0
302 40 0 0 0 0 0 0 0 0 0 0 0 0
303 40 0 0 0 0 0 0 0 0 40 6 0 0
304 34 0 0 0 0 0 0 0 0 0 0 0 0
306 34 0 0 0 0 0 0 0 0 0 0 0 0
308 34 0 0 34 0 0 0 0 0 0 0 0 0
309 34 0 0 0 0 0 0 0 0 34 0 0 0
311 34 0 0 0 0 0 0 0 0 0 0 0 0
312 68 0 0 34 0 0 0 0 0 0 0 0 0
fn=__strchrnul_avx2
53 30000 0 0 0 0 0 0 0 0 0 0 0 0
55 30000 0 0 0 0 0 0 0 0 0 0 0 0
56 30000 0 0 0 0 0 0 0 0 0 0 0 0
57 30000 0 0 0 0 0 0 0 0 0 0 0 0
58 30000 0 0 0 0 0 0 0 0 0 0 0 0
59 30000 0 0 0 0 0 0 0 0 0 0 0 0
62 30000 0 0 0 0 0 0 0 0 0 0 0 0
63 30000 1 1 0 0 0 0 0 0 30000 0 0 0
67 30000 0 0 30000 2 0 0 0 0 0 0 0 0
68 30000 0 0 0 0 0 0 0 0 0 0 0 0
69 30000 0 0 0 0 0 0 0 0 0 0 0 0
70 30000 0 0 0 0 0 0 0 0 0 0 0 0
71 30000 0 0 0 0 0 0 0 0 0 0 0 0
72 30000 0 0 0 0 0 0 0 0 0 0 0 0
73 30000 0 0 0 0 0 0 0 0 30000 0 0 0
74 30000 0 0 0 0 0 0 0 0 0 0 0 0
87 30000 0 0 0 0 0 0 0 0 0 0 0 0
89 60000 0 0 30000 0 0 0 0 0 0 0 0 0
fl=./string/../sysdeps/x86_64/multiarch/strchr.c
fn=index
42 8 0 0 0 0 0 0 0 0 0 0 0 0
43 4 2 1 4 0 0 0 0 0 0 0 0 0
44 6 0 0 2 0 0 0 0 0 2 0 0 0
47 4 0 0 0 0 0 0 0 0 0 0 0 0
48 4 0 0 0 0 0 0 0 0 2 1 0 0
51 6 0 0 0 0 0 0 0 0 2 0 0 0
54 6 0 0 0 0 0 0 0 0 2 0 0 0
65 6 4 2 2 0 0 0 0 0 0 0 0 0
fl=./string/../sysdeps/x86_64/multiarch/strchrnul.c
fn=strchrnul
31 3 0 0 1 0 0 0 0 0 0 0 0 0
fl=./string/../sysdeps/x86_64/multiarch/strcmp-avx2.S
fn=__strcmp_avx2
206 1004148 1 1 0 0 0 0 0 0 0 0 0 0
249 1004148 0 0 0 0 0 0 0 0 0 0 0 0
274 1004148 0 0 0 0 0 0 0 0 0 0 0 0
275 1004148 0 0 0 0 0 0 0 0 0 0 0 0
276 1004148 0 0 0 0 0 0 0 0 0 0 0 0
278 1004148 0 0 0 0 0 0 0 0 0 0 0 0
279 1004148 0 0 0 0 0 0 0 0 0 0 0 0
283 1003969 0 0 1003969 1 0 0 0 0 0 0 0 0
287 1003969 0 0 1003969 467 0 0 0 0 0 0 0 0
289 1003969 0 0 0 0 0 0 0 0 0 0 0 0
291 1003969 0 0 0 0 0 0 0 0 0 0 0 0
294 1003969 0 0 0 0 0 0 0 0 0 0 0 0
303 1003969 1 1 0 0 0 0 0 0 0 0 0 0
304 1003969 0 0 0 0 0 0 0 0 1003969 0 0 0
308 1003969 0 0 0 0 0 0 0 0 0 0 0 0
318 1003969 0 0 1003969 0 0 0 0 0 0 0 0 0
319 1003969 0 0 1003969 0 0 0 0 0 0 0 0 0
322 1003969 0 0 0 0 0 0 0 0 0 0 0 0
326 2007938 0 0 1003969 0 0 0 0 0 0 0 0 0
524 3 1 1 0 0 0 0 0 0 0 0 0 0
525 3 1 1 0 0 0 0 0 0 0 0 0 0
526 6 0 0 0 0 0 0 0 0 0 0 0 0
538 3 0 0 0 0 0 0 0 0 0 0 0 0
539 3 0 0 0 0 0 0 0 0 0 0 0 0
542 3 0 0 0 0 0 0 0 0 0 0 0 0
543 3 0 0 0 0 0 0 0 0 3 0 0 0
547 3 0 0 3 0 0 0 0 0 0 0 0 0
548 3 0 0 3 0 0 0 0 0 0 0 0 0
549 3 0 0 3 3 0 0 0 0 0 0 0 0
550 3 0 0 3 0 0 0 0 0 0 0 0 0
553 3 0 0 3 0 0 0 0 0 0 0 0 0
554 3 0 0 3 0 0 0 0 0 0 0 0 0
555 3 1 1 3 0 0 0 0 0 0 0 0 0
556 3 0 0 3 0 0 0 0 0 0 0 0 0
560 3 0 0 0 0 0 0 0 0 0 0 0 0
563 3 0 0 0 0 0 0 0 0 0 0 0 0
564 3 0 0 0 0 0 0 0 0 0 0 0 0
565 3 0 0 0 0 0 0 0 0 0 0 0 0
567 3 0 0 0 0 0 0 0 0 0 0 0 0
568 3 0 0 0 0 0 0 0 0 0 0 0 0
571 3 0 0 0 0 0 0 0 0 0 0 0 0
574 3 0 0 0 0 0 0 0 0 0 0 0 0
575 3 0 0 0 0 0 0 0 0 0 0 0 0
576 3 0 0 0 0 0 0 0 0 0 0 0 0
577 3 0 0 0 0 0 0 0 0 3 0 0 0
580 3 0 0 0 0 0 0 0 0 0 0 0 0
581 3 0 0 0 0 0 0 0 0 0 0 0 0
582 3 0 0 0 0 0 0 0 0 0 0 0 0
583 3 0 0 0 0 0 0 0 0 3 3 0 0
652 3 1 1 0 0 0 0 0 0 0 0 0 0
668 3 0 0 3 0 0 0 0 0 0 0 0 0
669 3 0 0 3 0 0 0 0 0 0 0 0 0
672 3 0 0 0 0 0 0 0 0 0 0 0 0
673 3 1 1 0 0 0 0 0 0 0 0 0 0
674 3 0 0 0 0 0 0 0 0 0 0 0 0
677 6 0 0 3 0 0 0 0 0 0 0 0 0
953 1004148 1 1 0 0 0 0 0 0 0 0 0 0
954 1004148 0 0 0 0 0 0 0 0 1004148 909 0 0
957 874 0 0 0 0 0 0 0 0 0 0 0 0
958 874 0 0 0 0 0 0 0 0 0 0 0 0
959 874 0 0 0 0 0 0 0 0 0 0 0 0
960 874 0 0 0 0 0 0 0 0 0 0 0 0
962 874 0 0 0 0 0 0 0 0 0 0 0 0
965 874 0 0 0 0 0 0 0 0 0 0 0 0
966 874 0 0 0 0 0 0 0 0 874 99 0 0
970 619 0 0 0 0 0 0 0 0 0 0 0 0
971 619 0 0 0 0 0 0 0 0 619 55 0 0
980 125 1 1 0 0 0 0 0 0 0 0 0 0
984 125 0 0 0 0 0 0 0 0 0 0 0 0
985 221 0 0 0 0 0 0 0 0 125 22 0 0
993 138 0 0 138 14 0 0 0 0 0 0 0 0
994 138 0 0 138 15 0 0 0 0 0 0 0 0
995 138 0 0 0 0 0 0 0 0 0 0 0 0
996 138 0 0 0 0 0 0 0 0 0 0 0 0
997 138 0 0 0 0 0 0 0 0 0 0 0 0
998 138 0 0 0 0 0 0 0 0 0 0 0 0
1000 138 0 0 0 0 0 0 0 0 138 3 0 0
1035 172 1 1 0 0 0 0 0 0 0 0 0 0
1036 172 0 0 0 0 0 0 0 0 0 0 0 0
1047 172 0 0 172 0 0 0 0 0 0 0 0 0
1048 172 0 0 172 0 0 0 0 0 0 0 0 0
1051 172 0 0 0 0 0 0 0 0 0 0 0 0
1052 172 0 0 0 0 0 0 0 0 0 0 0 0
1053 172 0 0 0 0 0 0 0 0 0 0 0 0
1056 344 0 0 172 0 0 0 0 0 0 0 0 0
1076 255 0 0 0 0 0 0 0 0 0 0 0 0
1077 255 0 0 0 0 0 0 0 0 255 59 0 0
1080 54 0 0 0 0 0 0 0 0 0 0 0 0
1081 54 0 0 0 0 0 0 0 0 0 0 0 0
1082 54 0 0 0 0 0 0 0 0 0 0 0 0
1083 54 0 0 0 0 0 0 0 0 0 0 0 0
1089 54 0 0 0 0 0 0 0 0 0 0 0 0
1091 54 0 0 0 0 0 0 0 0 0 0 0 0
1094 54 0 0 0 0 0 0 0 0 0 0 0 0
1095 54 0 0 0 0 0 0 0 0 54 18 0 0
1100 41 1 1 0 0 0 0 0 0 0 0 0 0
1101 41 0 0 0 0 0 0 0 0 41 17 0 0
1103 16 0 0 16 1 0 0 0 0 0 0 0 0
1104 16 0 0 16 1 0 0 0 0 0 0 0 0
1105 16 0 0 0 0 0 0 0 0 0 0 0 0
1106 16 0 0 0 0 0 0 0 0 0 0 0 0
1107 16 0 0 0 0 0 0 0 0 0 0 0 0
1108 16 0 0 0 0 0 0 0 0 0 0 0 0
1109 16 0 0 0 0 0 0 0 0 16 4 0 0
1154 25 1 1 0 0 0 0 0 0 0 0 0 0
1155 25 0 0 0 0 0 0 0 0 25 10 0 0
1157 16 0 0 16 1 0 0 0 0 0 0 0 0
1158 16 0 0 16 2 0 0 0 0 0 0 0 0
1159 16 1 1 0 0 0 0 0 0 0 0 0 0
1160 16 0 0 0 0 0 0 0 0 0 0 0 0
1161 16 0 0 0 0 0 0 0 0 0 0 0 0
1162 16 0 0 0 0 0 0 0 0 0 0 0 0
1163 16 0 0 0 0 0 0 0 0 0 0 0 0
1164 16 0 0 0 0 0 0 0 0 16 4 0 0
1171 1 0 0 0 0 0 0 0 0 0 0 0 0
1173 1 0 0 0 0 0 0 0 0 0 0 0 0
1177 1 0 0 1 0 0 0 0 0 0 0 0 0
1178 1 0 0 1 0 0 0 0 0 0 0 0 0
1179 1 0 0 0 0 0 0 0 0 0 0 0 0
1180 1 0 0 0 0 0 0 0 0 0 0 0 0
1181 1 0 0 0 0 0 0 0 0 0 0 0 0
1182 1 0 0 0 0 0 0 0 0 0 0 0 0
1183 1 0 0 0 0 0 0 0 0 0 0 0 0
1184 1 0 0 0 0 0 0 0 0 1 0 0 0
1195 1 1 1 0 0 0 0 0 0 0 0 0 0
1196 1 0 0 0 0 0 0 0 0 0 0 0 0
1198 1 0 0 0 0 0 0 0 0 0 0 0 0
1230 9 0 0 0 0 0 0 0 0 0 0 0 0
1231 9 0 0 0 0 0 0 0 0 9 6 0 0
1233 3 0 0 3 0 0 0 0 0 0 0 0 0
1234 3 0 0 3 0 0 0 0 0 0 0 0 0
1235 3 0 0 0 0 0 0 0 0 0 0 0 0
1236 3 0 0 0 0 0 0 0 0 0 0 0 0
1237 3 0 0 0 0 0 0 0 0 0 0 0 0
1238 3 0 0 0 0 0 0 0 0 0 0 0 0
1239 3 0 0 0 0 0 0 0 0 0 0 0 0
1240 3 0 0 0 0 0 0 0 0 3 1 0 0
1246 2 0 0 0 0 0 0 0 0 0 0 0 0
1248 2 0 0 0 0 0 0 0 0 0 0 0 0
1252 2 1 1 2 0 0 0 0 0 0 0 0 0
1253 2 0 0 2 0 0 0 0 0 0 0 0 0
1254 2 0 0 0 0 0 0 0 0 0 0 0 0
1255 2 0 0 0 0 0 0 0 0 0 0 0 0
1256 2 0 0 0 0 0 0 0 0 0 0 0 0
1257 2 0 0 0 0 0 0 0 0 0 0 0 0
1258 2 0 0 0 0 0 0 0 0 0 0 0 0
1259 2 0 0 0 0 0 0 0 0 2 2 0 0
1284 6 0 0 0 0 0 0 0 0 0 0 0 0
1287 8 0 0 8 0 0 0 0 0 0 0 0 0
1288 8 0 0 8 0 0 0 0 0 0 0 0 0
1291 8 0 0 0 0 0 0 0 0 0 0 0 0
1292 8 0 0 0 0 0 0 0 0 8 3 0 0
1293 5 0 0 0 0 0 0 0 0 0 0 0 0
1294 5 0 0 0 0 0 0 0 0 5 1 0 0
1299 4 0 0 0 0 0 0 0 0 0 0 0 0
1301 4 0 0 0 0 0 0 0 0 0 0 0 0
1302 4 0 0 0 0 0 0 0 0 4 2 0 0
1303 2 0 0 0 0 0 0 0 0 0 0 0 0
1304 2 0 0 0 0 0 0 0 0 0 0 0 0
1308 2 0 0 0 0 0 0 0 0 0 0 0 0
1311 1 0 0 0 0 0 0 0 0 0 0 0 0
1312 1 0 0 1 0 0 0 0 0 0 0 0 0
1314 3 1 1 0 0 0 0 0 0 0 0 0 0
1315 3 0 0 0 0 0 0 0 0 0 0 0 0
1316 3 0 0 3 0 0 0 0 0 0 0 0 0
fl=./string/../sysdeps/x86_64/multiarch/strcmp.c
fn=strcmp
47 8 0 0 0 0 0 0 0 0 0 0 0 0
48 4 0 0 4 0 0 0 0 0 0 0 0 0
49 6 1 1 2 0 0 0 0 0 2 0 0 0
52 4 0 0 0 0 0 0 0 0 0 0 0 0
53 4 1 1 0 0 0 0 0 0 2 2 0 0
56 6 0 0 0 0 0 0 0 0 2 0 0 0
59 6 0 0 0 0 0 0 0 0 2 0 0 0
79 6 2 1 2 0 0 0 0 0 0 0 0 0
fl=./string/../sysdeps/x86_64/multiarch/strcpy.c
fn=strcpy
29 3 1 1 1 0 0 0 0 0 0 0 0 0
fl=./string/../sysdeps/x86_64/multiarch/strcspn.c
fn=strcspn
29 2 1 1 1 0 0 0 0 0 0 0 0 0
fl=./string/../sysdeps/x86_64/multiarch/strlen-avx2.S
fn=__strlen_avx2
52 1005757 1 1 0 0 0 0 0 0 0 0 0 0
65 1005757 0 0 0 0 0 0 0 0 0 0 0 0
66 1005757 0 0 0 0 0 0 0 0 0 0 0 0
67 1005757 0 0 0 0 0 0 0 0 0 0 0 0
70 1005757 0 0 0 0 0 0 0 0 0 0 0 0
72 1005757 0 0 0 0 0 0 0 0 0 0 0 0
73 1005757 0 0 0 0 0 0 0 0 1005757 10 0 0
76 1005717 0 0 1005717 455 1 0 0 0 0 0 0 0
77 1005717 0 0 0 0 0 0 0 0 0 0 0 0
85 1005717 0 0 0 0 0 0 0 0 0 0 0 0
86 1005717 0 0 0 0 0 0 0 0 1005717 0 0 0
87 1005717 0 0 0 0 0 0 0 0 0 0 0 0
92 2011434 0 0 1005717 0 0 0 0 0 0 0 0 0
118 6 1 1 0 0 0 0 0 0 0 0 0 0
131 6 0 0 0 0 0 0 0 0 0 0 0 0
132 6 0 0 0 0 0 0 0 0 0 0 0 0
133 6 0 0 0 0 0 0 0 0 0 0 0 0
139 12 0 0 6 0 0 0 0 0 0 0 0 0
236 6 1 1 6 6 0 0 0 0 0 0 0 0
242 6 0 0 0 0 0 0 0 0 0 0 0 0
243 6 0 0 0 0 0 0 0 0 0 0 0 0
244 6 0 0 0 0 0 0 0 0 6 1 0 0
511 40 1 1 0 0 0 0 0 0 0 0 0 0
512 40 0 0 40 0 0 0 0 0 0 0 0 0
513 40 0 0 0 0 0 0 0 0 0 0 0 0
516 40 0 0 0 0 0 0 0 0 0 0 0 0
531 40 0 0 0 0 0 0 0 0 0 0 0 0
532 40 0 0 0 0 0 0 0 0 40 6 0 0
533 34 0 0 0 0 0 0 0 0 0 0 0 0
540 68 0 0 34 0 0 0 0 0 0 0 0 0
fl=./string/../sysdeps/x86_64/multiarch/strlen.c
fn=strlen
29 6 1 1 2 0 0 0 0 0 0 0 0 0
fl=./string/../sysdeps/x86_64/multiarch/strncase.c
fn=strncasecmp
31 3 0 0 1 0 0 0 0 0 0 0 0 0
fl=./string/../sysdeps/x86_64/multiarch/strncase_l.c
fn=strncasecmp_l
31 3 1 1 1 0 0 0 0 0 0 0 0 0
fl=./string/../sysdeps/x86_64/multiarch/strncmp.c
fn=strncmp
43 4 0 0 0 0 0 0 0 0 1 1 0 0
44 2 0 0 2 0 0 0 0 0 0 0 0 0
45 3 1 1 1 0 0 0 0 0 1 0 0 0
48 2 0 0 0 0 0 0 0 0 0 0 0 0
49 2 0 0 0 0 0 0 0 0 1 1 0 0
52 3 0 0 0 0 0 0 0 0 1 0 0 0
55 5 1 1 0 0 0 0 0 0 1 0 0 0
67 3 1 1 1 0 0 0 0 0 0 0 0 0
fl=./string/../sysdeps/x86_64/multiarch/strncpy.c
fn=strncpy
29 3 1 1 1 0 0 0 0 0 0 0 0 0
fl=./string/../sysdeps/x86_64/multiarch/strnlen.c
fn=strnlen
31 6 1 1 2 0 0 0 0 0 0 0 0 0
fl=./string/../sysdeps/x86_64/multiarch/strpbrk.c
fn=strpbrk
29 2 1 1 1 0 0 0 0 0 0 0 0 0
fl=./string/../sysdeps/x86_64/multiarch/strrchr-avx2.S
fn=__strrchr_avx2
53 1 1 1 0 0 0 0 0 0 0 0 0 0
54 1 0 0 0 0 0 0 0 0 0 0 0 0
55 1 0 0 0 0 0 0 0 0 0 0 0 0
57 1 0 0 0 0 0 0 0 0 0 0 0 0
58 1 1 1 0 0 0 0 0 0 0 0 0 0
62 1 0 0 0 0 0 0 0 0 0 0 0 0
63 1 0 0 0 0 0 0 0 0 0 0 0 0
64 1 0 0 0 0 0 0 0 0 1 0 0 0
67 1 0 0 1 1 0 0 0 0 0 0 0 0
69 1 0 0 0 0 0 0 0 0 0 0 0 0
70 1 0 0 0 0 0 0 0 0 0 0 0 0
71 1 0 0 0 0 0 0 0 0 0 0 0 0
72 1 0 0 0 0 0 0 0 0 1 0 0 0
75 1 0 0 0 0 0 0 0 0 0 0 0 0
76 1 0 0 0 0 0 0 0 0 0 0 0 0
78 1 0 0 0 0 0 0 0 0 0 0 0 0
79 1 0 0 0 0 0 0 0 0 0 0 0 0
80 1 0 0 0 0 0 0 0 0 1 0 0 0
81 1 0 0 0 0 0 0 0 0 0 0 0 0
82 1 0 0 0 0 0 0 0 0 0 0 0 0
91 2 0 0 1 0 0 0 0 0 0 0 0 0
fl=./string/../sysdeps/x86_64/multiarch/strrchr.c
fn=rindex
28 3 0 0 1 0 0 0 0 0 0 0 0 0
fl=./string/../sysdeps/x86_64/multiarch/strspn.c
fn=strspn
29 2 1 1 1 0 0 0 0 0 0 0 0 0
fl=./string/./string/strdup.c
fn=strdup
40 18 1 1 0 0 0 9 0 0 0 0 0 0
41 6 0 0 0 0 0 3 0 0 0 0 0 0
44 6 1 1 0 0 0 0 0 0 3 0 0 0
47 12 0 0 0 0 0 0 0 0 0 0 0 0
48 9 0 0 9 0 0 0 0 0 0 0 0 0
fl=./wcsmbs/../sysdeps/x86_64/multiarch/ifunc-avx2.h
fn=wcschr
38 8 1 1 0 0 0 0 0 0 2 2 0 0
40 6 0 0 4 0 0 0 0 0 0 0 0 0
41 4 0 0 2 0 0 0 0 0 2 0 0 0
42 6 0 0 2 0 0 0 0 0 2 0 0 0
45 4 0 0 0 0 0 0 0 0 0 0 0 0
46 4 0 0 0 0 0 0 0 0 2 2 0 0
49 6 0 0 0 0 0 0 0 0 2 0 0 0
52 12 1 1 0 0 0 0 0 0 0 0 0 0
fn=wcscmp
38 4 0 0 0 0 0 0 0 0 1 1 0 0
40 3 0 0 2 0 0 0 0 0 0 0 0 0
41 2 1 1 1 0 0 0 0 0 1 0 0 0
42 3 0 0 1 0 0 0 0 0 1 0 0 0
45 2 0 0 0 0 0 0 0 0 0 0 0 0
46 2 0 0 0 0 0 0 0 0 1 1 0 0
49 3 0 0 0 0 0 0 0 0 1 0 0 0
52 6 1 1 0 0 0 0 0 0 0 0 0 0
fl=./wcsmbs/../sysdeps/x86_64/multiarch/ifunc-evex.h
fn=wmemchr
37 8 0 0 0 0 0 0 0 0 2 2 0 0
38 6 1 1 4 0 0 0 0 0 0 0 0 0
39 6 0 0 2 0 0 0 0 0 2 0 0 0
42 4 0 0 0 0 0 0 0 0 0 0 0 0
43 4 1 1 0 0 0 0 0 0 2 2 0 0
45 4 0 0 0 0 0 0 0 0 0 0 0 0
51 6 0 0 0 0 0 0 0 0 2 0 0 0
54 8 0 0 0 0 0 0 0 0 0 0 0 0
fl=./wcsmbs/../sysdeps/x86_64/multiarch/ifunc-memcmp.h
fn=wmemcmp
34 5 1 1 2 0 0 0 0 0 1 0 0 0
35 2 0 0 1 0 0 0 0 0 1 0 0 0
36 2 0 0 0 0 0 0 0 0 1 0 0 0
37 3 0 0 1 0 0 0 0 0 1 0 0 0
40 2 0 0 0 0 0 0 0 0 0 0 0 0
41 2 0 0 0 0 0 0 0 0 1 1 0 0
44 3 0 0 0 0 0 0 0 0 1 0 0 0
47 4 0 0 0 0 0 0 0 0 0 0 0 0
fl=./wcsmbs/../sysdeps/x86_64/multiarch/ifunc-wcs.h
fn=wcpncpy
39 4 1 1 0 0 0 0 0 0 1 1 0 0
40 3 0 0 2 0 0 0 0 0 0 0 0 0
41 3 0 0 1 0 0 0 0 0 1 0 0 0
44 2 0 0 0 0 0 0 0 0 0 0 0 0
45 3 0 0 0 0 0 0 0 0 1 1 0 0
48 4 0 0 0 0 0 0 0 0 0 0 0 0
fn=wcscat
39 4 0 0 0 0 0 0 0 0 1 1 0 0
40 3 0 0 2 0 0 0 0 0 0 0 0 0
41 3 0 0 1 0 0 0 0 0 1 0 0 0
44 2 0 0 0 0 0 0 0 0 0 0 0 0
45 3 0 0 0 0 0 0 0 0 1 1 0 0
48 4 0 0 0 0 0 0 0 0 0 0 0 0
fn=wcsncpy
39 4 0 0 0 0 0 0 0 0 1 1 0 0
40 3 0 0 2 0 0 0 0 0 0 0 0 0
41 3 0 0 1 0 0 0 0 0 1 0 0 0
44 2 0 0 0 0 0 0 0 0 0 0 0 0
45 3 0 0 0 0 0 0 0 0 1 1 0 0
48 4 0 0 0 0 0 0 0 0 0 0 0 0
fl=./wcsmbs/../sysdeps/x86_64/multiarch/ifunc-wcslen.h
fn=wcslen
40 4 0 0 0 0 0 0 0 0 1 1 0 0
41 2 0 0 2 0 0 0 0 0 0 0 0 0
42 3 1 1 1 0 0 0 0 0 1 0 0 0
45 2 0 0 0 0 0 0 0 0 0 0 0 0
46 2 0 0 0 0 0 0 0 0 1 1 0 0
49 3 0 0 0 0 0 0 0 0 1 0 0 0
52 3 0 0 0 0 0 0 0 0 1 0 0 0
fn=wcsnlen
40 4 0 0 0 0 0 0 0 0 1 1 0 0
41 2 1 1 2 0 0 0 0 0 0 0 0 0
42 3 0 0 1 0 0 0 0 0 1 0 0 0
45 2 1 1 0 0 0 0 0 0 0 0 0 0
46 2 0 0 0 0 0 0 0 0 1 1 0 0
49 3 0 0 0 0 0 0 0 0 1 0 0 0
52 3 0 0 0 0 0 0 0 0 1 0 0 0
fl=./wcsmbs/../sysdeps/x86_64/multiarch/ifunc-wmemset.h
fn=wmemset
36 10 0 0 4 0 0 0 0 0 2 0 0 0
37 6 1 1 2 0 0 0 0 0 2 2 0 0
fl=./wcsmbs/../sysdeps/x86_64/multiarch/wcpcpy.c
fn=wcpncpy
31 1 1 1 0 0 0 0 0 0 0 0 0 0
fl=./wcsmbs/../sysdeps/x86_64/multiarch/wcpncpy.c
fn=wcpncpy
31 1 0 0 1 0 0 0 0 0 0 0 0 0
fl=./wcsmbs/../sysdeps/x86_64/multiarch/wcscat.c
fn=wcscat
31 2 1 1 1 0 0 0 0 0 0 0 0 0
fn=wcschr
31 2 1 1 0 0 0 0 0 0 0 0 0 0
fl=./wcsmbs/../sysdeps/x86_64/multiarch/wcschr.c
fn=wcschr
31 4 0 0 2 0 0 0 0 0 0 0 0 0
fl=./wcsmbs/../sysdeps/x86_64/multiarch/wcscmp.c
fn=wcscmp
30 3 1 1 1 0 0 0 0 0 0 0 0 0
fl=./wcsmbs/../sysdeps/x86_64/multiarch/wcscpy.c
fn=wcscpy
42 4 0 0 0 0 0 0 0 0 1 1 0 0
43 2 1 1 2 0 0 0 0 0 0 0 0 0
44 3 0 0 1 0 0 0 0 0 1 0 0 0
46 2 1 1 0 0 0 0 0 0 0 0 0 0
47 3 0 0 0 0 0 0 0 0 1 1 0 0
50 3 0 0 0 0 0 0 0 0 1 0 0 0
60 2 1 1 1 0 0 0 0 0 0 0 0 0
fl=./wcsmbs/../sysdeps/x86_64/multiarch/wcslen.c
fn=wcslen
29 3 2 2 1 0 0 0 0 0 0 0 0 0
fl=./wcsmbs/../sysdeps/x86_64/multiarch/wcsncpy.c
fn=wcsncpy
31 2 1 1 1 0 0 0 0 0 0 0 0 0
fl=./wcsmbs/../sysdeps/x86_64/multiarch/wcsnlen.c
fn=wcsnlen
30 3 1 1 1 0 0 0 0 0 0 0 0 0
fl=./wcsmbs/../sysdeps/x86_64/multiarch/wmemchr.c
fn=wmemchr
31 4 1 1 2 0 0 0 0 0 0 0 0 0
fl=./wcsmbs/../sysdeps/x86_64/multiarch/wmemcmp.c
fn=wmemcmp
29 4 1 1 1 0 0 0 0 0 0 0 0 0
fl=./wcsmbs/../sysdeps/x86_64/multiarch/wmemset.c
fn=wmemset
31 4 1 1 2 0 0 0 0 0 0 0 0 0
fl=/mnt/c/Users/User/OneDrive/Workspace/additional course/HASH_TABLE/src/hash.cpp
fn=crc32(char*)
159 5028785 1 1 0 0 0 2011514 0 0 0 0 0 0
160 2011514 0 0 1005757 0 0 0 0 0 1005757 14 0 0
165 2011514 1 1 1005757 0 0 1005757 0 0 0 0 0 0
166 1005757 0 0 0 0 0 1005757 0 0 0 0 0 0
168 4023028 0 0 1005757 0 0 2011514 0 0 0 0 0 0
170 17123869 1 1 11082827 0 0 1005757 0 0 4029528 6698 0 0
171 18142626 0 0 12095084 0 0 0 0 0 0 0 0 0
173 84665588 0 0 51404107 0 0 3023771 0 0 27213939 1027276 0 0
174 96760672 0 0 24190168 0 0 0 0 0 24190168 6093669 0 0
175 60487850 0 0 12097570 0 0 12097570 0 0 0 0 0 0
178 12092598 0 0 12092598 0 0 0 0 0 0 0 0 0
182 3017271 0 0 1005757 0 0 0 0 0 0 0 0 0
183 2011514 0 0 2011514 0 0 0 0 0 0 0 0 0
fn=make_table(table_t*, char*, unsigned long, unsigned long (*)(char*))
4 8 1 1 0 0 0 5 0 0 0 0 0 0
5 4 0 0 2 0 0 0 0 0 2 1 0 0
9 2 1 1 1 0 0 1 0 0 0 0 0 0
11 23033 2 2 17273 0 0 1 0 0 5758 17 0 0
12 5757 0 0 0 0 0 5757 0 0 0 0 0 0
13 28785 0 0 11514 0 0 11514 0 0 0 0 5757 1
14 23028 0 0 17271 0 0 0 0 0 5757 4 0 0
15 31410 1 1 15705 0 0 5235 0 0 0 0 0 0
18 87840 1 1 46947 2515 0 11811 0 0 11811 2052 0 0
19 72804 0 0 32254 3425 0 4148 0 0 14053 341 0 0
20 3851 0 0 0 0 0 3851 0 0 0 0 0 0
21 3851 0 0 0 0 0 0 0 0 0 0 0 0
24 11514 0 0 5757 0 0 0 0 0 5757 47 0 0
25 17154 0 0 7624 0 0 1906 0 0 0 0 0 0
27 34542 0 0 5757 0 0 11514 0 0 0 0 0 0
29 1 0 0 0 0 0 0 0 0 0 0 0 0
30 2 0 0 2 1 0 0 0 0 0 0 0 0
fn=search(table_t*, char*, unsigned long (*)(char*))
32 7000000 0 0 0 0 0 4000000 0 0 0 0 0 0
33 4000000 0 0 2000000 0 0 0 0 0 2000000 3 0 0
37 1000000 1 1 0 0 0 1000000 0 0 0 0 0 0
38 5000000 0 0 2000000 0 0 2000000 1 0 0 0 1000000 1
39 4000000 0 0 3000000 0 0 0 0 0 1000000 0 0 0
40 6000000 1 1 3000000 0 0 1000000 0 0 0 0 0 0
42 1000000 0 0 0 0 0 1000000 0 0 0 0 0 0
43 15000000 0 0 8000000 2 0 2000000 0 0 2000000 4 0 0
44 12000000 0 0 5000000 1 0 1000000 0 0 3000000 2 0 0
45 2000000 0 0 1000000 0 0 1000000 0 0 0 0 0 0
46 1000000 0 0 0 0 0 0 0 0 0 0 0 0
48 1000000 0 0 1000000 0 0 0 0 0 0 0 0 0
50 1000000 0 0 1000000 0 0 0 0 0 0 0 0 0
51 2000000 0 0 2000000 0 0 0 0 0 0 0 0 0
fn=table_destroy(table_t*)
77 5 0 0 0 0 0 2 0 0 0 0 0 0
78 2 0 0 1 0 0 0 0 0 1 1 0 0
82 2 1 1 1 0 0 0 0 0 1 1 0 0
85 50006 1 1 40003 0 0 1 0 0 10001 4 0 0
86 70000 0 0 30000 0 0 10000 0 0 0 0 0 0
88 4 0 0 2 0 0 1 0 0 0 0 0 0
89 1 0 0 0 0 0 0 0 0 0 0 0 0
90 2 0 0 2 1 0 0 0 0 0 0 0 0
fn=table_dump(table_t*, _IO_FILE*)
53 6 2 2 0 0 0 3 0 0 0 0 0 0
54 4 0 0 2 0 0 0 0 0 2 1 0 0
58 50006 0 0 40003 0 0 1 0 0 10001 7 0 0
59 120000 0 0 60000 2481 0 10000 0 0 0 0 0 0
61 1 0 0 0 0 0 0 0 0 0 0 0 0
62 2 0 0 2 1 0 0 0 0 0 0 0 0
fn=table_init(table_t*, unsigned long)
64 6 1 1 0 0 0 3 0 0 0 0 0 0
65 2 0 0 1 0 0 0 0 0 1 1 0 0
69 7 1 1 2 0 0 2 0 0 0 0 0 0
70 3 0 0 2 0 0 1 0 0 0 0 0 0
71 50006 1 1 40003 0 0 1 0 0 10001 4 0 0
72 80000 0 0 30000 0 0 10000 0 0 0 0 0 0
74 1 0 0 0 0 0 0 0 0 0 0 0 0
75 2 0 0 2 1 0 0 0 0 0 0 0 0
fl=/mnt/c/Users/User/OneDrive/Workspace/additional course/HASH_TABLE/src/list_func.cpp
fn=list_destroy(list_t*)
16 50000 0 0 0 0 0 20000 0 0 0 0 0 0
17 20000 0 0 10000 0 0 0 0 0 10000 0 0 0
18 40000 0 0 20000 2501 0 0 0 0 10000 1 0 0
19 93812 1 1 41906 0 0 10000 0 0 21906 2092 0 0
20 35718 0 0 23812 1648 0 11906 0 0 0 0 0 0
21 35718 0 0 11906 0 0 11906 0 0 0 0 0 0
22 23812 0 0 11906 0 0 11906 0 0 0 0 0 0
34 10000 0 0 0 0 0 0 0 0 0 0 0 0
35 20000 0 0 20000 0 0 0 0 0 0 0 0 0
fn=list_init(list_t*, char*)
3 60000 0 0 0 0 0 30000 0 0 0 0 0 0
4 20000 1 1 10000 0 0 0 0 0 10000 0 0 0
5 60000 0 0 10000 0 0 20000 2500 2500 0 0 0 0
6 40000 0 0 30000 0 0 10000 0 0 0 0 0 0
7 30000 0 0 20000 0 0 10000 0 0 0 0 0 0
13 20000 0 0 0 0 0 0 0 0 0 0 0 0
14 20000 1 1 20000 0 0 0 0 0 0 0 0 0
fn=list_insert(list_t*, char*)
37 11436 1 1 0 0 0 5718 0 0 0 0 0 0
40 3812 1 1 1906 0 0 0 0 0 1906 0 0 0
41 9530 0 0 5718 0 0 1906 0 0 0 0 0 0
42 5718 0 0 3812 0 0 1906 0 0 0 0 0 0
43 5718 0 0 3812 0 0 1906 0 0 0 0 0 0
45 11436 1 1 1906 0 0 3812 0 0 0 0 0 0
46 7624 0 0 5718 0 0 1906 0 0 0 0 0 0
47 7624 0 0 5718 0 0 1906 0 0 0 0 0 0
54 3812 0 0 0 0 0 0 0 0 0 0 0 0
55 3812 1 1 3812 0 0 0 0 0 0 0 0 0
fl=/mnt/c/Users/User/OneDrive/Workspace/additional course/HASH_TABLE/src/main.cpp
fn=main
3 7 1 1 1 0 0 2 0 0 0 0 0 0
4 1 0 0 0 0 0 1 1 0 0 0 0 0
5 6 1 1 0 0 0 2 0 0 0 0 0 0
6 6 0 0 0 0 0 2 0 0 0 0 0 0
7 2 0 0 1 0 0 0 0 0 1 1 0 0
8 2 1 1 1 0 0 0 0 0 1 1 0 0
9 6 1 1 1 0 0 2 0 0 0 0 0 0
10 2 0 0 0 0 0 2 0 0 0 0 0 0
11 4 0 0 0 0 0 1 0 0 0 0 0 0
12 6 1 1 2 0 0 1 0 0 0 0 0 0
13 5 0 0 1 0 0 1 0 0 0 0 0 0
14 3000004 1 1 2000001 0 0 1 0 0 1000001 4 0 0
15 2000000 0 0 0 0 0 1000000 0 0 0 0 0 0
16 6000000 0 0 1000000 0 0 1000000 0 0 0 0 0 0
18 3 0 0 0 0 0 1 0 0 0 0 0 0
19 3 1 1 1 0 0 1 0 0 0 0 0 0
20 1 0 0 0 0 0 0 0 0 0 0 0 0
21 5 0 0 4 0 0 0 0 0 1 1 0 0
fl=/mnt/c/Users/User/OneDrive/Workspace/additional course/HASH_TABLE/src/read_buffer.cpp
fn=read_buffer(_IO_FILE*, unsigned long*)
3 9 1 1 1 0 0 4 0 0 0 0 0 0
4 2 1 1 1 0 0 0 0 0 1 1 0 0
5 23 1 1 0 0 0 18 0 0 18 6 0 0
7 1 0 0 0 0 0 1 0 0 0 0 0 0
8 4 0 0 1 0 0 2 0 0 0 0 0 0
9 5 0 0 1 0 0 1 0 0 0 0 0 0
11 2 1 1 1 0 0 1 0 0 0 0 0 0
13 6 0 0 1 0 0 2 0 0 0 0 0 0
14 2 0 0 1 0 0 0 0 0 1 1 0 0
16 2 1 1 1 0 0 0 0 0 1 0 0 0
17 4 0 0 2 0 0 1 0 0 0 0 0 0
18 10 1 1 3 0 0 1 0 0 1 1 0 0
27 1 1 1 0 0 0 1 0 0 0 0 0 0
29 34550 2 2 17274 3 0 1 0 0 5758 5 0 0
30 96720 2 2 48360 0 0 0 0 0 16120 5 0 0
31 13866 1 1 6933 2 0 0 0 0 2311 3 0 0
32 2316 0 0 1158 0 0 579 0 0 0 0 0 0
33 579 0 0 579 0 0 0 0 0 0 0 0 0
35 3462 0 0 1731 0 0 0 0 0 577 1 0 0
36 1 0 0 0 0 0 0 0 0 0 0 0 0
39 704568 2 2 351996 9 0 0 0 0 117332 5895 0 0
40 26166 0 0 26166 0 0 0 0 0 0 0 0 0
43 5757 0 0 5757 0 0 0 0 0 0 0 0 0
45 34542 0 0 17271 0 0 0 0 0 5757 0 0 0
46 23028 0 0 11514 0 0 5757 0 0 0 0 0 0
47 5757 0 0 5757 0 0 0 0 0 0 0 0 0
50 3 0 0 2 0 0 1 1 0 0 0 0 0
52 1 0 0 1 0 0 0 0 0 0 0 0 0
53 5 0 0 4 0 0 0 0 0 1 1 0 0
fl=???
fn=(below main)
0 12 1 1 2 0 0 3 0 0 0 0 1 1
fn=???
0 2189706 31 24 2119566 15 0 30 2 1 10 7 2119536 28
summary: 435635572 1549 1509 173096845 20932 1117 39321161 9500 9396 71583449 7196606 3165675 224
